2025-09-10 08:40:29,609 INFO  Logger.cs: 70 - 
--------------------------------------------------------------------------------
2025-09-10 08:40:29,645 INFO  Logger.cs: 71 - Logging commencing for SW2URDF exporter
2025-09-10 08:40:29,646 INFO  Logger.cs: 73 - Commit version 1.6.0-4-g7f85cfe
2025-09-10 08:40:29,646 INFO  Logger.cs: 74 - Build version 1.6.7995.38578
2025-09-10 08:40:29,665 INFO  SwAddin.cs: 192 - Attempting to connect to SW
2025-09-10 08:40:29,666 INFO  SwAddin.cs: 197 - Setting up callbacks
2025-09-10 08:40:29,666 INFO  SwAddin.cs: 201 - Setting up command manager
2025-09-10 08:40:29,667 INFO  SwAddin.cs: 204 - Adding command manager
2025-09-10 08:40:29,668 INFO  SwAddin.cs: 263 - Adding Assembly export to file menu
2025-09-10 08:40:29,669 INFO  SwAddin.cs: 272 - Adding Part export to file menu
2025-09-10 08:40:29,669 INFO  SwAddin.cs: 210 - Adding event handlers
2025-09-10 08:40:29,679 INFO  SwAddin.cs: 217 - Connecting plugin to SolidWorks
2025-09-10 08:41:20,546 INFO  SwAddin.cs: 294 - Assembly export called for file µ×ÅÌ×Ü×°_Mid360°æ
2025-09-10 08:41:21,885 INFO  SwAddin.cs: 313 - Saving assembly
2025-09-10 08:41:23,310 INFO  SwAddin.cs: 316 - Opening property manager
2025-09-10 08:41:23,320 INFO  ExportHelperExtension.cs: 1125 - Retrieving features of type [CoordSys] from µ×ÅÌ×Ü×°_Mid360°æ
2025-09-10 08:41:23,326 INFO  ExportHelperExtension.cs: 1136 - Found 481 in µ×ÅÌ×Ü×°_Mid360°æ
2025-09-10 08:41:23,327 INFO  ExportHelperExtension.cs: 1145 - Found 18 features of type [CoordSys] in µ×ÅÌ×Ü×°_Mid360°æ
2025-09-10 08:41:23,327 INFO  ExportHelperExtension.cs: 1148 - Proceeding through assembly components
2025-09-10 08:41:23,331 INFO  ExportHelperExtension.cs: 1160 - 108 components to check
2025-09-10 08:41:23,332 INFO  ExportHelperExtension.cs: 1125 - Retrieving features of type [CoordSys] from µ×ÅÌ-1
2025-09-10 08:41:23,333 INFO  ExportHelperExtension.cs: 1136 - Found 69 in µ×ÅÌ-1
2025-09-10 08:41:23,333 INFO  ExportHelperExtension.cs: 1145 - Found 0 features of type [CoordSys] in µ×ÅÌ-1
2025-09-10 08:41:23,333 INFO  ExportHelperExtension.cs: 1125 - Retrieving features of type [CoordSys] from ½»²æ¹ö×Ó-1
2025-09-10 08:41:23,333 INFO  ExportHelperExtension.cs: 1136 - Found 36 in ½»²æ¹ö×Ó-1
2025-09-10 08:41:23,334 INFO  ExportHelperExtension.cs: 1145 - Found 0 features of type [CoordSys] in ½»²æ¹ö×Ó-1
2025-09-10 08:41:23,334 INFO  ExportHelperExtension.cs: 1125 - Retrieving features of type [CoordSys] from °Ú±ÛÇ°Á¬½Ó¼þ-1
2025-09-10 08:41:23,334 INFO  ExportHelperExtension.cs: 1136 - Found 32 in °Ú±ÛÇ°Á¬½Ó¼þ-1
2025-09-10 08:41:23,334 INFO  ExportHelperExtension.cs: 1145 - Found 0 features of type [CoordSys] in °Ú±ÛÇ°Á¬½Ó¼þ-1
2025-09-10 08:41:23,335 INFO  ExportHelperExtension.cs: 1125 - Retrieving features of type [CoordSys] from ³¬Éù²¨Ì½Í·¹Ì¶¨¼þ-5
2025-09-10 08:41:23,335 INFO  ExportHelperExtension.cs: 1136 - Found 36 in ³¬Éù²¨Ì½Í·¹Ì¶¨¼þ-5
2025-09-10 08:41:23,335 INFO  ExportHelperExtension.cs: 1145 - Found 0 features of type [CoordSys] in ³¬Éù²¨Ì½Í·¹Ì¶¨¼þ-5
2025-09-10 08:41:23,335 INFO  ExportHelperExtension.cs: 1125 - Retrieving features of type [CoordSys] from ³¬Éù²¨Ì½Í·¹Ì¶¨¼þ-6
2025-09-10 08:41:23,335 INFO  ExportHelperExtension.cs: 1136 - Found 36 in ³¬Éù²¨Ì½Í·¹Ì¶¨¼þ-6
2025-09-10 08:41:23,336 INFO  ExportHelperExtension.cs: 1145 - Found 0 features of type [CoordSys] in ³¬Éù²¨Ì½Í·¹Ì¶¨¼þ-6
2025-09-10 08:41:23,336 INFO  ExportHelperExtension.cs: 1125 - Retrieving features of type [CoordSys] from ³¬Éù²¨Ì½Í·¹Ì¶¨¼þ-7
2025-09-10 08:41:23,336 INFO  ExportHelperExtension.cs: 1136 - Found 36 in ³¬Éù²¨Ì½Í·¹Ì¶¨¼þ-7
2025-09-10 08:41:23,336 INFO  ExportHelperExtension.cs: 1145 - Found 0 features of type [CoordSys] in ³¬Éù²¨Ì½Í·¹Ì¶¨¼þ-7
2025-09-10 08:41:23,336 INFO  ExportHelperExtension.cs: 1125 - Retrieving features of type [CoordSys] from ³¬Éù²¨Ì½Í·¹Ì¶¨¼þ-8
2025-09-10 08:41:23,337 INFO  ExportHelperExtension.cs: 1136 - Found 36 in ³¬Éù²¨Ì½Í·¹Ì¶¨¼þ-8
2025-09-10 08:41:23,337 INFO  ExportHelperExtension.cs: 1145 - Found 0 features of type [CoordSys] in ³¬Éù²¨Ì½Í·¹Ì¶¨¼þ-8
2025-09-10 08:41:23,337 INFO  ExportHelperExtension.cs: 1125 - Retrieving features of type [CoordSys] from ²àÃæÖ§³Å°å-2
2025-09-10 08:41:23,337 INFO  ExportHelperExtension.cs: 1136 - Found 29 in ²àÃæÖ§³Å°å-2
2025-09-10 08:41:23,338 INFO  ExportHelperExtension.cs: 1145 - Found 0 features of type [CoordSys] in ²àÃæÖ§³Å°å-2
2025-09-10 08:41:23,339 INFO  ExportHelperExtension.cs: 1125 - Retrieving features of type [CoordSys] from ¼ÓÇ¿½î-11
2025-09-10 08:41:23,386 INFO  ExportHelperExtension.cs: 1136 - Found 25 in ¼ÓÇ¿½î-11
2025-09-10 08:41:23,386 INFO  ExportHelperExtension.cs: 1145 - Found 0 features of type [CoordSys] in ¼ÓÇ¿½î-11
2025-09-10 08:41:23,387 INFO  ExportHelperExtension.cs: 1125 - Retrieving features of type [CoordSys] from ¼ÓÇ¿½î-4
2025-09-10 08:41:23,387 INFO  ExportHelperExtension.cs: 1136 - Found 25 in ¼ÓÇ¿½î-4
2025-09-10 08:41:23,387 INFO  ExportHelperExtension.cs: 1145 - Found 0 features of type [CoordSys] in ¼ÓÇ¿½î-4
2025-09-10 08:41:23,387 INFO  ExportHelperExtension.cs: 1125 - Retrieving features of type [CoordSys] from 24V60Ahï®µç³Ø300-200-100-1
2025-09-10 08:41:23,388 INFO  ExportHelperExtension.cs: 1136 - Found 26 in 24V60Ahï®µç³Ø300-200-100-1
2025-09-10 08:41:23,388 INFO  ExportHelperExtension.cs: 1145 - Found 0 features of type [CoordSys] in 24V60Ahï®µç³Ø300-200-100-1
2025-09-10 08:41:23,388 INFO  ExportHelperExtension.cs: 1125 - Retrieving features of type [CoordSys] from ¶þ²ãÔØ°å-1
2025-09-10 08:41:23,388 INFO  ExportHelperExtension.cs: 1136 - Found 89 in ¶þ²ãÔØ°å-1
2025-09-10 08:41:23,389 INFO  ExportHelperExtension.cs: 1145 - Found 0 features of type [CoordSys] in ¶þ²ãÔØ°å-1
2025-09-10 08:41:23,389 INFO  ExportHelperExtension.cs: 1125 - Retrieving features of type [CoordSys] from µç»ú¹Ì¶¨°å-2
2025-09-10 08:41:23,389 INFO  ExportHelperExtension.cs: 1136 - Found 38 in µç»ú¹Ì¶¨°å-2
2025-09-10 08:41:23,389 INFO  ExportHelperExtension.cs: 1145 - Found 0 features of type [CoordSys] in µç»ú¹Ì¶¨°å-2
2025-09-10 08:41:23,389 INFO  ExportHelperExtension.cs: 1125 - Retrieving features of type [CoordSys] from ¼ÓÇ¿½î-8
2025-09-10 08:41:23,389 INFO  ExportHelperExtension.cs: 1136 - Found 25 in ¼ÓÇ¿½î-8
2025-09-10 08:41:23,390 INFO  ExportHelperExtension.cs: 1145 - Found 0 features of type [CoordSys] in ¼ÓÇ¿½î-8
2025-09-10 08:41:23,390 INFO  ExportHelperExtension.cs: 1125 - Retrieving features of type [CoordSys] from ¼ÓÇ¿½î-14
2025-09-10 08:41:23,390 INFO  ExportHelperExtension.cs: 1136 - Found 25 in ¼ÓÇ¿½î-14
2025-09-10 08:41:23,390 INFO  ExportHelperExtension.cs: 1145 - Found 0 features of type [CoordSys] in ¼ÓÇ¿½î-14
2025-09-10 08:41:23,390 INFO  ExportHelperExtension.cs: 1125 - Retrieving features of type [CoordSys] from ¼ÓÇ¿½î-16
2025-09-10 08:41:23,390 INFO  ExportHelperExtension.cs: 1136 - Found 25 in ¼ÓÇ¿½î-16
2025-09-10 08:41:23,391 INFO  ExportHelperExtension.cs: 1145 - Found 0 features of type [CoordSys] in ¼ÓÇ¿½î-16
2025-09-10 08:41:23,391 INFO  ExportHelperExtension.cs: 1125 - Retrieving features of type [CoordSys] from ¼ÓÇ¿½î-18
2025-09-10 08:41:23,391 INFO  ExportHelperExtension.cs: 1136 - Found 25 in ¼ÓÇ¿½î-18
2025-09-10 08:41:23,391 INFO  ExportHelperExtension.cs: 1145 - Found 0 features of type [CoordSys] in ¼ÓÇ¿½î-18
2025-09-10 08:41:23,392 INFO  ExportHelperExtension.cs: 1125 - Retrieving features of type [CoordSys] from ²àÃæÖ§³Å°å-1
2025-09-10 08:41:23,392 INFO  ExportHelperExtension.cs: 1136 - Found 29 in ²àÃæÖ§³Å°å-1
2025-09-10 08:41:23,392 INFO  ExportHelperExtension.cs: 1145 - Found 0 features of type [CoordSys] in ²àÃæÖ§³Å°å-1
2025-09-10 08:41:23,392 INFO  ExportHelperExtension.cs: 1125 - Retrieving features of type [CoordSys] from Ç°°Ú±ÛºáÁº-1
2025-09-10 08:41:23,392 INFO  ExportHelperExtension.cs: 1136 - Found 29 in Ç°°Ú±ÛºáÁº-1
2025-09-10 08:41:23,393 INFO  ExportHelperExtension.cs: 1145 - Found 0 features of type [CoordSys] in Ç°°Ú±ÛºáÁº-1
2025-09-10 08:41:23,393 INFO  ExportHelperExtension.cs: 1125 - Retrieving features of type [CoordSys] from ¼ÓÇ¿½î-2
2025-09-10 08:41:23,393 INFO  ExportHelperExtension.cs: 1136 - Found 25 in ¼ÓÇ¿½î-2
2025-09-10 08:41:23,393 INFO  ExportHelperExtension.cs: 1145 - Found 0 features of type [CoordSys] in ¼ÓÇ¿½î-2
2025-09-10 08:41:23,393 INFO  ExportHelperExtension.cs: 1125 - Retrieving features of type [CoordSys] from ¼ÓÇ¿½î-9
2025-09-10 08:41:23,393 INFO  ExportHelperExtension.cs: 1136 - Found 25 in ¼ÓÇ¿½î-9
2025-09-10 08:41:23,394 INFO  ExportHelperExtension.cs: 1145 - Found 0 features of type [CoordSys] in ¼ÓÇ¿½î-9
2025-09-10 08:41:23,394 INFO  ExportHelperExtension.cs: 1125 - Retrieving features of type [CoordSys] from µç»ú¹Ì¶¨°å-1
2025-09-10 08:41:23,394 INFO  ExportHelperExtension.cs: 1136 - Found 38 in µç»ú¹Ì¶¨°å-1
2025-09-10 08:41:23,394 INFO  ExportHelperExtension.cs: 1145 - Found 0 features of type [CoordSys] in µç»ú¹Ì¶¨°å-1
2025-09-10 08:41:23,394 INFO  ExportHelperExtension.cs: 1125 - Retrieving features of type [CoordSys] from ¼ÓÇ¿½î-12
2025-09-10 08:41:23,395 INFO  ExportHelperExtension.cs: 1136 - Found 25 in ¼ÓÇ¿½î-12
2025-09-10 08:41:23,395 INFO  ExportHelperExtension.cs: 1145 - Found 0 features of type [CoordSys] in ¼ÓÇ¿½î-12
2025-09-10 08:41:23,395 INFO  ExportHelperExtension.cs: 1125 - Retrieving features of type [CoordSys] from ¶þ²ãÁ¬½Ó¼þ£¨×óÓÒ£©-1
2025-09-10 08:41:23,395 INFO  ExportHelperExtension.cs: 1136 - Found 34 in ¶þ²ãÁ¬½Ó¼þ£¨×óÓÒ£©-1
2025-09-10 08:41:23,395 INFO  ExportHelperExtension.cs: 1145 - Found 0 features of type [CoordSys] in ¶þ²ãÁ¬½Ó¼þ£¨×óÓÒ£©-1
2025-09-10 08:41:23,396 INFO  ExportHelperExtension.cs: 1125 - Retrieving features of type [CoordSys] from ÂÖì±µç»ú-2
2025-09-10 08:41:23,396 INFO  ExportHelperExtension.cs: 1136 - Found 24 in ÂÖì±µç»ú-2
2025-09-10 08:41:23,396 INFO  ExportHelperExtension.cs: 1145 - Found 0 features of type [CoordSys] in ÂÖì±µç»ú-2
2025-09-10 08:41:23,396 INFO  ExportHelperExtension.cs: 1125 - Retrieving features of type [CoordSys] from ¼ÓÇ¿½î-1
2025-09-10 08:41:23,396 INFO  ExportHelperExtension.cs: 1136 - Found 25 in ¼ÓÇ¿½î-1
2025-09-10 08:41:23,396 INFO  ExportHelperExtension.cs: 1145 - Found 0 features of type [CoordSys] in ¼ÓÇ¿½î-1
2025-09-10 08:41:23,397 INFO  ExportHelperExtension.cs: 1125 - Retrieving features of type [CoordSys] from ¼ÓÇ¿½î-6
2025-09-10 08:41:23,397 INFO  ExportHelperExtension.cs: 1136 - Found 25 in ¼ÓÇ¿½î-6
2025-09-10 08:41:23,397 INFO  ExportHelperExtension.cs: 1145 - Found 0 features of type [CoordSys] in ¼ÓÇ¿½î-6
2025-09-10 08:41:23,397 INFO  ExportHelperExtension.cs: 1125 - Retrieving features of type [CoordSys] from ÂÖì±µç»ú-1
2025-09-10 08:41:23,397 INFO  ExportHelperExtension.cs: 1136 - Found 24 in ÂÖì±µç»ú-1
2025-09-10 08:41:23,397 INFO  ExportHelperExtension.cs: 1145 - Found 0 features of type [CoordSys] in ÂÖì±µç»ú-1
2025-09-10 08:41:23,398 INFO  ExportHelperExtension.cs: 1125 - Retrieving features of type [CoordSys] from ¼ÓÇ¿½î-3
2025-09-10 08:41:23,398 INFO  ExportHelperExtension.cs: 1136 - Found 25 in ¼ÓÇ¿½î-3
2025-09-10 08:41:23,398 INFO  ExportHelperExtension.cs: 1145 - Found 0 features of type [CoordSys] in ¼ÓÇ¿½î-3
2025-09-10 08:41:23,398 INFO  ExportHelperExtension.cs: 1125 - Retrieving features of type [CoordSys] from ¼ÓÇ¿½î-10
2025-09-10 08:41:23,398 INFO  ExportHelperExtension.cs: 1136 - Found 25 in ¼ÓÇ¿½î-10
2025-09-10 08:41:23,399 INFO  ExportHelperExtension.cs: 1145 - Found 0 features of type [CoordSys] in ¼ÓÇ¿½î-10
2025-09-10 08:41:23,399 INFO  ExportHelperExtension.cs: 1125 - Retrieving features of type [CoordSys] from ¶þ²ãÁ¬½Ó¼þ£¨×óÓÒ£©-2
2025-09-10 08:41:23,399 INFO  ExportHelperExtension.cs: 1136 - Found 34 in ¶þ²ãÁ¬½Ó¼þ£¨×óÓÒ£©-2
2025-09-10 08:41:23,399 INFO  ExportHelperExtension.cs: 1145 - Found 0 features of type [CoordSys] in ¶þ²ãÁ¬½Ó¼þ£¨×óÓÒ£©-2
2025-09-10 08:41:23,399 INFO  ExportHelperExtension.cs: 1125 - Retrieving features of type [CoordSys] from ¶þ²ãÁ¬½Ó¼þ£¨Ç°£©-1
2025-09-10 08:41:23,400 INFO  ExportHelperExtension.cs: 1136 - Found 42 in ¶þ²ãÁ¬½Ó¼þ£¨Ç°£©-1
2025-09-10 08:41:23,400 INFO  ExportHelperExtension.cs: 1145 - Found 0 features of type [CoordSys] in ¶þ²ãÁ¬½Ó¼þ£¨Ç°£©-1
2025-09-10 08:41:23,400 INFO  ExportHelperExtension.cs: 1125 - Retrieving features of type [CoordSys] from µ×ÅÌ¼ÓÇ¿½î£¨ºá£©-1
2025-09-10 08:41:23,400 INFO  ExportHelperExtension.cs: 1136 - Found 29 in µ×ÅÌ¼ÓÇ¿½î£¨ºá£©-1
2025-09-10 08:41:23,400 INFO  ExportHelperExtension.cs: 1145 - Found 0 features of type [CoordSys] in µ×ÅÌ¼ÓÇ¿½î£¨ºá£©-1
2025-09-10 08:41:23,401 INFO  ExportHelperExtension.cs: 1125 - Retrieving features of type [CoordSys] from µ×ÅÌ¼ÓÇ¿½î£¨×Ý£©-1
2025-09-10 08:41:23,401 INFO  ExportHelperExtension.cs: 1136 - Found 31 in µ×ÅÌ¼ÓÇ¿½î£¨×Ý£©-1
2025-09-10 08:41:23,401 INFO  ExportHelperExtension.cs: 1145 - Found 0 features of type [CoordSys] in µ×ÅÌ¼ÓÇ¿½î£¨×Ý£©-1
2025-09-10 08:41:23,401 INFO  ExportHelperExtension.cs: 1125 - Retrieving features of type [CoordSys] from µç³ØºÐ-1
2025-09-10 08:41:23,401 INFO  ExportHelperExtension.cs: 1136 - Found 38 in µç³ØºÐ-1
2025-09-10 08:41:23,402 INFO  ExportHelperExtension.cs: 1145 - Found 0 features of type [CoordSys] in µç³ØºÐ-1
2025-09-10 08:41:23,402 INFO  ExportHelperExtension.cs: 1125 - Retrieving features of type [CoordSys] from ¼ÓÇ¿½î-13
2025-09-10 08:41:23,402 INFO  ExportHelperExtension.cs: 1136 - Found 25 in ¼ÓÇ¿½î-13
2025-09-10 08:41:23,402 INFO  ExportHelperExtension.cs: 1145 - Found 0 features of type [CoordSys] in ¼ÓÇ¿½î-13
2025-09-10 08:41:23,402 INFO  ExportHelperExtension.cs: 1125 - Retrieving features of type [CoordSys] from ¼ÓÇ¿½î-15
2025-09-10 08:41:23,402 INFO  ExportHelperExtension.cs: 1136 - Found 25 in ¼ÓÇ¿½î-15
2025-09-10 08:41:23,403 INFO  ExportHelperExtension.cs: 1145 - Found 0 features of type [CoordSys] in ¼ÓÇ¿½î-15
2025-09-10 08:41:23,403 INFO  ExportHelperExtension.cs: 1125 - Retrieving features of type [CoordSys] from ¼ÓÇ¿½î-17
2025-09-10 08:41:23,403 INFO  ExportHelperExtension.cs: 1136 - Found 25 in ¼ÓÇ¿½î-17
2025-09-10 08:41:23,403 INFO  ExportHelperExtension.cs: 1145 - Found 0 features of type [CoordSys] in ¼ÓÇ¿½î-17
2025-09-10 08:41:23,403 INFO  ExportHelperExtension.cs: 1125 - Retrieving features of type [CoordSys] from ZLAC8015D-V2_0-20210223.STEP-1
2025-09-10 08:41:23,404 INFO  ExportHelperExtension.cs: 1136 - Found 31 in ZLAC8015D-V2_0-20210223.STEP-1
2025-09-10 08:41:23,404 INFO  ExportHelperExtension.cs: 1145 - Found 0 features of type [CoordSys] in ZLAC8015D-V2_0-20210223.STEP-1
2025-09-10 08:41:23,404 INFO  ExportHelperExtension.cs: 1125 - Retrieving features of type [CoordSys] from µç³Ø²Ö£¨Ç°£©-1
2025-09-10 08:41:23,404 INFO  ExportHelperExtension.cs: 1136 - Found 25 in µç³Ø²Ö£¨Ç°£©-1
2025-09-10 08:41:23,404 INFO  ExportHelperExtension.cs: 1145 - Found 0 features of type [CoordSys] in µç³Ø²Ö£¨Ç°£©-1
2025-09-10 08:41:23,404 INFO  ExportHelperExtension.cs: 1125 - Retrieving features of type [CoordSys] from ¶þ²ã²àÃæÖ§³Å°å-6
2025-09-10 08:41:23,405 INFO  ExportHelperExtension.cs: 1136 - Found 32 in ¶þ²ã²àÃæÖ§³Å°å-6
2025-09-10 08:41:23,405 INFO  ExportHelperExtension.cs: 1145 - Found 0 features of type [CoordSys] in ¶þ²ã²àÃæÖ§³Å°å-6
2025-09-10 08:41:23,405 INFO  ExportHelperExtension.cs: 1125 - Retrieving features of type [CoordSys] from ¶þ²ã²àÃæÖ§³Å°å-1
2025-09-10 08:41:23,405 INFO  ExportHelperExtension.cs: 1136 - Found 32 in ¶þ²ã²àÃæÖ§³Å°å-1
2025-09-10 08:41:23,405 INFO  ExportHelperExtension.cs: 1145 - Found 0 features of type [CoordSys] in ¶þ²ã²àÃæÖ§³Å°å-1
2025-09-10 08:41:23,406 INFO  ExportHelperExtension.cs: 1125 - Retrieving features of type [CoordSys] from ¶þ²ã²àÃæÖ§³Å°å-7
2025-09-10 08:41:23,406 INFO  ExportHelperExtension.cs: 1136 - Found 32 in ¶þ²ã²àÃæÖ§³Å°å-7
2025-09-10 08:41:23,406 INFO  ExportHelperExtension.cs: 1145 - Found 0 features of type [CoordSys] in ¶þ²ã²àÃæÖ§³Å°å-7
2025-09-10 08:41:23,406 INFO  ExportHelperExtension.cs: 1125 - Retrieving features of type [CoordSys] from ¶þ²ã²àÃæÖ§³Å°å-8
2025-09-10 08:41:23,406 INFO  ExportHelperExtension.cs: 1136 - Found 32 in ¶þ²ã²àÃæÖ§³Å°å-8
2025-09-10 08:41:23,406 INFO  ExportHelperExtension.cs: 1145 - Found 0 features of type [CoordSys] in ¶þ²ã²àÃæÖ§³Å°å-8
2025-09-10 08:41:23,407 INFO  ExportHelperExtension.cs: 1125 - Retrieving features of type [CoordSys] from µç³Ø²Ö£¨Ç°£©-2
2025-09-10 08:41:23,407 INFO  ExportHelperExtension.cs: 1136 - Found 25 in µç³Ø²Ö£¨Ç°£©-2
2025-09-10 08:41:23,407 INFO  ExportHelperExtension.cs: 1145 - Found 0 features of type [CoordSys] in µç³Ø²Ö£¨Ç°£©-2
2025-09-10 08:41:23,407 INFO  ExportHelperExtension.cs: 1125 - Retrieving features of type [CoordSys] from µç³Ø²Ö£¨ºó£©-1
2025-09-10 08:41:23,407 INFO  ExportHelperExtension.cs: 1136 - Found 27 in µç³Ø²Ö£¨ºó£©-1
2025-09-10 08:41:23,408 INFO  ExportHelperExtension.cs: 1145 - Found 0 features of type [CoordSys] in µç³Ø²Ö£¨ºó£©-1
2025-09-10 08:41:23,408 INFO  ExportHelperExtension.cs: 1125 - Retrieving features of type [CoordSys] from µç³Ø²Ö£¨²à£©-1
2025-09-10 08:41:23,408 INFO  ExportHelperExtension.cs: 1136 - Found 29 in µç³Ø²Ö£¨²à£©-1
2025-09-10 08:41:23,408 INFO  ExportHelperExtension.cs: 1145 - Found 0 features of type [CoordSys] in µç³Ø²Ö£¨²à£©-1
2025-09-10 08:41:23,408 INFO  ExportHelperExtension.cs: 1125 - Retrieving features of type [CoordSys] from µç³Ø²Ö£¨²à£©-2
2025-09-10 08:41:23,408 INFO  ExportHelperExtension.cs: 1136 - Found 29 in µç³Ø²Ö£¨²à£©-2
2025-09-10 08:41:23,409 INFO  ExportHelperExtension.cs: 1145 - Found 0 features of type [CoordSys] in µç³Ø²Ö£¨²à£©-2
2025-09-10 08:41:23,409 INFO  ExportHelperExtension.cs: 1125 - Retrieving features of type [CoordSys] from µç³Ø²Ö£¨µ×£©-1
2025-09-10 08:41:23,409 INFO  ExportHelperExtension.cs: 1136 - Found 30 in µç³Ø²Ö£¨µ×£©-1
2025-09-10 08:41:23,409 INFO  ExportHelperExtension.cs: 1145 - Found 0 features of type [CoordSys] in µç³Ø²Ö£¨µ×£©-1
2025-09-10 08:41:23,409 INFO  ExportHelperExtension.cs: 1125 - Retrieving features of type [CoordSys] from ¶þ²ã²àÃæÖ§³Å°å-4
2025-09-10 08:41:23,410 INFO  ExportHelperExtension.cs: 1136 - Found 32 in ¶þ²ã²àÃæÖ§³Å°å-4
2025-09-10 08:41:23,410 INFO  ExportHelperExtension.cs: 1145 - Found 0 features of type [CoordSys] in ¶þ²ã²àÃæÖ§³Å°å-4
2025-09-10 08:41:23,410 INFO  ExportHelperExtension.cs: 1125 - Retrieving features of type [CoordSys] from ÔØÖØ»·-1
2025-09-10 08:41:23,410 INFO  ExportHelperExtension.cs: 1136 - Found 199 in ÔØÖØ»·-1
2025-09-10 08:41:23,411 INFO  ExportHelperExtension.cs: 1145 - Found 0 features of type [CoordSys] in ÔØÖØ»·-1
2025-09-10 08:41:23,411 INFO  ExportHelperExtension.cs: 1125 - Retrieving features of type [CoordSys] from ¶þ²ã²àÃæÖ§³Å°å-5
2025-09-10 08:41:23,411 INFO  ExportHelperExtension.cs: 1136 - Found 32 in ¶þ²ã²àÃæÖ§³Å°å-5
2025-09-10 08:41:23,411 INFO  ExportHelperExtension.cs: 1145 - Found 0 features of type [CoordSys] in ¶þ²ã²àÃæÖ§³Å°å-5
2025-09-10 08:41:23,411 INFO  ExportHelperExtension.cs: 1125 - Retrieving features of type [CoordSys] from ÂÁÐÍ²Ä3030-300-1
2025-09-10 08:41:23,412 INFO  ExportHelperExtension.cs: 1136 - Found 26 in ÂÁÐÍ²Ä3030-300-1
2025-09-10 08:41:23,412 INFO  ExportHelperExtension.cs: 1145 - Found 0 features of type [CoordSys] in ÂÁÐÍ²Ä3030-300-1
2025-09-10 08:41:23,412 INFO  ExportHelperExtension.cs: 1125 - Retrieving features of type [CoordSys] from Íâ¿Ç£¨ºó£©1-1
2025-09-10 08:41:23,412 INFO  ExportHelperExtension.cs: 1136 - Found 48 in Íâ¿Ç£¨ºó£©1-1
2025-09-10 08:41:23,412 INFO  ExportHelperExtension.cs: 1145 - Found 0 features of type [CoordSys] in Íâ¿Ç£¨ºó£©1-1
2025-09-10 08:41:23,413 INFO  ExportHelperExtension.cs: 1125 - Retrieving features of type [CoordSys] from ÂÁÐÍ²Ä3030-300-3
2025-09-10 08:41:23,413 INFO  ExportHelperExtension.cs: 1136 - Found 26 in ÂÁÐÍ²Ä3030-300-3
2025-09-10 08:41:23,413 INFO  ExportHelperExtension.cs: 1145 - Found 0 features of type [CoordSys] in ÂÁÐÍ²Ä3030-300-3
2025-09-10 08:41:23,413 INFO  ExportHelperExtension.cs: 1125 - Retrieving features of type [CoordSys] from Íâ¿ÇÁ¬½Ó¼ÓÇ¿¼þ-2
2025-09-10 08:41:23,413 INFO  ExportHelperExtension.cs: 1136 - Found 42 in Íâ¿ÇÁ¬½Ó¼ÓÇ¿¼þ-2
2025-09-10 08:41:23,414 INFO  ExportHelperExtension.cs: 1145 - Found 0 features of type [CoordSys] in Íâ¿ÇÁ¬½Ó¼ÓÇ¿¼þ-2
2025-09-10 08:41:23,414 INFO  ExportHelperExtension.cs: 1125 - Retrieving features of type [CoordSys] from Íâ¿ÇÁ¬½Ó¼ÓÇ¿¼þ-4
2025-09-10 08:41:23,414 INFO  ExportHelperExtension.cs: 1136 - Found 42 in Íâ¿ÇÁ¬½Ó¼ÓÇ¿¼þ-4
2025-09-10 08:41:23,415 INFO  ExportHelperExtension.cs: 1145 - Found 0 features of type [CoordSys] in Íâ¿ÇÁ¬½Ó¼ÓÇ¿¼þ-4
2025-09-10 08:41:23,415 INFO  ExportHelperExtension.cs: 1125 - Retrieving features of type [CoordSys] from ÆÁÄ»¹Ì¶¨°å£¨²àÃæ£©-1
2025-09-10 08:41:23,415 INFO  ExportHelperExtension.cs: 1136 - Found 25 in ÆÁÄ»¹Ì¶¨°å£¨²àÃæ£©-1
2025-09-10 08:41:23,416 INFO  ExportHelperExtension.cs: 1145 - Found 0 features of type [CoordSys] in ÆÁÄ»¹Ì¶¨°å£¨²àÃæ£©-1
2025-09-10 08:41:23,416 INFO  ExportHelperExtension.cs: 1125 - Retrieving features of type [CoordSys] from MIIVII EVO ONX_V2.0.01-1
2025-09-10 08:41:23,416 INFO  ExportHelperExtension.cs: 1136 - Found 36 in MIIVII EVO ONX_V2.0.01-1
2025-09-10 08:41:23,416 INFO  ExportHelperExtension.cs: 1145 - Found 0 features of type [CoordSys] in MIIVII EVO ONX_V2.0.01-1
2025-09-10 08:41:23,416 INFO  ExportHelperExtension.cs: 1125 - Retrieving features of type [CoordSys] from ÔØ°å-1
2025-09-10 08:41:23,417 INFO  ExportHelperExtension.cs: 1136 - Found 39 in ÔØ°å-1
2025-09-10 08:41:23,417 INFO  ExportHelperExtension.cs: 1145 - Found 0 features of type [CoordSys] in ÔØ°å-1
2025-09-10 08:41:23,417 INFO  ExportHelperExtension.cs: 1125 - Retrieving features of type [CoordSys] from ·öÊÖ-1
2025-09-10 08:41:23,417 INFO  ExportHelperExtension.cs: 1136 - Found 39 in ·öÊÖ-1
2025-09-10 08:41:23,418 INFO  ExportHelperExtension.cs: 1145 - Found 0 features of type [CoordSys] in ·öÊÖ-1
2025-09-10 08:41:23,418 INFO  ExportHelperExtension.cs: 1125 - Retrieving features of type [CoordSys] from À×´ï_À×ÉñN10-1
2025-09-10 08:41:23,418 INFO  ExportHelperExtension.cs: 1136 - Found 36 in À×´ï_À×ÉñN10-1
2025-09-10 08:41:23,420 INFO  ExportHelperExtension.cs: 1145 - Found 0 features of type [CoordSys] in À×´ï_À×ÉñN10-1
2025-09-10 08:41:23,420 INFO  ExportHelperExtension.cs: 1125 - Retrieving features of type [CoordSys] from Íâ¿Ç£¨²à£©2-1
2025-09-10 08:41:23,430 INFO  ExportHelperExtension.cs: 1136 - Found 50 in Íâ¿Ç£¨²à£©2-1
2025-09-10 08:41:23,430 INFO  ExportHelperExtension.cs: 1145 - Found 0 features of type [CoordSys] in Íâ¿Ç£¨²à£©2-1
2025-09-10 08:41:23,430 INFO  ExportHelperExtension.cs: 1125 - Retrieving features of type [CoordSys] from ¹ßµ¼Ä£¿é_·ÀË®°æN100WP(N200WP_N300WP)¿Í»§Í¼-1
2025-09-10 08:41:23,431 INFO  ExportHelperExtension.cs: 1136 - Found 36 in ¹ßµ¼Ä£¿é_·ÀË®°æN100WP(N200WP_N300WP)¿Í»§Í¼-1
2025-09-10 08:41:23,431 INFO  ExportHelperExtension.cs: 1145 - Found 0 features of type [CoordSys] in ¹ßµ¼Ä£¿é_·ÀË®°æN100WP(N200WP_N300WP)¿Í»§Í¼-1
2025-09-10 08:41:23,431 INFO  ExportHelperExtension.cs: 1125 - Retrieving features of type [CoordSys] from ÆÁÄ»-1
2025-09-10 08:41:23,431 INFO  ExportHelperExtension.cs: 1136 - Found 31 in ÆÁÄ»-1
2025-09-10 08:41:23,431 INFO  ExportHelperExtension.cs: 1145 - Found 0 features of type [CoordSys] in ÆÁÄ»-1
2025-09-10 08:41:23,432 INFO  ExportHelperExtension.cs: 1125 - Retrieving features of type [CoordSys] from Íâ¿Ç£¨Ç°£©1-1
2025-09-10 08:41:23,432 INFO  ExportHelperExtension.cs: 1136 - Found 62 in Íâ¿Ç£¨Ç°£©1-1
2025-09-10 08:41:23,432 INFO  ExportHelperExtension.cs: 1145 - Found 0 features of type [CoordSys] in Íâ¿Ç£¨Ç°£©1-1
2025-09-10 08:41:23,432 INFO  ExportHelperExtension.cs: 1125 - Retrieving features of type [CoordSys] from ¶þ²ã²àÃæÖ§³Å°å£¨Ç°£©-1
2025-09-10 08:41:23,432 INFO  ExportHelperExtension.cs: 1136 - Found 28 in ¶þ²ã²àÃæÖ§³Å°å£¨Ç°£©-1
2025-09-10 08:41:23,433 INFO  ExportHelperExtension.cs: 1145 - Found 0 features of type [CoordSys] in ¶þ²ã²àÃæÖ§³Å°å£¨Ç°£©-1
2025-09-10 08:41:23,433 INFO  ExportHelperExtension.cs: 1125 - Retrieving features of type [CoordSys] from ÆÁÄ»¹Ì¶¨°å£¨µ×Ãæ£©-1
2025-09-10 08:41:23,433 INFO  ExportHelperExtension.cs: 1136 - Found 25 in ÆÁÄ»¹Ì¶¨°å£¨µ×Ãæ£©-1
2025-09-10 08:41:23,433 INFO  ExportHelperExtension.cs: 1145 - Found 0 features of type [CoordSys] in ÆÁÄ»¹Ì¶¨°å£¨µ×Ãæ£©-1
2025-09-10 08:41:23,433 INFO  ExportHelperExtension.cs: 1125 - Retrieving features of type [CoordSys] from ÎÞÏß³äµçÄ£¿é2-1
2025-09-10 08:41:23,433 INFO  ExportHelperExtension.cs: 1136 - Found 23 in ÎÞÏß³äµçÄ£¿é2-1
2025-09-10 08:41:23,434 INFO  ExportHelperExtension.cs: 1145 - Found 0 features of type [CoordSys] in ÎÞÏß³äµçÄ£¿é2-1
2025-09-10 08:41:23,434 INFO  ExportHelperExtension.cs: 1125 - Retrieving features of type [CoordSys] from ÆÁÄ»¹Ì¶¨°å£¨²àÃæ£©-2
2025-09-10 08:41:23,434 INFO  ExportHelperExtension.cs: 1136 - Found 25 in ÆÁÄ»¹Ì¶¨°å£¨²àÃæ£©-2
2025-09-10 08:41:23,434 INFO  ExportHelperExtension.cs: 1145 - Found 0 features of type [CoordSys] in ÆÁÄ»¹Ì¶¨°å£¨²àÃæ£©-2
2025-09-10 08:41:23,434 INFO  ExportHelperExtension.cs: 1125 - Retrieving features of type [CoordSys] from Íâ¿Ç£¨²à£©1-1
2025-09-10 08:41:23,435 INFO  ExportHelperExtension.cs: 1136 - Found 50 in Íâ¿Ç£¨²à£©1-1
2025-09-10 08:41:23,435 INFO  ExportHelperExtension.cs: 1145 - Found 0 features of type [CoordSys] in Íâ¿Ç£¨²à£©1-1
2025-09-10 08:41:23,435 INFO  ExportHelperExtension.cs: 1125 - Retrieving features of type [CoordSys] from ·öÊÖ-2
2025-09-10 08:41:23,435 INFO  ExportHelperExtension.cs: 1136 - Found 39 in ·öÊÖ-2
2025-09-10 08:41:23,435 INFO  ExportHelperExtension.cs: 1145 - Found 0 features of type [CoordSys] in ·öÊÖ-2
2025-09-10 08:41:23,435 INFO  ExportHelperExtension.cs: 1125 - Retrieving features of type [CoordSys] from ¶þ²ã²àÃæÖ§³Å°å£¨Ç°£©-2
2025-09-10 08:41:23,436 INFO  ExportHelperExtension.cs: 1136 - Found 28 in ¶þ²ã²àÃæÖ§³Å°å£¨Ç°£©-2
2025-09-10 08:41:23,436 INFO  ExportHelperExtension.cs: 1145 - Found 0 features of type [CoordSys] in ¶þ²ã²àÃæÖ§³Å°å£¨Ç°£©-2
2025-09-10 08:41:23,436 INFO  ExportHelperExtension.cs: 1125 - Retrieving features of type [CoordSys] from ÂÁÐÍ²Ä3030-300-2
2025-09-10 08:41:23,436 INFO  ExportHelperExtension.cs: 1136 - Found 26 in ÂÁÐÍ²Ä3030-300-2
2025-09-10 08:41:23,436 INFO  ExportHelperExtension.cs: 1145 - Found 0 features of type [CoordSys] in ÂÁÐÍ²Ä3030-300-2
2025-09-10 08:41:23,437 INFO  ExportHelperExtension.cs: 1125 - Retrieving features of type [CoordSys] from ÂÁÐÍ²Ä3030-1300-1
2025-09-10 08:41:23,437 INFO  ExportHelperExtension.cs: 1136 - Found 26 in ÂÁÐÍ²Ä3030-1300-1
2025-09-10 08:41:23,437 INFO  ExportHelperExtension.cs: 1145 - Found 0 features of type [CoordSys] in ÂÁÐÍ²Ä3030-1300-1
2025-09-10 08:41:23,437 INFO  ExportHelperExtension.cs: 1125 - Retrieving features of type [CoordSys] from ÂÁÐÍ²Ä3030-1300-2
2025-09-10 08:41:23,437 INFO  ExportHelperExtension.cs: 1136 - Found 26 in ÂÁÐÍ²Ä3030-1300-2
2025-09-10 08:41:23,437 INFO  ExportHelperExtension.cs: 1145 - Found 0 features of type [CoordSys] in ÂÁÐÍ²Ä3030-1300-2
2025-09-10 08:41:23,438 INFO  ExportHelperExtension.cs: 1125 - Retrieving features of type [CoordSys] from Íâ¿ÇÁ¬½Ó¼ÓÇ¿¼þ-1
2025-09-10 08:41:23,438 INFO  ExportHelperExtension.cs: 1136 - Found 42 in Íâ¿ÇÁ¬½Ó¼ÓÇ¿¼þ-1
2025-09-10 08:41:23,438 INFO  ExportHelperExtension.cs: 1145 - Found 0 features of type [CoordSys] in Íâ¿ÇÁ¬½Ó¼ÓÇ¿¼þ-1
2025-09-10 08:41:23,438 INFO  ExportHelperExtension.cs: 1125 - Retrieving features of type [CoordSys] from Íâ¿ÇÁ¬½Ó¼ÓÇ¿¼þ-3
2025-09-10 08:41:23,438 INFO  ExportHelperExtension.cs: 1136 - Found 42 in Íâ¿ÇÁ¬½Ó¼ÓÇ¿¼þ-3
2025-09-10 08:41:23,439 INFO  ExportHelperExtension.cs: 1145 - Found 0 features of type [CoordSys] in Íâ¿ÇÁ¬½Ó¼ÓÇ¿¼þ-3
2025-09-10 08:41:23,439 INFO  ExportHelperExtension.cs: 1125 - Retrieving features of type [CoordSys] from Íâ¿ÇÁ¬½Ó¼ÓÇ¿¼þ-7
2025-09-10 08:41:23,439 INFO  ExportHelperExtension.cs: 1136 - Found 42 in Íâ¿ÇÁ¬½Ó¼ÓÇ¿¼þ-7
2025-09-10 08:41:23,439 INFO  ExportHelperExtension.cs: 1145 - Found 0 features of type [CoordSys] in Íâ¿ÇÁ¬½Ó¼ÓÇ¿¼þ-7
2025-09-10 08:41:23,439 INFO  ExportHelperExtension.cs: 1125 - Retrieving features of type [CoordSys] from Íâ¿ÇÁ¬½Ó¼ÓÇ¿¼þ-5
2025-09-10 08:41:23,439 INFO  ExportHelperExtension.cs: 1136 - Found 42 in Íâ¿ÇÁ¬½Ó¼ÓÇ¿¼þ-5
2025-09-10 08:41:23,440 INFO  ExportHelperExtension.cs: 1145 - Found 0 features of type [CoordSys] in Íâ¿ÇÁ¬½Ó¼ÓÇ¿¼þ-5
2025-09-10 08:41:23,440 INFO  ExportHelperExtension.cs: 1125 - Retrieving features of type [CoordSys] from Íâ¿ÇÁ¬½Ó¼ÓÇ¿¼þ-10
2025-09-10 08:41:23,440 INFO  ExportHelperExtension.cs: 1136 - Found 42 in Íâ¿ÇÁ¬½Ó¼ÓÇ¿¼þ-10
2025-09-10 08:41:23,440 INFO  ExportHelperExtension.cs: 1145 - Found 0 features of type [CoordSys] in Íâ¿ÇÁ¬½Ó¼ÓÇ¿¼þ-10
2025-09-10 08:41:23,440 INFO  ExportHelperExtension.cs: 1125 - Retrieving features of type [CoordSys] from Íâ¿ÇÁ¬½Ó¼ÓÇ¿¼þ-11
2025-09-10 08:41:23,440 INFO  ExportHelperExtension.cs: 1136 - Found 42 in Íâ¿ÇÁ¬½Ó¼ÓÇ¿¼þ-11
2025-09-10 08:41:23,441 INFO  ExportHelperExtension.cs: 1145 - Found 0 features of type [CoordSys] in Íâ¿ÇÁ¬½Ó¼ÓÇ¿¼þ-11
2025-09-10 08:41:23,441 INFO  ExportHelperExtension.cs: 1125 - Retrieving features of type [CoordSys] from Ïð½º¼õÕðÆ÷M4-12 D15-H10-2
2025-09-10 08:41:23,441 INFO  ExportHelperExtension.cs: 1136 - Found 27 in Ïð½º¼õÕðÆ÷M4-12 D15-H10-2
2025-09-10 08:41:23,441 INFO  ExportHelperExtension.cs: 1145 - Found 0 features of type [CoordSys] in Ïð½º¼õÕðÆ÷M4-12 D15-H10-2
2025-09-10 08:41:23,441 INFO  ExportHelperExtension.cs: 1125 - Retrieving features of type [CoordSys] from ÆÁÄ»¹Ì¶¨°å-2
2025-09-10 08:41:23,442 INFO  ExportHelperExtension.cs: 1136 - Found 27 in ÆÁÄ»¹Ì¶¨°å-2
2025-09-10 08:41:23,442 INFO  ExportHelperExtension.cs: 1145 - Found 0 features of type [CoordSys] in ÆÁÄ»¹Ì¶¨°å-2
2025-09-10 08:41:23,442 INFO  ExportHelperExtension.cs: 1125 - Retrieving features of type [CoordSys] from Íâ¿ÇÁ¬½Ó¼ÓÇ¿¼þ-6
2025-09-10 08:41:23,442 INFO  ExportHelperExtension.cs: 1136 - Found 42 in Íâ¿ÇÁ¬½Ó¼ÓÇ¿¼þ-6
2025-09-10 08:41:23,442 INFO  ExportHelperExtension.cs: 1145 - Found 0 features of type [CoordSys] in Íâ¿ÇÁ¬½Ó¼ÓÇ¿¼þ-6
2025-09-10 08:41:23,442 INFO  ExportHelperExtension.cs: 1125 - Retrieving features of type [CoordSys] from Íâ¿ÇÁ¬½Ó¼ÓÇ¿¼þ-9
2025-09-10 08:41:23,443 INFO  ExportHelperExtension.cs: 1136 - Found 42 in Íâ¿ÇÁ¬½Ó¼ÓÇ¿¼þ-9
2025-09-10 08:41:23,443 INFO  ExportHelperExtension.cs: 1145 - Found 0 features of type [CoordSys] in Íâ¿ÇÁ¬½Ó¼ÓÇ¿¼þ-9
2025-09-10 08:41:23,443 INFO  ExportHelperExtension.cs: 1125 - Retrieving features of type [CoordSys] from ÆÁÄ»¹Ì¶¨°å-1
2025-09-10 08:41:23,443 INFO  ExportHelperExtension.cs: 1136 - Found 27 in ÆÁÄ»¹Ì¶¨°å-1
2025-09-10 08:41:23,443 INFO  ExportHelperExtension.cs: 1145 - Found 0 features of type [CoordSys] in ÆÁÄ»¹Ì¶¨°å-1
2025-09-10 08:41:23,443 INFO  ExportHelperExtension.cs: 1125 - Retrieving features of type [CoordSys] from Ïð½º¼õÕðÆ÷M4-12 D15-H10-1
2025-09-10 08:41:23,444 INFO  ExportHelperExtension.cs: 1136 - Found 27 in Ïð½º¼õÕðÆ÷M4-12 D15-H10-1
2025-09-10 08:41:23,444 INFO  ExportHelperExtension.cs: 1145 - Found 0 features of type [CoordSys] in Ïð½º¼õÕðÆ÷M4-12 D15-H10-1
2025-09-10 08:41:23,444 INFO  ExportHelperExtension.cs: 1125 - Retrieving features of type [CoordSys] from Íâ¿ÇÁ¬½Ó¼ÓÇ¿¼þ-12
2025-09-10 08:41:23,444 INFO  ExportHelperExtension.cs: 1136 - Found 42 in Íâ¿ÇÁ¬½Ó¼ÓÇ¿¼þ-12
2025-09-10 08:41:23,444 INFO  ExportHelperExtension.cs: 1145 - Found 0 features of type [CoordSys] in Íâ¿ÇÁ¬½Ó¼ÓÇ¿¼þ-12
2025-09-10 08:41:23,444 INFO  ExportHelperExtension.cs: 1125 - Retrieving features of type [CoordSys] from ÂÁÐÍ²Ä3030-1000-1
2025-09-10 08:41:23,445 INFO  ExportHelperExtension.cs: 1136 - Found 26 in ÂÁÐÍ²Ä3030-1000-1
2025-09-10 08:41:23,445 INFO  ExportHelperExtension.cs: 1145 - Found 0 features of type [CoordSys] in ÂÁÐÍ²Ä3030-1000-1
2025-09-10 08:41:23,445 INFO  ExportHelperExtension.cs: 1125 - Retrieving features of type [CoordSys] from ÂÁÐÍ²Ä3030-300-5
2025-09-10 08:41:23,445 INFO  ExportHelperExtension.cs: 1136 - Found 26 in ÂÁÐÍ²Ä3030-300-5
2025-09-10 08:41:23,445 INFO  ExportHelperExtension.cs: 1145 - Found 0 features of type [CoordSys] in ÂÁÐÍ²Ä3030-300-5
2025-09-10 08:41:23,446 INFO  ExportHelperExtension.cs: 1125 - Retrieving features of type [CoordSys] from µÆÌõ¹Ì¶¨¼þ1-1
2025-09-10 08:41:23,446 INFO  ExportHelperExtension.cs: 1136 - Found 31 in µÆÌõ¹Ì¶¨¼þ1-1
2025-09-10 08:41:23,446 INFO  ExportHelperExtension.cs: 1145 - Found 0 features of type [CoordSys] in µÆÌõ¹Ì¶¨¼þ1-1
2025-09-10 08:41:23,446 INFO  ExportHelperExtension.cs: 1125 - Retrieving features of type [CoordSys] from ÂÁÐÍ²Ä3030-1000-2
2025-09-10 08:41:23,446 INFO  ExportHelperExtension.cs: 1136 - Found 26 in ÂÁÐÍ²Ä3030-1000-2
2025-09-10 08:41:23,446 INFO  ExportHelperExtension.cs: 1145 - Found 0 features of type [CoordSys] in ÂÁÐÍ²Ä3030-1000-2
2025-09-10 08:41:23,447 INFO  ExportHelperExtension.cs: 1125 - Retrieving features of type [CoordSys] from ÂÁÐÍ²Ä3030-300-6
2025-09-10 08:41:23,447 INFO  ExportHelperExtension.cs: 1136 - Found 26 in ÂÁÐÍ²Ä3030-300-6
2025-09-10 08:41:23,447 INFO  ExportHelperExtension.cs: 1145 - Found 0 features of type [CoordSys] in ÂÁÐÍ²Ä3030-300-6
2025-09-10 08:41:23,447 INFO  ExportHelperExtension.cs: 1125 - Retrieving features of type [CoordSys] from ÂÁÐÍ²Ä3030-300-4
2025-09-10 08:41:23,447 INFO  ExportHelperExtension.cs: 1136 - Found 26 in ÂÁÐÍ²Ä3030-300-4
2025-09-10 08:41:23,448 INFO  ExportHelperExtension.cs: 1145 - Found 0 features of type [CoordSys] in ÂÁÐÍ²Ä3030-300-4
2025-09-10 08:41:23,448 INFO  ExportHelperExtension.cs: 1125 - Retrieving features of type [CoordSys] from Íâ¿ÇÁ¬½Ó¼ÓÇ¿¼þ-8
2025-09-10 08:41:23,448 INFO  ExportHelperExtension.cs: 1136 - Found 42 in Íâ¿ÇÁ¬½Ó¼ÓÇ¿¼þ-8
2025-09-10 08:41:23,448 INFO  ExportHelperExtension.cs: 1145 - Found 0 features of type [CoordSys] in Íâ¿ÇÁ¬½Ó¼ÓÇ¿¼þ-8
2025-09-10 08:41:23,448 INFO  ExportHelperExtension.cs: 1125 - Retrieving features of type [CoordSys] from ¿ª¹Ø¹Ì¶¨°å-1
2025-09-10 08:41:23,448 INFO  ExportHelperExtension.cs: 1136 - Found 28 in ¿ª¹Ø¹Ì¶¨°å-1
2025-09-10 08:41:23,449 INFO  ExportHelperExtension.cs: 1145 - Found 0 features of type [CoordSys] in ¿ª¹Ø¹Ì¶¨°å-1
2025-09-10 08:41:23,449 INFO  ExportHelperExtension.cs: 1125 - Retrieving features of type [CoordSys] from ÂÁÐÍ²Ä3030-300-8
2025-09-10 08:41:23,449 INFO  ExportHelperExtension.cs: 1136 - Found 26 in ÂÁÐÍ²Ä3030-300-8
2025-09-10 08:41:23,449 INFO  ExportHelperExtension.cs: 1145 - Found 0 features of type [CoordSys] in ÂÁÐÍ²Ä3030-300-8
2025-09-10 08:41:23,449 INFO  ExportHelperExtension.cs: 1125 - Retrieving features of type [CoordSys] from Mid360¹Ì¶¨×ù-1
2025-09-10 08:41:23,449 INFO  ExportHelperExtension.cs: 1136 - Found 38 in Mid360¹Ì¶¨×ù-1
2025-09-10 08:41:23,450 INFO  ExportHelperExtension.cs: 1145 - Found 0 features of type [CoordSys] in Mid360¹Ì¶¨×ù-1
2025-09-10 08:41:23,450 INFO  ExportHelperExtension.cs: 1125 - Retrieving features of type [CoordSys] from E-CLHJ75-N-1
2025-09-10 08:41:23,450 INFO  ExportHelperExtension.cs: 1136 - Found 24 in E-CLHJ75-N-1
2025-09-10 08:41:23,450 INFO  ExportHelperExtension.cs: 1145 - Found 0 features of type [CoordSys] in E-CLHJ75-N-1
2025-09-10 08:41:23,450 INFO  ExportHelperExtension.cs: 1125 - Retrieving features of type [CoordSys] from ³¬Éù²¨Ì½Í·¹Ì¶¨¼þ-2
2025-09-10 08:41:23,451 INFO  ExportHelperExtension.cs: 1136 - Found 36 in ³¬Éù²¨Ì½Í·¹Ì¶¨¼þ-2
2025-09-10 08:41:23,451 INFO  ExportHelperExtension.cs: 1145 - Found 0 features of type [CoordSys] in ³¬Éù²¨Ì½Í·¹Ì¶¨¼þ-2
2025-09-10 08:41:23,451 INFO  ExportHelperExtension.cs: 1125 - Retrieving features of type [CoordSys] from E-CLHJ75-N-2
2025-09-10 08:41:23,451 INFO  ExportHelperExtension.cs: 1136 - Found 24 in E-CLHJ75-N-2
2025-09-10 08:41:23,451 INFO  ExportHelperExtension.cs: 1145 - Found 0 features of type [CoordSys] in E-CLHJ75-N-2
2025-09-10 08:41:23,452 INFO  ExportHelperExtension.cs: 1125 - Retrieving features of type [CoordSys] from ³¬Éù²¨Ì½Í·¹Ì¶¨¼þ-1
2025-09-10 08:41:23,452 INFO  ExportHelperExtension.cs: 1136 - Found 36 in ³¬Éù²¨Ì½Í·¹Ì¶¨¼þ-1
2025-09-10 08:41:23,452 INFO  ExportHelperExtension.cs: 1145 - Found 0 features of type [CoordSys] in ³¬Éù²¨Ì½Í·¹Ì¶¨¼þ-1
2025-09-10 08:41:23,452 INFO  ExportHelperExtension.cs: 1125 - Retrieving features of type [CoordSys] from mid-360-asm-1
2025-09-10 08:41:23,452 INFO  ExportHelperExtension.cs: 1136 - Found 24 in mid-360-asm-1
2025-09-10 08:41:23,453 INFO  ExportHelperExtension.cs: 1145 - Found 0 features of type [CoordSys] in mid-360-asm-1
2025-09-10 08:41:23,453 INFO  ExportHelperExtension.cs: 1125 - Retrieving features of type [CoordSys] from ³äµç×®×Ü×°-1
2025-09-10 08:41:23,453 INFO  ExportHelperExtension.cs: 1136 - Found 31 in ³äµç×®×Ü×°-1
2025-09-10 08:41:23,453 INFO  ExportHelperExtension.cs: 1145 - Found 0 features of type [CoordSys] in ³äµç×®×Ü×°-1
2025-09-10 08:41:23,453 INFO  ExportHelperExtension.cs: 1125 - Retrieving features of type [CoordSys] from ÂÁÐÍ²Ä3030-300-7
2025-09-10 08:41:23,453 INFO  ExportHelperExtension.cs: 1136 - Found 26 in ÂÁÐÍ²Ä3030-300-7
2025-09-10 08:41:23,454 INFO  ExportHelperExtension.cs: 1145 - Found 0 features of type [CoordSys] in ÂÁÐÍ²Ä3030-300-7
2025-09-10 08:41:23,454 INFO  ExportHelperExtension.cs: 1125 - Retrieving features of type [CoordSys] from ³¬Éù²¨Ì½Í·¹Ì¶¨¼þ-4
2025-09-10 08:41:23,454 INFO  ExportHelperExtension.cs: 1136 - Found 36 in ³¬Éù²¨Ì½Í·¹Ì¶¨¼þ-4
2025-09-10 08:41:23,454 INFO  ExportHelperExtension.cs: 1145 - Found 0 features of type [CoordSys] in ³¬Éù²¨Ì½Í·¹Ì¶¨¼þ-4
2025-09-10 08:41:23,454 INFO  ExportHelperExtension.cs: 1125 - Retrieving features of type [CoordSys] from ³¬Éù²¨Ì½Í·¹Ì¶¨¼þ-3
2025-09-10 08:41:23,455 INFO  ExportHelperExtension.cs: 1136 - Found 36 in ³¬Éù²¨Ì½Í·¹Ì¶¨¼þ-3
2025-09-10 08:41:23,455 INFO  ExportHelperExtension.cs: 1145 - Found 0 features of type [CoordSys] in ³¬Éù²¨Ì½Í·¹Ì¶¨¼þ-3
2025-09-10 08:41:23,455 INFO  ExportHelperExtension.cs: 1125 - Retrieving features of type [RefAxis] from µ×ÅÌ×Ü×°_Mid360°æ
2025-09-10 08:41:23,455 INFO  ExportHelperExtension.cs: 1136 - Found 481 in µ×ÅÌ×Ü×°_Mid360°æ
2025-09-10 08:41:23,456 INFO  ExportHelperExtension.cs: 1145 - Found 6 features of type [RefAxis] in µ×ÅÌ×Ü×°_Mid360°æ
2025-09-10 08:41:23,456 INFO  ExportHelperExtension.cs: 1148 - Proceeding through assembly components
2025-09-10 08:41:23,457 INFO  ExportHelperExtension.cs: 1160 - 108 components to check
2025-09-10 08:41:23,457 INFO  ExportHelperExtension.cs: 1125 - Retrieving features of type [RefAxis] from µ×ÅÌ-1
2025-09-10 08:41:23,457 INFO  ExportHelperExtension.cs: 1136 - Found 69 in µ×ÅÌ-1
2025-09-10 08:41:23,457 INFO  ExportHelperExtension.cs: 1145 - Found 0 features of type [RefAxis] in µ×ÅÌ-1
2025-09-10 08:41:23,457 INFO  ExportHelperExtension.cs: 1125 - Retrieving features of type [RefAxis] from ½»²æ¹ö×Ó-1
2025-09-10 08:41:23,458 INFO  ExportHelperExtension.cs: 1136 - Found 36 in ½»²æ¹ö×Ó-1
2025-09-10 08:41:23,458 INFO  ExportHelperExtension.cs: 1145 - Found 0 features of type [RefAxis] in ½»²æ¹ö×Ó-1
2025-09-10 08:41:23,458 INFO  ExportHelperExtension.cs: 1125 - Retrieving features of type [RefAxis] from °Ú±ÛÇ°Á¬½Ó¼þ-1
2025-09-10 08:41:23,458 INFO  ExportHelperExtension.cs: 1136 - Found 32 in °Ú±ÛÇ°Á¬½Ó¼þ-1
2025-09-10 08:41:23,459 INFO  ExportHelperExtension.cs: 1145 - Found 0 features of type [RefAxis] in °Ú±ÛÇ°Á¬½Ó¼þ-1
2025-09-10 08:41:23,459 INFO  ExportHelperExtension.cs: 1125 - Retrieving features of type [RefAxis] from ³¬Éù²¨Ì½Í·¹Ì¶¨¼þ-5
2025-09-10 08:41:23,459 INFO  ExportHelperExtension.cs: 1136 - Found 36 in ³¬Éù²¨Ì½Í·¹Ì¶¨¼þ-5
2025-09-10 08:41:23,459 INFO  ExportHelperExtension.cs: 1145 - Found 0 features of type [RefAxis] in ³¬Éù²¨Ì½Í·¹Ì¶¨¼þ-5
2025-09-10 08:41:23,459 INFO  ExportHelperExtension.cs: 1125 - Retrieving features of type [RefAxis] from ³¬Éù²¨Ì½Í·¹Ì¶¨¼þ-6
2025-09-10 08:41:23,460 INFO  ExportHelperExtension.cs: 1136 - Found 36 in ³¬Éù²¨Ì½Í·¹Ì¶¨¼þ-6
2025-09-10 08:41:23,460 INFO  ExportHelperExtension.cs: 1145 - Found 0 features of type [RefAxis] in ³¬Éù²¨Ì½Í·¹Ì¶¨¼þ-6
2025-09-10 08:41:23,462 INFO  ExportHelperExtension.cs: 1125 - Retrieving features of type [RefAxis] from ³¬Éù²¨Ì½Í·¹Ì¶¨¼þ-7
2025-09-10 08:41:23,462 INFO  ExportHelperExtension.cs: 1136 - Found 36 in ³¬Éù²¨Ì½Í·¹Ì¶¨¼þ-7
2025-09-10 08:41:23,462 INFO  ExportHelperExtension.cs: 1145 - Found 0 features of type [RefAxis] in ³¬Éù²¨Ì½Í·¹Ì¶¨¼þ-7
2025-09-10 08:41:23,463 INFO  ExportHelperExtension.cs: 1125 - Retrieving features of type [RefAxis] from ³¬Éù²¨Ì½Í·¹Ì¶¨¼þ-8
2025-09-10 08:41:23,463 INFO  ExportHelperExtension.cs: 1136 - Found 36 in ³¬Éù²¨Ì½Í·¹Ì¶¨¼þ-8
2025-09-10 08:41:23,463 INFO  ExportHelperExtension.cs: 1145 - Found 0 features of type [RefAxis] in ³¬Éù²¨Ì½Í·¹Ì¶¨¼þ-8
2025-09-10 08:41:23,463 INFO  ExportHelperExtension.cs: 1125 - Retrieving features of type [RefAxis] from ²àÃæÖ§³Å°å-2
2025-09-10 08:41:23,463 INFO  ExportHelperExtension.cs: 1136 - Found 29 in ²àÃæÖ§³Å°å-2
2025-09-10 08:41:23,463 INFO  ExportHelperExtension.cs: 1145 - Found 0 features of type [RefAxis] in ²àÃæÖ§³Å°å-2
2025-09-10 08:41:23,464 INFO  ExportHelperExtension.cs: 1125 - Retrieving features of type [RefAxis] from ¼ÓÇ¿½î-11
2025-09-10 08:41:23,472 INFO  ExportHelperExtension.cs: 1136 - Found 25 in ¼ÓÇ¿½î-11
2025-09-10 08:41:23,473 INFO  ExportHelperExtension.cs: 1145 - Found 0 features of type [RefAxis] in ¼ÓÇ¿½î-11
2025-09-10 08:41:23,473 INFO  ExportHelperExtension.cs: 1125 - Retrieving features of type [RefAxis] from ¼ÓÇ¿½î-4
2025-09-10 08:41:23,473 INFO  ExportHelperExtension.cs: 1136 - Found 25 in ¼ÓÇ¿½î-4
2025-09-10 08:41:23,473 INFO  ExportHelperExtension.cs: 1145 - Found 0 features of type [RefAxis] in ¼ÓÇ¿½î-4
2025-09-10 08:41:23,473 INFO  ExportHelperExtension.cs: 1125 - Retrieving features of type [RefAxis] from 24V60Ahï®µç³Ø300-200-100-1
2025-09-10 08:41:23,473 INFO  ExportHelperExtension.cs: 1136 - Found 26 in 24V60Ahï®µç³Ø300-200-100-1
2025-09-10 08:41:23,474 INFO  ExportHelperExtension.cs: 1145 - Found 0 features of type [RefAxis] in 24V60Ahï®µç³Ø300-200-100-1
2025-09-10 08:41:23,474 INFO  ExportHelperExtension.cs: 1125 - Retrieving features of type [RefAxis] from ¶þ²ãÔØ°å-1
2025-09-10 08:41:23,474 INFO  ExportHelperExtension.cs: 1136 - Found 89 in ¶þ²ãÔØ°å-1
2025-09-10 08:41:23,474 INFO  ExportHelperExtension.cs: 1145 - Found 0 features of type [RefAxis] in ¶þ²ãÔØ°å-1
2025-09-10 08:41:23,475 INFO  ExportHelperExtension.cs: 1125 - Retrieving features of type [RefAxis] from µç»ú¹Ì¶¨°å-2
2025-09-10 08:41:23,475 INFO  ExportHelperExtension.cs: 1136 - Found 38 in µç»ú¹Ì¶¨°å-2
2025-09-10 08:41:23,475 INFO  ExportHelperExtension.cs: 1145 - Found 0 features of type [RefAxis] in µç»ú¹Ì¶¨°å-2
2025-09-10 08:41:23,475 INFO  ExportHelperExtension.cs: 1125 - Retrieving features of type [RefAxis] from ¼ÓÇ¿½î-8
2025-09-10 08:41:23,475 INFO  ExportHelperExtension.cs: 1136 - Found 25 in ¼ÓÇ¿½î-8
2025-09-10 08:41:23,476 INFO  ExportHelperExtension.cs: 1145 - Found 0 features of type [RefAxis] in ¼ÓÇ¿½î-8
2025-09-10 08:41:23,476 INFO  ExportHelperExtension.cs: 1125 - Retrieving features of type [RefAxis] from ¼ÓÇ¿½î-14
2025-09-10 08:41:23,476 INFO  ExportHelperExtension.cs: 1136 - Found 25 in ¼ÓÇ¿½î-14
2025-09-10 08:41:23,476 INFO  ExportHelperExtension.cs: 1145 - Found 0 features of type [RefAxis] in ¼ÓÇ¿½î-14
2025-09-10 08:41:23,476 INFO  ExportHelperExtension.cs: 1125 - Retrieving features of type [RefAxis] from ¼ÓÇ¿½î-16
2025-09-10 08:41:23,477 INFO  ExportHelperExtension.cs: 1136 - Found 25 in ¼ÓÇ¿½î-16
2025-09-10 08:41:23,477 INFO  ExportHelperExtension.cs: 1145 - Found 0 features of type [RefAxis] in ¼ÓÇ¿½î-16
2025-09-10 08:41:23,477 INFO  ExportHelperExtension.cs: 1125 - Retrieving features of type [RefAxis] from ¼ÓÇ¿½î-18
2025-09-10 08:41:23,477 INFO  ExportHelperExtension.cs: 1136 - Found 25 in ¼ÓÇ¿½î-18
2025-09-10 08:41:23,477 INFO  ExportHelperExtension.cs: 1145 - Found 0 features of type [RefAxis] in ¼ÓÇ¿½î-18
2025-09-10 08:41:23,477 INFO  ExportHelperExtension.cs: 1125 - Retrieving features of type [RefAxis] from ²àÃæÖ§³Å°å-1
2025-09-10 08:41:23,478 INFO  ExportHelperExtension.cs: 1136 - Found 29 in ²àÃæÖ§³Å°å-1
2025-09-10 08:41:23,478 INFO  ExportHelperExtension.cs: 1145 - Found 0 features of type [RefAxis] in ²àÃæÖ§³Å°å-1
2025-09-10 08:41:23,478 INFO  ExportHelperExtension.cs: 1125 - Retrieving features of type [RefAxis] from Ç°°Ú±ÛºáÁº-1
2025-09-10 08:41:23,478 INFO  ExportHelperExtension.cs: 1136 - Found 29 in Ç°°Ú±ÛºáÁº-1
2025-09-10 08:41:23,478 INFO  ExportHelperExtension.cs: 1145 - Found 0 features of type [RefAxis] in Ç°°Ú±ÛºáÁº-1
2025-09-10 08:41:23,478 INFO  ExportHelperExtension.cs: 1125 - Retrieving features of type [RefAxis] from ¼ÓÇ¿½î-2
2025-09-10 08:41:23,479 INFO  ExportHelperExtension.cs: 1136 - Found 25 in ¼ÓÇ¿½î-2
2025-09-10 08:41:23,479 INFO  ExportHelperExtension.cs: 1145 - Found 0 features of type [RefAxis] in ¼ÓÇ¿½î-2
2025-09-10 08:41:23,479 INFO  ExportHelperExtension.cs: 1125 - Retrieving features of type [RefAxis] from ¼ÓÇ¿½î-9
2025-09-10 08:41:23,479 INFO  ExportHelperExtension.cs: 1136 - Found 25 in ¼ÓÇ¿½î-9
2025-09-10 08:41:23,479 INFO  ExportHelperExtension.cs: 1145 - Found 0 features of type [RefAxis] in ¼ÓÇ¿½î-9
2025-09-10 08:41:23,480 INFO  ExportHelperExtension.cs: 1125 - Retrieving features of type [RefAxis] from µç»ú¹Ì¶¨°å-1
2025-09-10 08:41:23,480 INFO  ExportHelperExtension.cs: 1136 - Found 38 in µç»ú¹Ì¶¨°å-1
2025-09-10 08:41:23,480 INFO  ExportHelperExtension.cs: 1145 - Found 0 features of type [RefAxis] in µç»ú¹Ì¶¨°å-1
2025-09-10 08:41:23,480 INFO  ExportHelperExtension.cs: 1125 - Retrieving features of type [RefAxis] from ¼ÓÇ¿½î-12
2025-09-10 08:41:23,480 INFO  ExportHelperExtension.cs: 1136 - Found 25 in ¼ÓÇ¿½î-12
2025-09-10 08:41:23,480 INFO  ExportHelperExtension.cs: 1145 - Found 0 features of type [RefAxis] in ¼ÓÇ¿½î-12
2025-09-10 08:41:23,481 INFO  ExportHelperExtension.cs: 1125 - Retrieving features of type [RefAxis] from ¶þ²ãÁ¬½Ó¼þ£¨×óÓÒ£©-1
2025-09-10 08:41:23,481 INFO  ExportHelperExtension.cs: 1136 - Found 34 in ¶þ²ãÁ¬½Ó¼þ£¨×óÓÒ£©-1
2025-09-10 08:41:23,481 INFO  ExportHelperExtension.cs: 1145 - Found 0 features of type [RefAxis] in ¶þ²ãÁ¬½Ó¼þ£¨×óÓÒ£©-1
2025-09-10 08:41:23,481 INFO  ExportHelperExtension.cs: 1125 - Retrieving features of type [RefAxis] from ÂÖì±µç»ú-2
2025-09-10 08:41:23,481 INFO  ExportHelperExtension.cs: 1136 - Found 24 in ÂÖì±µç»ú-2
2025-09-10 08:41:23,482 INFO  ExportHelperExtension.cs: 1145 - Found 0 features of type [RefAxis] in ÂÖì±µç»ú-2
2025-09-10 08:41:23,482 INFO  ExportHelperExtension.cs: 1125 - Retrieving features of type [RefAxis] from ¼ÓÇ¿½î-1
2025-09-10 08:41:23,482 INFO  ExportHelperExtension.cs: 1136 - Found 25 in ¼ÓÇ¿½î-1
2025-09-10 08:41:23,482 INFO  ExportHelperExtension.cs: 1145 - Found 0 features of type [RefAxis] in ¼ÓÇ¿½î-1
2025-09-10 08:41:23,482 INFO  ExportHelperExtension.cs: 1125 - Retrieving features of type [RefAxis] from ¼ÓÇ¿½î-6
2025-09-10 08:41:23,482 INFO  ExportHelperExtension.cs: 1136 - Found 25 in ¼ÓÇ¿½î-6
2025-09-10 08:41:23,483 INFO  ExportHelperExtension.cs: 1145 - Found 0 features of type [RefAxis] in ¼ÓÇ¿½î-6
2025-09-10 08:41:23,483 INFO  ExportHelperExtension.cs: 1125 - Retrieving features of type [RefAxis] from ÂÖì±µç»ú-1
2025-09-10 08:41:23,483 INFO  ExportHelperExtension.cs: 1136 - Found 24 in ÂÖì±µç»ú-1
2025-09-10 08:41:23,483 INFO  ExportHelperExtension.cs: 1145 - Found 0 features of type [RefAxis] in ÂÖì±µç»ú-1
2025-09-10 08:41:23,483 INFO  ExportHelperExtension.cs: 1125 - Retrieving features of type [RefAxis] from ¼ÓÇ¿½î-3
2025-09-10 08:41:23,483 INFO  ExportHelperExtension.cs: 1136 - Found 25 in ¼ÓÇ¿½î-3
2025-09-10 08:41:23,484 INFO  ExportHelperExtension.cs: 1145 - Found 0 features of type [RefAxis] in ¼ÓÇ¿½î-3
2025-09-10 08:41:23,484 INFO  ExportHelperExtension.cs: 1125 - Retrieving features of type [RefAxis] from ¼ÓÇ¿½î-10
2025-09-10 08:41:23,484 INFO  ExportHelperExtension.cs: 1136 - Found 25 in ¼ÓÇ¿½î-10
2025-09-10 08:41:23,484 INFO  ExportHelperExtension.cs: 1145 - Found 0 features of type [RefAxis] in ¼ÓÇ¿½î-10
2025-09-10 08:41:23,484 INFO  ExportHelperExtension.cs: 1125 - Retrieving features of type [RefAxis] from ¶þ²ãÁ¬½Ó¼þ£¨×óÓÒ£©-2
2025-09-10 08:41:23,484 INFO  ExportHelperExtension.cs: 1136 - Found 34 in ¶þ²ãÁ¬½Ó¼þ£¨×óÓÒ£©-2
2025-09-10 08:41:23,485 INFO  ExportHelperExtension.cs: 1145 - Found 0 features of type [RefAxis] in ¶þ²ãÁ¬½Ó¼þ£¨×óÓÒ£©-2
2025-09-10 08:41:23,485 INFO  ExportHelperExtension.cs: 1125 - Retrieving features of type [RefAxis] from ¶þ²ãÁ¬½Ó¼þ£¨Ç°£©-1
2025-09-10 08:41:23,485 INFO  ExportHelperExtension.cs: 1136 - Found 42 in ¶þ²ãÁ¬½Ó¼þ£¨Ç°£©-1
2025-09-10 08:41:23,485 INFO  ExportHelperExtension.cs: 1145 - Found 0 features of type [RefAxis] in ¶þ²ãÁ¬½Ó¼þ£¨Ç°£©-1
2025-09-10 08:41:23,485 INFO  ExportHelperExtension.cs: 1125 - Retrieving features of type [RefAxis] from µ×ÅÌ¼ÓÇ¿½î£¨ºá£©-1
2025-09-10 08:41:23,486 INFO  ExportHelperExtension.cs: 1136 - Found 29 in µ×ÅÌ¼ÓÇ¿½î£¨ºá£©-1
2025-09-10 08:41:23,486 INFO  ExportHelperExtension.cs: 1145 - Found 0 features of type [RefAxis] in µ×ÅÌ¼ÓÇ¿½î£¨ºá£©-1
2025-09-10 08:41:23,486 INFO  ExportHelperExtension.cs: 1125 - Retrieving features of type [RefAxis] from µ×ÅÌ¼ÓÇ¿½î£¨×Ý£©-1
2025-09-10 08:41:23,486 INFO  ExportHelperExtension.cs: 1136 - Found 31 in µ×ÅÌ¼ÓÇ¿½î£¨×Ý£©-1
2025-09-10 08:41:23,486 INFO  ExportHelperExtension.cs: 1145 - Found 0 features of type [RefAxis] in µ×ÅÌ¼ÓÇ¿½î£¨×Ý£©-1
2025-09-10 08:41:23,487 INFO  ExportHelperExtension.cs: 1125 - Retrieving features of type [RefAxis] from µç³ØºÐ-1
2025-09-10 08:41:23,487 INFO  ExportHelperExtension.cs: 1136 - Found 38 in µç³ØºÐ-1
2025-09-10 08:41:23,487 INFO  ExportHelperExtension.cs: 1145 - Found 0 features of type [RefAxis] in µç³ØºÐ-1
2025-09-10 08:41:23,487 INFO  ExportHelperExtension.cs: 1125 - Retrieving features of type [RefAxis] from ¼ÓÇ¿½î-13
2025-09-10 08:41:23,487 INFO  ExportHelperExtension.cs: 1136 - Found 25 in ¼ÓÇ¿½î-13
2025-09-10 08:41:23,487 INFO  ExportHelperExtension.cs: 1145 - Found 0 features of type [RefAxis] in ¼ÓÇ¿½î-13
2025-09-10 08:41:23,488 INFO  ExportHelperExtension.cs: 1125 - Retrieving features of type [RefAxis] from ¼ÓÇ¿½î-15
2025-09-10 08:41:23,488 INFO  ExportHelperExtension.cs: 1136 - Found 25 in ¼ÓÇ¿½î-15
2025-09-10 08:41:23,488 INFO  ExportHelperExtension.cs: 1145 - Found 0 features of type [RefAxis] in ¼ÓÇ¿½î-15
2025-09-10 08:41:23,488 INFO  ExportHelperExtension.cs: 1125 - Retrieving features of type [RefAxis] from ¼ÓÇ¿½î-17
2025-09-10 08:41:23,488 INFO  ExportHelperExtension.cs: 1136 - Found 25 in ¼ÓÇ¿½î-17
2025-09-10 08:41:23,488 INFO  ExportHelperExtension.cs: 1145 - Found 0 features of type [RefAxis] in ¼ÓÇ¿½î-17
2025-09-10 08:41:23,489 INFO  ExportHelperExtension.cs: 1125 - Retrieving features of type [RefAxis] from ZLAC8015D-V2_0-20210223.STEP-1
2025-09-10 08:41:23,489 INFO  ExportHelperExtension.cs: 1136 - Found 31 in ZLAC8015D-V2_0-20210223.STEP-1
2025-09-10 08:41:23,489 INFO  ExportHelperExtension.cs: 1145 - Found 0 features of type [RefAxis] in ZLAC8015D-V2_0-20210223.STEP-1
2025-09-10 08:41:23,489 INFO  ExportHelperExtension.cs: 1125 - Retrieving features of type [RefAxis] from µç³Ø²Ö£¨Ç°£©-1
2025-09-10 08:41:23,489 INFO  ExportHelperExtension.cs: 1136 - Found 25 in µç³Ø²Ö£¨Ç°£©-1
2025-09-10 08:41:23,490 INFO  ExportHelperExtension.cs: 1145 - Found 0 features of type [RefAxis] in µç³Ø²Ö£¨Ç°£©-1
2025-09-10 08:41:23,490 INFO  ExportHelperExtension.cs: 1125 - Retrieving features of type [RefAxis] from ¶þ²ã²àÃæÖ§³Å°å-6
2025-09-10 08:41:23,490 INFO  ExportHelperExtension.cs: 1136 - Found 32 in ¶þ²ã²àÃæÖ§³Å°å-6
2025-09-10 08:41:23,490 INFO  ExportHelperExtension.cs: 1145 - Found 0 features of type [RefAxis] in ¶þ²ã²àÃæÖ§³Å°å-6
2025-09-10 08:41:23,490 INFO  ExportHelperExtension.cs: 1125 - Retrieving features of type [RefAxis] from ¶þ²ã²àÃæÖ§³Å°å-1
2025-09-10 08:41:23,490 INFO  ExportHelperExtension.cs: 1136 - Found 32 in ¶þ²ã²àÃæÖ§³Å°å-1
2025-09-10 08:41:23,491 INFO  ExportHelperExtension.cs: 1145 - Found 0 features of type [RefAxis] in ¶þ²ã²àÃæÖ§³Å°å-1
2025-09-10 08:41:23,491 INFO  ExportHelperExtension.cs: 1125 - Retrieving features of type [RefAxis] from ¶þ²ã²àÃæÖ§³Å°å-7
2025-09-10 08:41:23,491 INFO  ExportHelperExtension.cs: 1136 - Found 32 in ¶þ²ã²àÃæÖ§³Å°å-7
2025-09-10 08:41:23,491 INFO  ExportHelperExtension.cs: 1145 - Found 0 features of type [RefAxis] in ¶þ²ã²àÃæÖ§³Å°å-7
2025-09-10 08:41:23,492 INFO  ExportHelperExtension.cs: 1125 - Retrieving features of type [RefAxis] from ¶þ²ã²àÃæÖ§³Å°å-8
2025-09-10 08:41:23,492 INFO  ExportHelperExtension.cs: 1136 - Found 32 in ¶þ²ã²àÃæÖ§³Å°å-8
2025-09-10 08:41:23,492 INFO  ExportHelperExtension.cs: 1145 - Found 0 features of type [RefAxis] in ¶þ²ã²àÃæÖ§³Å°å-8
2025-09-10 08:41:23,492 INFO  ExportHelperExtension.cs: 1125 - Retrieving features of type [RefAxis] from µç³Ø²Ö£¨Ç°£©-2
2025-09-10 08:41:23,492 INFO  ExportHelperExtension.cs: 1136 - Found 25 in µç³Ø²Ö£¨Ç°£©-2
2025-09-10 08:41:23,493 INFO  ExportHelperExtension.cs: 1145 - Found 0 features of type [RefAxis] in µç³Ø²Ö£¨Ç°£©-2
2025-09-10 08:41:23,493 INFO  ExportHelperExtension.cs: 1125 - Retrieving features of type [RefAxis] from µç³Ø²Ö£¨ºó£©-1
2025-09-10 08:41:23,493 INFO  ExportHelperExtension.cs: 1136 - Found 27 in µç³Ø²Ö£¨ºó£©-1
2025-09-10 08:41:23,493 INFO  ExportHelperExtension.cs: 1145 - Found 0 features of type [RefAxis] in µç³Ø²Ö£¨ºó£©-1
2025-09-10 08:41:23,493 INFO  ExportHelperExtension.cs: 1125 - Retrieving features of type [RefAxis] from µç³Ø²Ö£¨²à£©-1
2025-09-10 08:41:23,494 INFO  ExportHelperExtension.cs: 1136 - Found 29 in µç³Ø²Ö£¨²à£©-1
2025-09-10 08:41:23,494 INFO  ExportHelperExtension.cs: 1145 - Found 0 features of type [RefAxis] in µç³Ø²Ö£¨²à£©-1
2025-09-10 08:41:23,494 INFO  ExportHelperExtension.cs: 1125 - Retrieving features of type [RefAxis] from µç³Ø²Ö£¨²à£©-2
2025-09-10 08:41:23,494 INFO  ExportHelperExtension.cs: 1136 - Found 29 in µç³Ø²Ö£¨²à£©-2
2025-09-10 08:41:23,494 INFO  ExportHelperExtension.cs: 1145 - Found 0 features of type [RefAxis] in µç³Ø²Ö£¨²à£©-2
2025-09-10 08:41:23,494 INFO  ExportHelperExtension.cs: 1125 - Retrieving features of type [RefAxis] from µç³Ø²Ö£¨µ×£©-1
2025-09-10 08:41:23,495 INFO  ExportHelperExtension.cs: 1136 - Found 30 in µç³Ø²Ö£¨µ×£©-1
2025-09-10 08:41:23,495 INFO  ExportHelperExtension.cs: 1145 - Found 0 features of type [RefAxis] in µç³Ø²Ö£¨µ×£©-1
2025-09-10 08:41:23,495 INFO  ExportHelperExtension.cs: 1125 - Retrieving features of type [RefAxis] from ¶þ²ã²àÃæÖ§³Å°å-4
2025-09-10 08:41:23,495 INFO  ExportHelperExtension.cs: 1136 - Found 32 in ¶þ²ã²àÃæÖ§³Å°å-4
2025-09-10 08:41:23,496 INFO  ExportHelperExtension.cs: 1145 - Found 0 features of type [RefAxis] in ¶þ²ã²àÃæÖ§³Å°å-4
2025-09-10 08:41:23,496 INFO  ExportHelperExtension.cs: 1125 - Retrieving features of type [RefAxis] from ÔØÖØ»·-1
2025-09-10 08:41:23,496 INFO  ExportHelperExtension.cs: 1136 - Found 199 in ÔØÖØ»·-1
2025-09-10 08:41:23,497 INFO  ExportHelperExtension.cs: 1145 - Found 0 features of type [RefAxis] in ÔØÖØ»·-1
2025-09-10 08:41:23,497 INFO  ExportHelperExtension.cs: 1125 - Retrieving features of type [RefAxis] from ¶þ²ã²àÃæÖ§³Å°å-5
2025-09-10 08:41:23,497 INFO  ExportHelperExtension.cs: 1136 - Found 32 in ¶þ²ã²àÃæÖ§³Å°å-5
2025-09-10 08:41:23,497 INFO  ExportHelperExtension.cs: 1145 - Found 0 features of type [RefAxis] in ¶þ²ã²àÃæÖ§³Å°å-5
2025-09-10 08:41:23,497 INFO  ExportHelperExtension.cs: 1125 - Retrieving features of type [RefAxis] from ÂÁÐÍ²Ä3030-300-1
2025-09-10 08:41:23,498 INFO  ExportHelperExtension.cs: 1136 - Found 26 in ÂÁÐÍ²Ä3030-300-1
2025-09-10 08:41:23,498 INFO  ExportHelperExtension.cs: 1145 - Found 0 features of type [RefAxis] in ÂÁÐÍ²Ä3030-300-1
2025-09-10 08:41:23,498 INFO  ExportHelperExtension.cs: 1125 - Retrieving features of type [RefAxis] from Íâ¿Ç£¨ºó£©1-1
2025-09-10 08:41:23,498 INFO  ExportHelperExtension.cs: 1136 - Found 48 in Íâ¿Ç£¨ºó£©1-1
2025-09-10 08:41:23,498 INFO  ExportHelperExtension.cs: 1145 - Found 0 features of type [RefAxis] in Íâ¿Ç£¨ºó£©1-1
2025-09-10 08:41:23,499 INFO  ExportHelperExtension.cs: 1125 - Retrieving features of type [RefAxis] from ÂÁÐÍ²Ä3030-300-3
2025-09-10 08:41:23,499 INFO  ExportHelperExtension.cs: 1136 - Found 26 in ÂÁÐÍ²Ä3030-300-3
2025-09-10 08:41:23,499 INFO  ExportHelperExtension.cs: 1145 - Found 0 features of type [RefAxis] in ÂÁÐÍ²Ä3030-300-3
2025-09-10 08:41:23,499 INFO  ExportHelperExtension.cs: 1125 - Retrieving features of type [RefAxis] from Íâ¿ÇÁ¬½Ó¼ÓÇ¿¼þ-2
2025-09-10 08:41:23,499 INFO  ExportHelperExtension.cs: 1136 - Found 42 in Íâ¿ÇÁ¬½Ó¼ÓÇ¿¼þ-2
2025-09-10 08:41:23,500 INFO  ExportHelperExtension.cs: 1145 - Found 0 features of type [RefAxis] in Íâ¿ÇÁ¬½Ó¼ÓÇ¿¼þ-2
2025-09-10 08:41:23,500 INFO  ExportHelperExtension.cs: 1125 - Retrieving features of type [RefAxis] from Íâ¿ÇÁ¬½Ó¼ÓÇ¿¼þ-4
2025-09-10 08:41:23,500 INFO  ExportHelperExtension.cs: 1136 - Found 42 in Íâ¿ÇÁ¬½Ó¼ÓÇ¿¼þ-4
2025-09-10 08:41:23,500 INFO  ExportHelperExtension.cs: 1145 - Found 0 features of type [RefAxis] in Íâ¿ÇÁ¬½Ó¼ÓÇ¿¼þ-4
2025-09-10 08:41:23,500 INFO  ExportHelperExtension.cs: 1125 - Retrieving features of type [RefAxis] from ÆÁÄ»¹Ì¶¨°å£¨²àÃæ£©-1
2025-09-10 08:41:23,501 INFO  ExportHelperExtension.cs: 1136 - Found 25 in ÆÁÄ»¹Ì¶¨°å£¨²àÃæ£©-1
2025-09-10 08:41:23,501 INFO  ExportHelperExtension.cs: 1145 - Found 0 features of type [RefAxis] in ÆÁÄ»¹Ì¶¨°å£¨²àÃæ£©-1
2025-09-10 08:41:23,501 INFO  ExportHelperExtension.cs: 1125 - Retrieving features of type [RefAxis] from MIIVII EVO ONX_V2.0.01-1
2025-09-10 08:41:23,501 INFO  ExportHelperExtension.cs: 1136 - Found 36 in MIIVII EVO ONX_V2.0.01-1
2025-09-10 08:41:23,505 INFO  ExportHelperExtension.cs: 1145 - Found 0 features of type [RefAxis] in MIIVII EVO ONX_V2.0.01-1
2025-09-10 08:41:23,506 INFO  ExportHelperExtension.cs: 1125 - Retrieving features of type [RefAxis] from ÔØ°å-1
2025-09-10 08:41:23,519 INFO  ExportHelperExtension.cs: 1136 - Found 39 in ÔØ°å-1
2025-09-10 08:41:23,520 INFO  ExportHelperExtension.cs: 1145 - Found 0 features of type [RefAxis] in ÔØ°å-1
2025-09-10 08:41:23,520 INFO  ExportHelperExtension.cs: 1125 - Retrieving features of type [RefAxis] from ·öÊÖ-1
2025-09-10 08:41:23,520 INFO  ExportHelperExtension.cs: 1136 - Found 39 in ·öÊÖ-1
2025-09-10 08:41:23,520 INFO  ExportHelperExtension.cs: 1145 - Found 0 features of type [RefAxis] in ·öÊÖ-1
2025-09-10 08:41:23,520 INFO  ExportHelperExtension.cs: 1125 - Retrieving features of type [RefAxis] from À×´ï_À×ÉñN10-1
2025-09-10 08:41:23,521 INFO  ExportHelperExtension.cs: 1136 - Found 36 in À×´ï_À×ÉñN10-1
2025-09-10 08:41:23,521 INFO  ExportHelperExtension.cs: 1145 - Found 0 features of type [RefAxis] in À×´ï_À×ÉñN10-1
2025-09-10 08:41:23,521 INFO  ExportHelperExtension.cs: 1125 - Retrieving features of type [RefAxis] from Íâ¿Ç£¨²à£©2-1
2025-09-10 08:41:23,521 INFO  ExportHelperExtension.cs: 1136 - Found 50 in Íâ¿Ç£¨²à£©2-1
2025-09-10 08:41:23,522 INFO  ExportHelperExtension.cs: 1145 - Found 0 features of type [RefAxis] in Íâ¿Ç£¨²à£©2-1
2025-09-10 08:41:23,522 INFO  ExportHelperExtension.cs: 1125 - Retrieving features of type [RefAxis] from ¹ßµ¼Ä£¿é_·ÀË®°æN100WP(N200WP_N300WP)¿Í»§Í¼-1
2025-09-10 08:41:23,522 INFO  ExportHelperExtension.cs: 1136 - Found 36 in ¹ßµ¼Ä£¿é_·ÀË®°æN100WP(N200WP_N300WP)¿Í»§Í¼-1
2025-09-10 08:41:23,522 INFO  ExportHelperExtension.cs: 1145 - Found 0 features of type [RefAxis] in ¹ßµ¼Ä£¿é_·ÀË®°æN100WP(N200WP_N300WP)¿Í»§Í¼-1
2025-09-10 08:41:23,522 INFO  ExportHelperExtension.cs: 1125 - Retrieving features of type [RefAxis] from ÆÁÄ»-1
2025-09-10 08:41:23,522 INFO  ExportHelperExtension.cs: 1136 - Found 31 in ÆÁÄ»-1
2025-09-10 08:41:23,523 INFO  ExportHelperExtension.cs: 1145 - Found 0 features of type [RefAxis] in ÆÁÄ»-1
2025-09-10 08:41:23,523 INFO  ExportHelperExtension.cs: 1125 - Retrieving features of type [RefAxis] from Íâ¿Ç£¨Ç°£©1-1
2025-09-10 08:41:23,523 INFO  ExportHelperExtension.cs: 1136 - Found 62 in Íâ¿Ç£¨Ç°£©1-1
2025-09-10 08:41:23,524 INFO  ExportHelperExtension.cs: 1145 - Found 0 features of type [RefAxis] in Íâ¿Ç£¨Ç°£©1-1
2025-09-10 08:41:23,524 INFO  ExportHelperExtension.cs: 1125 - Retrieving features of type [RefAxis] from ¶þ²ã²àÃæÖ§³Å°å£¨Ç°£©-1
2025-09-10 08:41:23,524 INFO  ExportHelperExtension.cs: 1136 - Found 28 in ¶þ²ã²àÃæÖ§³Å°å£¨Ç°£©-1
2025-09-10 08:41:23,524 INFO  ExportHelperExtension.cs: 1145 - Found 0 features of type [RefAxis] in ¶þ²ã²àÃæÖ§³Å°å£¨Ç°£©-1
2025-09-10 08:41:23,524 INFO  ExportHelperExtension.cs: 1125 - Retrieving features of type [RefAxis] from ÆÁÄ»¹Ì¶¨°å£¨µ×Ãæ£©-1
2025-09-10 08:41:23,524 INFO  ExportHelperExtension.cs: 1136 - Found 25 in ÆÁÄ»¹Ì¶¨°å£¨µ×Ãæ£©-1
2025-09-10 08:41:23,525 INFO  ExportHelperExtension.cs: 1145 - Found 0 features of type [RefAxis] in ÆÁÄ»¹Ì¶¨°å£¨µ×Ãæ£©-1
2025-09-10 08:41:23,525 INFO  ExportHelperExtension.cs: 1125 - Retrieving features of type [RefAxis] from ÎÞÏß³äµçÄ£¿é2-1
2025-09-10 08:41:23,525 INFO  ExportHelperExtension.cs: 1136 - Found 23 in ÎÞÏß³äµçÄ£¿é2-1
2025-09-10 08:41:23,525 INFO  ExportHelperExtension.cs: 1145 - Found 0 features of type [RefAxis] in ÎÞÏß³äµçÄ£¿é2-1
2025-09-10 08:41:23,525 INFO  ExportHelperExtension.cs: 1125 - Retrieving features of type [RefAxis] from ÆÁÄ»¹Ì¶¨°å£¨²àÃæ£©-2
2025-09-10 08:41:23,526 INFO  ExportHelperExtension.cs: 1136 - Found 25 in ÆÁÄ»¹Ì¶¨°å£¨²àÃæ£©-2
2025-09-10 08:41:23,526 INFO  ExportHelperExtension.cs: 1145 - Found 0 features of type [RefAxis] in ÆÁÄ»¹Ì¶¨°å£¨²àÃæ£©-2
2025-09-10 08:41:23,526 INFO  ExportHelperExtension.cs: 1125 - Retrieving features of type [RefAxis] from Íâ¿Ç£¨²à£©1-1
2025-09-10 08:41:23,526 INFO  ExportHelperExtension.cs: 1136 - Found 50 in Íâ¿Ç£¨²à£©1-1
2025-09-10 08:41:23,526 INFO  ExportHelperExtension.cs: 1145 - Found 0 features of type [RefAxis] in Íâ¿Ç£¨²à£©1-1
2025-09-10 08:41:23,527 INFO  ExportHelperExtension.cs: 1125 - Retrieving features of type [RefAxis] from ·öÊÖ-2
2025-09-10 08:41:23,527 INFO  ExportHelperExtension.cs: 1136 - Found 39 in ·öÊÖ-2
2025-09-10 08:41:23,527 INFO  ExportHelperExtension.cs: 1145 - Found 0 features of type [RefAxis] in ·öÊÖ-2
2025-09-10 08:41:23,527 INFO  ExportHelperExtension.cs: 1125 - Retrieving features of type [RefAxis] from ¶þ²ã²àÃæÖ§³Å°å£¨Ç°£©-2
2025-09-10 08:41:23,527 INFO  ExportHelperExtension.cs: 1136 - Found 28 in ¶þ²ã²àÃæÖ§³Å°å£¨Ç°£©-2
2025-09-10 08:41:23,528 INFO  ExportHelperExtension.cs: 1145 - Found 0 features of type [RefAxis] in ¶þ²ã²àÃæÖ§³Å°å£¨Ç°£©-2
2025-09-10 08:41:23,528 INFO  ExportHelperExtension.cs: 1125 - Retrieving features of type [RefAxis] from ÂÁÐÍ²Ä3030-300-2
2025-09-10 08:41:23,528 INFO  ExportHelperExtension.cs: 1136 - Found 26 in ÂÁÐÍ²Ä3030-300-2
2025-09-10 08:41:23,528 INFO  ExportHelperExtension.cs: 1145 - Found 0 features of type [RefAxis] in ÂÁÐÍ²Ä3030-300-2
2025-09-10 08:41:23,528 INFO  ExportHelperExtension.cs: 1125 - Retrieving features of type [RefAxis] from ÂÁÐÍ²Ä3030-1300-1
2025-09-10 08:41:23,528 INFO  ExportHelperExtension.cs: 1136 - Found 26 in ÂÁÐÍ²Ä3030-1300-1
2025-09-10 08:41:23,529 INFO  ExportHelperExtension.cs: 1145 - Found 0 features of type [RefAxis] in ÂÁÐÍ²Ä3030-1300-1
2025-09-10 08:41:23,529 INFO  ExportHelperExtension.cs: 1125 - Retrieving features of type [RefAxis] from ÂÁÐÍ²Ä3030-1300-2
2025-09-10 08:41:23,529 INFO  ExportHelperExtension.cs: 1136 - Found 26 in ÂÁÐÍ²Ä3030-1300-2
2025-09-10 08:41:23,529 INFO  ExportHelperExtension.cs: 1145 - Found 0 features of type [RefAxis] in ÂÁÐÍ²Ä3030-1300-2
2025-09-10 08:41:23,529 INFO  ExportHelperExtension.cs: 1125 - Retrieving features of type [RefAxis] from Íâ¿ÇÁ¬½Ó¼ÓÇ¿¼þ-1
2025-09-10 08:41:23,530 INFO  ExportHelperExtension.cs: 1136 - Found 42 in Íâ¿ÇÁ¬½Ó¼ÓÇ¿¼þ-1
2025-09-10 08:41:23,530 INFO  ExportHelperExtension.cs: 1145 - Found 0 features of type [RefAxis] in Íâ¿ÇÁ¬½Ó¼ÓÇ¿¼þ-1
2025-09-10 08:41:23,530 INFO  ExportHelperExtension.cs: 1125 - Retrieving features of type [RefAxis] from Íâ¿ÇÁ¬½Ó¼ÓÇ¿¼þ-3
2025-09-10 08:41:23,530 INFO  ExportHelperExtension.cs: 1136 - Found 42 in Íâ¿ÇÁ¬½Ó¼ÓÇ¿¼þ-3
2025-09-10 08:41:23,530 INFO  ExportHelperExtension.cs: 1145 - Found 0 features of type [RefAxis] in Íâ¿ÇÁ¬½Ó¼ÓÇ¿¼þ-3
2025-09-10 08:41:23,530 INFO  ExportHelperExtension.cs: 1125 - Retrieving features of type [RefAxis] from Íâ¿ÇÁ¬½Ó¼ÓÇ¿¼þ-7
2025-09-10 08:41:23,531 INFO  ExportHelperExtension.cs: 1136 - Found 42 in Íâ¿ÇÁ¬½Ó¼ÓÇ¿¼þ-7
2025-09-10 08:41:23,531 INFO  ExportHelperExtension.cs: 1145 - Found 0 features of type [RefAxis] in Íâ¿ÇÁ¬½Ó¼ÓÇ¿¼þ-7
2025-09-10 08:41:23,531 INFO  ExportHelperExtension.cs: 1125 - Retrieving features of type [RefAxis] from Íâ¿ÇÁ¬½Ó¼ÓÇ¿¼þ-5
2025-09-10 08:41:23,531 INFO  ExportHelperExtension.cs: 1136 - Found 42 in Íâ¿ÇÁ¬½Ó¼ÓÇ¿¼þ-5
2025-09-10 08:41:23,531 INFO  ExportHelperExtension.cs: 1145 - Found 0 features of type [RefAxis] in Íâ¿ÇÁ¬½Ó¼ÓÇ¿¼þ-5
2025-09-10 08:41:23,532 INFO  ExportHelperExtension.cs: 1125 - Retrieving features of type [RefAxis] from Íâ¿ÇÁ¬½Ó¼ÓÇ¿¼þ-10
2025-09-10 08:41:23,532 INFO  ExportHelperExtension.cs: 1136 - Found 42 in Íâ¿ÇÁ¬½Ó¼ÓÇ¿¼þ-10
2025-09-10 08:41:23,532 INFO  ExportHelperExtension.cs: 1145 - Found 0 features of type [RefAxis] in Íâ¿ÇÁ¬½Ó¼ÓÇ¿¼þ-10
2025-09-10 08:41:23,532 INFO  ExportHelperExtension.cs: 1125 - Retrieving features of type [RefAxis] from Íâ¿ÇÁ¬½Ó¼ÓÇ¿¼þ-11
2025-09-10 08:41:23,532 INFO  ExportHelperExtension.cs: 1136 - Found 42 in Íâ¿ÇÁ¬½Ó¼ÓÇ¿¼þ-11
2025-09-10 08:41:23,533 INFO  ExportHelperExtension.cs: 1145 - Found 0 features of type [RefAxis] in Íâ¿ÇÁ¬½Ó¼ÓÇ¿¼þ-11
2025-09-10 08:41:23,533 INFO  ExportHelperExtension.cs: 1125 - Retrieving features of type [RefAxis] from Ïð½º¼õÕðÆ÷M4-12 D15-H10-2
2025-09-10 08:41:23,533 INFO  ExportHelperExtension.cs: 1136 - Found 27 in Ïð½º¼õÕðÆ÷M4-12 D15-H10-2
2025-09-10 08:41:23,533 INFO  ExportHelperExtension.cs: 1145 - Found 0 features of type [RefAxis] in Ïð½º¼õÕðÆ÷M4-12 D15-H10-2
2025-09-10 08:41:23,533 INFO  ExportHelperExtension.cs: 1125 - Retrieving features of type [RefAxis] from ÆÁÄ»¹Ì¶¨°å-2
2025-09-10 08:41:23,534 INFO  ExportHelperExtension.cs: 1136 - Found 27 in ÆÁÄ»¹Ì¶¨°å-2
2025-09-10 08:41:23,534 INFO  ExportHelperExtension.cs: 1145 - Found 0 features of type [RefAxis] in ÆÁÄ»¹Ì¶¨°å-2
2025-09-10 08:41:23,534 INFO  ExportHelperExtension.cs: 1125 - Retrieving features of type [RefAxis] from Íâ¿ÇÁ¬½Ó¼ÓÇ¿¼þ-6
2025-09-10 08:41:23,534 INFO  ExportHelperExtension.cs: 1136 - Found 42 in Íâ¿ÇÁ¬½Ó¼ÓÇ¿¼þ-6
2025-09-10 08:41:23,534 INFO  ExportHelperExtension.cs: 1145 - Found 0 features of type [RefAxis] in Íâ¿ÇÁ¬½Ó¼ÓÇ¿¼þ-6
2025-09-10 08:41:23,534 INFO  ExportHelperExtension.cs: 1125 - Retrieving features of type [RefAxis] from Íâ¿ÇÁ¬½Ó¼ÓÇ¿¼þ-9
2025-09-10 08:41:23,535 INFO  ExportHelperExtension.cs: 1136 - Found 42 in Íâ¿ÇÁ¬½Ó¼ÓÇ¿¼þ-9
2025-09-10 08:41:23,535 INFO  ExportHelperExtension.cs: 1145 - Found 0 features of type [RefAxis] in Íâ¿ÇÁ¬½Ó¼ÓÇ¿¼þ-9
2025-09-10 08:41:23,535 INFO  ExportHelperExtension.cs: 1125 - Retrieving features of type [RefAxis] from ÆÁÄ»¹Ì¶¨°å-1
2025-09-10 08:41:23,535 INFO  ExportHelperExtension.cs: 1136 - Found 27 in ÆÁÄ»¹Ì¶¨°å-1
2025-09-10 08:41:23,536 INFO  ExportHelperExtension.cs: 1145 - Found 0 features of type [RefAxis] in ÆÁÄ»¹Ì¶¨°å-1
2025-09-10 08:41:23,536 INFO  ExportHelperExtension.cs: 1125 - Retrieving features of type [RefAxis] from Ïð½º¼õÕðÆ÷M4-12 D15-H10-1
2025-09-10 08:41:23,536 INFO  ExportHelperExtension.cs: 1136 - Found 27 in Ïð½º¼õÕðÆ÷M4-12 D15-H10-1
2025-09-10 08:41:23,536 INFO  ExportHelperExtension.cs: 1145 - Found 0 features of type [RefAxis] in Ïð½º¼õÕðÆ÷M4-12 D15-H10-1
2025-09-10 08:41:23,536 INFO  ExportHelperExtension.cs: 1125 - Retrieving features of type [RefAxis] from Íâ¿ÇÁ¬½Ó¼ÓÇ¿¼þ-12
2025-09-10 08:41:23,536 INFO  ExportHelperExtension.cs: 1136 - Found 42 in Íâ¿ÇÁ¬½Ó¼ÓÇ¿¼þ-12
2025-09-10 08:41:23,537 INFO  ExportHelperExtension.cs: 1145 - Found 0 features of type [RefAxis] in Íâ¿ÇÁ¬½Ó¼ÓÇ¿¼þ-12
2025-09-10 08:41:23,537 INFO  ExportHelperExtension.cs: 1125 - Retrieving features of type [RefAxis] from ÂÁÐÍ²Ä3030-1000-1
2025-09-10 08:41:23,537 INFO  ExportHelperExtension.cs: 1136 - Found 26 in ÂÁÐÍ²Ä3030-1000-1
2025-09-10 08:41:23,537 INFO  ExportHelperExtension.cs: 1145 - Found 0 features of type [RefAxis] in ÂÁÐÍ²Ä3030-1000-1
2025-09-10 08:41:23,538 INFO  ExportHelperExtension.cs: 1125 - Retrieving features of type [RefAxis] from ÂÁÐÍ²Ä3030-300-5
2025-09-10 08:41:23,538 INFO  ExportHelperExtension.cs: 1136 - Found 26 in ÂÁÐÍ²Ä3030-300-5
2025-09-10 08:41:23,538 INFO  ExportHelperExtension.cs: 1145 - Found 0 features of type [RefAxis] in ÂÁÐÍ²Ä3030-300-5
2025-09-10 08:41:23,538 INFO  ExportHelperExtension.cs: 1125 - Retrieving features of type [RefAxis] from µÆÌõ¹Ì¶¨¼þ1-1
2025-09-10 08:41:23,538 INFO  ExportHelperExtension.cs: 1136 - Found 31 in µÆÌõ¹Ì¶¨¼þ1-1
2025-09-10 08:41:23,538 INFO  ExportHelperExtension.cs: 1145 - Found 0 features of type [RefAxis] in µÆÌõ¹Ì¶¨¼þ1-1
2025-09-10 08:41:23,538 INFO  ExportHelperExtension.cs: 1125 - Retrieving features of type [RefAxis] from ÂÁÐÍ²Ä3030-1000-2
2025-09-10 08:41:23,539 INFO  ExportHelperExtension.cs: 1136 - Found 26 in ÂÁÐÍ²Ä3030-1000-2
2025-09-10 08:41:23,539 INFO  ExportHelperExtension.cs: 1145 - Found 0 features of type [RefAxis] in ÂÁÐÍ²Ä3030-1000-2
2025-09-10 08:41:23,539 INFO  ExportHelperExtension.cs: 1125 - Retrieving features of type [RefAxis] from ÂÁÐÍ²Ä3030-300-6
2025-09-10 08:41:23,539 INFO  ExportHelperExtension.cs: 1136 - Found 26 in ÂÁÐÍ²Ä3030-300-6
2025-09-10 08:41:23,539 INFO  ExportHelperExtension.cs: 1145 - Found 0 features of type [RefAxis] in ÂÁÐÍ²Ä3030-300-6
2025-09-10 08:41:23,540 INFO  ExportHelperExtension.cs: 1125 - Retrieving features of type [RefAxis] from ÂÁÐÍ²Ä3030-300-4
2025-09-10 08:41:23,540 INFO  ExportHelperExtension.cs: 1136 - Found 26 in ÂÁÐÍ²Ä3030-300-4
2025-09-10 08:41:23,540 INFO  ExportHelperExtension.cs: 1145 - Found 0 features of type [RefAxis] in ÂÁÐÍ²Ä3030-300-4
2025-09-10 08:41:23,540 INFO  ExportHelperExtension.cs: 1125 - Retrieving features of type [RefAxis] from Íâ¿ÇÁ¬½Ó¼ÓÇ¿¼þ-8
2025-09-10 08:41:23,540 INFO  ExportHelperExtension.cs: 1136 - Found 42 in Íâ¿ÇÁ¬½Ó¼ÓÇ¿¼þ-8
2025-09-10 08:41:23,542 INFO  ExportHelperExtension.cs: 1145 - Found 0 features of type [RefAxis] in Íâ¿ÇÁ¬½Ó¼ÓÇ¿¼þ-8
2025-09-10 08:41:23,542 INFO  ExportHelperExtension.cs: 1125 - Retrieving features of type [RefAxis] from ¿ª¹Ø¹Ì¶¨°å-1
2025-09-10 08:41:23,542 INFO  ExportHelperExtension.cs: 1136 - Found 28 in ¿ª¹Ø¹Ì¶¨°å-1
2025-09-10 08:41:23,542 INFO  ExportHelperExtension.cs: 1145 - Found 0 features of type [RefAxis] in ¿ª¹Ø¹Ì¶¨°å-1
2025-09-10 08:41:23,543 INFO  ExportHelperExtension.cs: 1125 - Retrieving features of type [RefAxis] from ÂÁÐÍ²Ä3030-300-8
2025-09-10 08:41:23,543 INFO  ExportHelperExtension.cs: 1136 - Found 26 in ÂÁÐÍ²Ä3030-300-8
2025-09-10 08:41:23,543 INFO  ExportHelperExtension.cs: 1145 - Found 0 features of type [RefAxis] in ÂÁÐÍ²Ä3030-300-8
2025-09-10 08:41:23,543 INFO  ExportHelperExtension.cs: 1125 - Retrieving features of type [RefAxis] from Mid360¹Ì¶¨×ù-1
2025-09-10 08:41:23,543 INFO  ExportHelperExtension.cs: 1136 - Found 38 in Mid360¹Ì¶¨×ù-1
2025-09-10 08:41:23,544 INFO  ExportHelperExtension.cs: 1145 - Found 0 features of type [RefAxis] in Mid360¹Ì¶¨×ù-1
2025-09-10 08:41:23,544 INFO  ExportHelperExtension.cs: 1125 - Retrieving features of type [RefAxis] from E-CLHJ75-N-1
2025-09-10 08:41:23,544 INFO  ExportHelperExtension.cs: 1136 - Found 24 in E-CLHJ75-N-1
2025-09-10 08:41:23,544 INFO  ExportHelperExtension.cs: 1145 - Found 0 features of type [RefAxis] in E-CLHJ75-N-1
2025-09-10 08:41:23,544 INFO  ExportHelperExtension.cs: 1125 - Retrieving features of type [RefAxis] from ³¬Éù²¨Ì½Í·¹Ì¶¨¼þ-2
2025-09-10 08:41:23,545 INFO  ExportHelperExtension.cs: 1136 - Found 36 in ³¬Éù²¨Ì½Í·¹Ì¶¨¼þ-2
2025-09-10 08:41:23,545 INFO  ExportHelperExtension.cs: 1145 - Found 0 features of type [RefAxis] in ³¬Éù²¨Ì½Í·¹Ì¶¨¼þ-2
2025-09-10 08:41:23,545 INFO  ExportHelperExtension.cs: 1125 - Retrieving features of type [RefAxis] from E-CLHJ75-N-2
2025-09-10 08:41:23,545 INFO  ExportHelperExtension.cs: 1136 - Found 24 in E-CLHJ75-N-2
2025-09-10 08:41:23,545 INFO  ExportHelperExtension.cs: 1145 - Found 0 features of type [RefAxis] in E-CLHJ75-N-2
2025-09-10 08:41:23,546 INFO  ExportHelperExtension.cs: 1125 - Retrieving features of type [RefAxis] from ³¬Éù²¨Ì½Í·¹Ì¶¨¼þ-1
2025-09-10 08:41:23,546 INFO  ExportHelperExtension.cs: 1136 - Found 36 in ³¬Éù²¨Ì½Í·¹Ì¶¨¼þ-1
2025-09-10 08:41:23,546 INFO  ExportHelperExtension.cs: 1145 - Found 0 features of type [RefAxis] in ³¬Éù²¨Ì½Í·¹Ì¶¨¼þ-1
2025-09-10 08:41:23,546 INFO  ExportHelperExtension.cs: 1125 - Retrieving features of type [RefAxis] from mid-360-asm-1
2025-09-10 08:41:23,546 INFO  ExportHelperExtension.cs: 1136 - Found 24 in mid-360-asm-1
2025-09-10 08:41:23,547 INFO  ExportHelperExtension.cs: 1145 - Found 0 features of type [RefAxis] in mid-360-asm-1
2025-09-10 08:41:23,547 INFO  ExportHelperExtension.cs: 1125 - Retrieving features of type [RefAxis] from ³äµç×®×Ü×°-1
2025-09-10 08:41:23,547 INFO  ExportHelperExtension.cs: 1136 - Found 31 in ³äµç×®×Ü×°-1
2025-09-10 08:41:23,547 INFO  ExportHelperExtension.cs: 1145 - Found 0 features of type [RefAxis] in ³äµç×®×Ü×°-1
2025-09-10 08:41:23,547 INFO  ExportHelperExtension.cs: 1125 - Retrieving features of type [RefAxis] from ÂÁÐÍ²Ä3030-300-7
2025-09-10 08:41:23,548 INFO  ExportHelperExtension.cs: 1136 - Found 26 in ÂÁÐÍ²Ä3030-300-7
2025-09-10 08:41:23,548 INFO  ExportHelperExtension.cs: 1145 - Found 0 features of type [RefAxis] in ÂÁÐÍ²Ä3030-300-7
2025-09-10 08:41:23,548 INFO  ExportHelperExtension.cs: 1125 - Retrieving features of type [RefAxis] from ³¬Éù²¨Ì½Í·¹Ì¶¨¼þ-4
2025-09-10 08:41:23,548 INFO  ExportHelperExtension.cs: 1136 - Found 36 in ³¬Éù²¨Ì½Í·¹Ì¶¨¼þ-4
2025-09-10 08:41:23,548 INFO  ExportHelperExtension.cs: 1145 - Found 0 features of type [RefAxis] in ³¬Éù²¨Ì½Í·¹Ì¶¨¼þ-4
2025-09-10 08:41:23,549 INFO  ExportHelperExtension.cs: 1125 - Retrieving features of type [RefAxis] from ³¬Éù²¨Ì½Í·¹Ì¶¨¼þ-3
2025-09-10 08:41:23,549 INFO  ExportHelperExtension.cs: 1136 - Found 36 in ³¬Éù²¨Ì½Í·¹Ì¶¨¼þ-3
2025-09-10 08:41:23,549 INFO  ExportHelperExtension.cs: 1145 - Found 0 features of type [RefAxis] in ³¬Éù²¨Ì½Í·¹Ì¶¨¼þ-3
2025-09-10 08:41:23,827 INFO  SwAddin.cs: 339 - Loading config tree
2025-09-10 08:41:23,831 INFO  ConfigurationSerialization.cs: 276 - URDF Configuration found
<Link z:Id="i1" xmlns="http://schemas.datacontract.org/2004/07/SW2URDF" xmlns:i="http://www.w3.org/2001/XMLSchema-instance" xmlns:z="http://schemas.microsoft.com/2003/10/Serialization/"><Attributes><Attribute z:Id="i2"><AttributeType>name</AttributeType><IsRequired>true</IsRequired><Value i:type="a:string" xmlns:a="http://www.w3.org/2001/XMLSchema">base_link</Value></Attribute></Attributes><ChildElements><URDFElement z:Id="i3" i:type="Inertial"><Attributes/><ChildElements><URDFElement z:Id="i4" i:type="Origin"><Attributes><Attribute z:Id="i5"><AttributeType>xyz</AttributeType><IsRequired>true</IsRequired><Value i:type="a:ArrayOfdouble" xmlns:a="http://schemas.microsoft.com/2003/10/Serialization/Arrays"><a:double>0.18150805064388537</a:double><a:double>-0.0004794508119103924</a:double><a:double>0.22234280245785115</a:double></Value></Attribute><Attribute z:Id="i6"><AttributeType>rpy</AttributeType><IsRequired>true</IsRequired><Value i:type="a:ArrayOfdouble" xmlns:a="http://schemas.microsoft.com/2003/10/Serialization/Arrays"><a:double>0</a:double><a:double>0</a:double><a:double>0</a:double></Value></Attribute></Attributes><ChildElements/><ElementName>origin</ElementName><required>false</required><RPYAttribute z:Ref="i6"/><XYZAttribute z:Ref="i5"/><isCustomized>false</isCustomized></URDFElement><URDFElement z:Id="i7" i:type="Mass"><Attributes><Attribute z:Id="i8"><AttributeType>value</AttributeType><IsRequired>true</IsRequired><Value i:type="a:double" xmlns:a="http://www.w3.org/2001/XMLSchema">13.443297507664827</Value></Attribute></Attributes><ChildElements/><ElementName>mass</ElementName><required>false</required><ValueAttribute z:Ref="i8"/></URDFElement><URDFElement z:Id="i9" i:type="Inertia"><Attributes><Attribute z:Id="i10"><AttributeType>ixx</AttributeType><IsRequired>true</IsRequired><Value i:type="a:double" xmlns:a="http://www.w3.org/2001/XMLSchema">0.28164858628336104</Value></Attribute><Attribute z:Id="i11"><AttributeType>ixy</AttributeType><IsRequired>true</IsRequired><Value i:type="a:double" xmlns:a="http://www.w3.org/2001/XMLSchema">0.00012588712911322666</Value></Attribute><Attribute z:Id="i12"><AttributeType>ixz</AttributeType><IsRequired>true</IsRequired><Value i:type="a:double" xmlns:a="http://www.w3.org/2001/XMLSchema">0.0013750082500362411</Value></Attribute><Attribute z:Id="i13"><AttributeType>iyy</AttributeType><IsRequired>true</IsRequired><Value i:type="a:double" xmlns:a="http://www.w3.org/2001/XMLSchema">0.27510072324414692</Value></Attribute><Attribute z:Id="i14"><AttributeType>iyz</AttributeType><IsRequired>true</IsRequired><Value i:type="a:double" xmlns:a="http://www.w3.org/2001/XMLSchema">-1.9257940804252346E-05</Value></Attribute><Attribute z:Id="i15"><AttributeType>izz</AttributeType><IsRequired>true</IsRequired><Value i:type="a:double" xmlns:a="http://www.w3.org/2001/XMLSchema">0.18796558298456004</Value></Attribute></Attributes><ChildElements/><ElementName>inertia</ElementName><required>false</required><IxxAttribute z:Ref="i10"/><IxyAttribute z:Ref="i11"/><IxzAttribute z:Ref="i12"/><IyyAttribute z:Ref="i13"/><IyzAttribute z:Ref="i14"/><IzzAttribute z:Ref="i15"/></URDFElement></ChildElements><ElementName>inertial</ElementName><required>false</required><Inertia z:Ref="i9"/><Mass z:Ref="i7"/><Origin z:Ref="i4"/></URDFElement><URDFElement z:Id="i16" i:type="Visual"><Attributes/><ChildElements><URDFElement z:Id="i17" i:type="Origin"><Attributes><Attribute z:Id="i18"><AttributeType>xyz</AttributeType><IsRequired>true</IsRequired><Value i:type="a:ArrayOfdouble" xmlns:a="http://schemas.microsoft.com/2003/10/Serialization/Arrays"><a:double>0</a:double><a:double>0</a:double><a:double>0</a:double></Value></Attribute><Attribute z:Id="i19"><AttributeType>rpy</AttributeType><IsRequired>true</IsRequired><Value i:type="a:ArrayOfdouble" xmlns:a="http://schemas.microsoft.com/2003/10/Serialization/Arrays"><a:double>0</a:double><a:double>0</a:double><a:double>0</a:double></Value></Attribute></Attributes><ChildElements/><ElementName>origin</ElementName><required>false</required><RPYAttribute z:Ref="i19"/><XYZAttribute z:Ref="i18"/><isCustomized>false</isCustomized></URDFElement><URDFElement z:Id="i20" i:type="Geometry"><Attributes/><ChildElements><URDFElement z:Id="i21" i:type="Mesh"><Attributes><Attribute z:Id="i22"><AttributeType>filename</AttributeType><IsRequired>true</IsRequired><Value i:nil="true"/></Attribute></Attributes><ChildElements/><ElementName>mesh</ElementName><required>false</required><FilenameAttribute z:Ref="i22"/></URDFElement></ChildElements><ElementName>geometry</ElementName><required>true</required><Mesh z:Ref="i21"/></URDFElement><URDFElement z:Id="i23" i:type="Material"><Attributes><Attribute z:Id="i24"><AttributeType>name</AttributeType><IsRequired>true</IsRequired><Value i:type="a:string" xmlns:a="http://www.w3.org/2001/XMLSchema"/></Attribute></Attributes><ChildElements><URDFElement z:Id="i25" i:type="Color"><Attributes><Attribute z:Id="i26"><AttributeType>rgba</AttributeType><IsRequired>true</IsRequired><Value i:type="a:ArrayOfdouble" xmlns:a="http://schemas.microsoft.com/2003/10/Serialization/Arrays"><a:double>0.77647058823529413</a:double><a:double>0.75686274509803919</a:double><a:double>0.73725490196078436</a:double><a:double>1</a:double></Value></Attribute></Attributes><ChildElements/><ElementName>color</ElementName><required>false</required><RGBAAttribute z:Ref="i26"/></URDFElement><URDFElement z:Id="i27" i:type="Texture"><Attributes><Attribute z:Id="i28"><AttributeType>filename</AttributeType><IsRequired>true</IsRequired><Value i:nil="true"/></Attribute></Attributes><ChildElements/><ElementName>texture</ElementName><required>false</required><FilenameAttribute z:Ref="i28"/><wFilename/></URDFElement></ChildElements><ElementName>material</ElementName><required>false</required><Color z:Ref="i25"/><NameAttribute z:Ref="i24"/><Texture z:Ref="i27"/></URDFElement></ChildElements><ElementName>visual</ElementName><required>false</required><Geometry z:Ref="i20"/><Material z:Ref="i23"/><Origin z:Ref="i17"/></URDFElement><URDFElement z:Id="i29" i:type="Collision"><Attributes/><ChildElements><URDFElement z:Id="i30" i:type="Origin"><Attributes><Attribute z:Id="i31"><AttributeType>xyz</AttributeType><IsRequired>true</IsRequired><Value i:type="a:ArrayOfdouble" xmlns:a="http://schemas.microsoft.com/2003/10/Serialization/Arrays"><a:double>0</a:double><a:double>0</a:double><a:double>0</a:double></Value></Attribute><Attribute z:Id="i32"><AttributeType>rpy</AttributeType><IsRequired>true</IsRequired><Value i:type="a:ArrayOfdouble" xmlns:a="http://schemas.microsoft.com/2003/10/Serialization/Arrays"><a:double>0</a:double><a:double>0</a:double><a:double>0</a:double></Value></Attribute></Attributes><ChildElements/><ElementName>origin</ElementName><required>false</required><RPYAttribute z:Ref="i32"/><XYZAttribute z:Ref="i31"/><isCustomized>false</isCustomized></URDFElement><URDFElement z:Id="i33" i:type="Geometry"><Attributes/><ChildElements><URDFElement z:Id="i34" i:type="Mesh"><Attributes><Attribute z:Id="i35"><AttributeType>filename</AttributeType><IsRequired>true</IsRequired><Value i:nil="true"/></Attribute></Attributes><ChildElements/><ElementName>mesh</ElementName><required>false</required><FilenameAttribute z:Ref="i35"/></URDFElement></ChildElements><ElementName>geometry</ElementName><required>true</required><Mesh z:Ref="i34"/></URDFElement></ChildElements><ElementName>collision</ElementName><required>false</required><Geometry z:Ref="i33"/><Origin z:Ref="i30"/></URDFElement><URDFElement z:Id="i36" i:type="Joint"><Attributes><Attribute z:Id="i37"><AttributeType>name</AttributeType><IsRequired>true</IsRequired><Value i:type="a:string" xmlns:a="http://www.w3.org/2001/XMLSchema"/></Attribute><Attribute z:Id="i38"><AttributeType>type</AttributeType><IsRequired>true</IsRequired><Value i:type="a:string" xmlns:a="http://www.w3.org/2001/XMLSchema"/></Attribute></Attributes><ChildElements><URDFElement z:Id="i39" i:type="Origin"><Attributes><Attribute z:Id="i40"><AttributeType>xyz</AttributeType><IsRequired>true</IsRequired><Value i:type="a:ArrayOfdouble" xmlns:a="http://schemas.microsoft.com/2003/10/Serialization/Arrays"><a:double>0</a:double><a:double>0</a:double><a:double>0</a:double></Value></Attribute><Attribute z:Id="i41"><AttributeType>rpy</AttributeType><IsRequired>true</IsRequired><Value i:type="a:ArrayOfdouble" xmlns:a="http://schemas.microsoft.com/2003/10/Serialization/Arrays"><a:double>0</a:double><a:double>0</a:double><a:double>0</a:double></Value></Attribute></Attributes><ChildElements/><ElementName>origin</ElementName><required>false</required><RPYAttribute z:Ref="i41"/><XYZAttribute z:Ref="i40"/><isCustomized>false</isCustomized></URDFElement><URDFElement z:Id="i42" i:type="ParentLink"><Attributes><Attribute z:Id="i43"><AttributeType>link</AttributeType><IsRequired>true</IsRequired><Value i:type="a:string" xmlns:a="http://www.w3.org/2001/XMLSchema"/></Attribute></Attributes><ChildElements/><ElementName>parent</ElementName><required>true</required><NameAttribute z:Ref="i43"/></URDFElement><URDFElement z:Id="i44" i:type="ChildLink"><Attributes><Attribute z:Id="i45"><AttributeType>link</AttributeType><IsRequired>true</IsRequired><Value i:type="a:string" xmlns:a="http://www.w3.org/2001/XMLSchema"/></Attribute></Attributes><ChildElements/><ElementName>child</ElementName><required>true</required><NameAttribute z:Ref="i45"/></URDFElement><URDFElement z:Id="i46" i:type="Axis"><Attributes><Attribute z:Id="i47"><AttributeType>xyz</AttributeType><IsRequired>true</IsRequired><Value i:type="a:ArrayOfdouble" xmlns:a="http://schemas.microsoft.com/2003/10/Serialization/Arrays"><a:double>0</a:double><a:double>0</a:double><a:double>0</a:double></Value></Attribute></Attributes><ChildElements/><ElementName>axis</ElementName><required>false</required><XYZAttribute z:Ref="i47"/></URDFElement><URDFElement z:Id="i48" i:type="Limit"><Attributes><Attribute z:Id="i49"><AttributeType>lower</AttributeType><IsRequired>false</IsRequired><Value i:nil="true"/></Attribute><Attribute z:Id="i50"><AttributeType>upper</AttributeType><IsRequired>false</IsRequired><Value i:nil="true"/></Attribute><Attribute z:Id="i51"><AttributeType>effort</AttributeType><IsRequired>true</IsRequired><Value i:nil="true"/></Attribute><Attribute z:Id="i52"><AttributeType>velocity</AttributeType><IsRequired>true</IsRequired><Value i:nil="true"/></Attribute></Attributes><ChildElements/><ElementName>limit</ElementName><required>false</required><EffortAttribute z:Ref="i51"/><LowerAttribute z:Ref="i49"/><UpperAttribute z:Ref="i50"/><VelocityAttribute z:Ref="i52"/></URDFElement><URDFElement z:Id="i53" i:type="Calibration"><Attributes><Attribute z:Id="i54"><AttributeType>rising</AttributeType><IsRequired>false</IsRequired><Value i:nil="true"/></Attribute><Attribute z:Id="i55"><AttributeType>falling</AttributeType><IsRequired>false</IsRequired><Value i:nil="true"/></Attribute></Attributes><ChildElements/><ElementName>calibration</ElementName><required>false</required><FallingAttribute z:Ref="i55"/><RisingAttribute z:Ref="i54"/></URDFElement><URDFElement z:Id="i56" i:type="Dynamics"><Attributes><Attribute z:Id="i57"><AttributeType>damping</AttributeType><IsRequired>false</IsRequired><Value i:nil="true"/></Attribute><Attribute z:Id="i58"><AttributeType>friction</AttributeType><IsRequired>false</IsRequired><Value i:nil="true"/></Attribute></Attributes><ChildElements/><ElementName>dynamics</ElementName><required>false</required><DampingAttribute z:Ref="i57"/><FrictionAttribute z:Ref="i58"/></URDFElement><URDFElement z:Id="i59" i:type="SafetyController"><Attributes><Attribute z:Id="i60"><AttributeType>soft_upper_limit</AttributeType><IsRequired>false</IsRequired><Value i:nil="true"/></Attribute><Attribute z:Id="i61"><AttributeType>soft_lower_limit</AttributeType><IsRequired>false</IsRequired><Value i:nil="true"/></Attribute><Attribute z:Id="i62"><AttributeType>k_position</AttributeType><IsRequired>false</IsRequired><Value i:nil="true"/></Attribute><Attribute z:Id="i63"><AttributeType>k_velocity</AttributeType><IsRequired>true</IsRequired><Value i:nil="true"/></Attribute></Attributes><ChildElements/><ElementName>safety_controller</ElementName><required>false</required><KPositionAttribute z:Ref="i62"/><KVelocityAttribute z:Ref="i63"/><SoftLowerAttribute z:Ref="i61"/><SoftUpperAttribute z:Ref="i60"/></URDFElement><URDFElement z:Id="i64" i:type="Mimic"><Attributes><Attribute z:Id="i65"><AttributeType>joint</AttributeType><IsRequired>true</IsRequired><Value i:nil="true"/></Attribute><Attribute z:Id="i66"><AttributeType>multiplier</AttributeType><IsRequired>false</IsRequired><Value i:nil="true"/></Attribute><Attribute z:Id="i67"><AttributeType>offset</AttributeType><IsRequired>false</IsRequired><Value i:nil="true"/></Attribute></Attributes><ChildElements/><ElementName>mimic</ElementName><required>false</required><JointNameAttribute z:Ref="i65"/><MultiplierAttribute z:Ref="i66"/><OffsetAttribute z:Ref="i67"/></URDFElement></ChildElements><ElementName>joint</ElementName><required>false</required><Axis z:Ref="i46"/><AxisName/><Calibration z:Ref="i53"/><Child z:Ref="i44"/><CoordinateSystemName>Origin_global</CoordinateSystemName><Dynamics z:Ref="i56"/><Limit z:Ref="i48"/><Mimic z:Ref="i64"/><NameAttribute z:Ref="i37"/><Origin z:Ref="i39"/><Parent z:Ref="i42"/><Safety z:Ref="i59"/><TypeAttribute z:Ref="i38"/></URDFElement></ChildElements><ElementName>link</ElementName><required>true</required><Children><Link z:Id="i68"><Attributes><Attribute z:Id="i69"><AttributeType>name</AttributeType><IsRequired>true</IsRequired><Value i:type="a:string" xmlns:a="http://www.w3.org/2001/XMLSchema">left_wheel_Link</Value></Attribute></Attributes><ChildElements><URDFElement z:Id="i70" i:type="Inertial"><Attributes/><ChildElements><URDFElement z:Id="i71" i:type="Origin"><Attributes><Attribute z:Id="i72"><AttributeType>xyz</AttributeType><IsRequired>true</IsRequired><Value i:type="a:ArrayOfdouble" xmlns:a="http://schemas.microsoft.com/2003/10/Serialization/Arrays"><a:double>5.6509876333876718E-08</a:double><a:double>-0.00010754159839171384</a:double><a:double>3.1067551917217731E-07</a:double></Value></Attribute><Attribute z:Id="i73"><AttributeType>rpy</AttributeType><IsRequired>true</IsRequired><Value i:type="a:ArrayOfdouble" xmlns:a="http://schemas.microsoft.com/2003/10/Serialization/Arrays"><a:double>0</a:double><a:double>0</a:double><a:double>0</a:double></Value></Attribute></Attributes><ChildElements/><ElementName>origin</ElementName><required>false</required><RPYAttribute z:Ref="i73"/><XYZAttribute z:Ref="i72"/><isCustomized>false</isCustomized></URDFElement><URDFElement z:Id="i74" i:type="Mass"><Attributes><Attribute z:Id="i75"><AttributeType>value</AttributeType><IsRequired>true</IsRequired><Value i:type="a:double" xmlns:a="http://www.w3.org/2001/XMLSchema">0.91395795888233677</Value></Attribute></Attributes><ChildElements/><ElementName>mass</ElementName><required>false</required><ValueAttribute z:Ref="i75"/></URDFElement><URDFElement z:Id="i76" i:type="Inertia"><Attributes><Attribute z:Id="i77"><AttributeType>ixx</AttributeType><IsRequired>true</IsRequired><Value i:type="a:double" xmlns:a="http://www.w3.org/2001/XMLSchema">0.0015655439913776145</Value></Attribute><Attribute z:Id="i78"><AttributeType>ixy</AttributeType><IsRequired>true</IsRequired><Value i:type="a:double" xmlns:a="http://www.w3.org/2001/XMLSchema">-7.840527367838067E-10</Value></Attribute><Attribute z:Id="i79"><AttributeType>ixz</AttributeType><IsRequired>true</IsRequired><Value i:type="a:double" xmlns:a="http://www.w3.org/2001/XMLSchema">2.6839364578144073E-09</Value></Attribute><Attribute z:Id="i80"><AttributeType>iyy</AttributeType><IsRequired>true</IsRequired><Value i:type="a:double" xmlns:a="http://www.w3.org/2001/XMLSchema">0.0029530133410898374</Value></Attribute><Attribute z:Id="i81"><AttributeType>iyz</AttributeType><IsRequired>true</IsRequired><Value i:type="a:double" xmlns:a="http://www.w3.org/2001/XMLSchema">-2.2142536415225181E-09</Value></Attribute><Attribute z:Id="i82"><AttributeType>izz</AttributeType><IsRequired>true</IsRequired><Value i:type="a:double" xmlns:a="http://www.w3.org/2001/XMLSchema">0.0015655620511138869</Value></Attribute></Attributes><ChildElements/><ElementName>inertia</ElementName><required>false</required><IxxAttribute z:Ref="i77"/><IxyAttribute z:Ref="i78"/><IxzAttribute z:Ref="i79"/><IyyAttribute z:Ref="i80"/><IyzAttribute z:Ref="i81"/><IzzAttribute z:Ref="i82"/></URDFElement></ChildElements><ElementName>inertial</ElementName><required>false</required><Inertia z:Ref="i76"/><Mass z:Ref="i74"/><Origin z:Ref="i71"/></URDFElement><URDFElement z:Id="i83" i:type="Visual"><Attributes/><ChildElements><URDFElement z:Id="i84" i:type="Origin"><Attributes><Attribute z:Id="i85"><AttributeType>xyz</AttributeType><IsRequired>true</IsRequired><Value i:type="a:ArrayOfdouble" xmlns:a="http://schemas.microsoft.com/2003/10/Serialization/Arrays"><a:double>0</a:double><a:double>0</a:double><a:double>0</a:double></Value></Attribute><Attribute z:Id="i86"><AttributeType>rpy</AttributeType><IsRequired>true</IsRequired><Value i:type="a:ArrayOfdouble" xmlns:a="http://schemas.microsoft.com/2003/10/Serialization/Arrays"><a:double>0</a:double><a:double>0</a:double><a:double>0</a:double></Value></Attribute></Attributes><ChildElements/><ElementName>origin</ElementName><required>false</required><RPYAttribute z:Ref="i86"/><XYZAttribute z:Ref="i85"/><isCustomized>false</isCustomized></URDFElement><URDFElement z:Id="i87" i:type="Geometry"><Attributes/><ChildElements><URDFElement z:Id="i88" i:type="Mesh"><Attributes><Attribute z:Id="i89"><AttributeType>filename</AttributeType><IsRequired>true</IsRequired><Value i:nil="true"/></Attribute></Attributes><ChildElements/><ElementName>mesh</ElementName><required>false</required><FilenameAttribute z:Ref="i89"/></URDFElement></ChildElements><ElementName>geometry</ElementName><required>true</required><Mesh z:Ref="i88"/></URDFElement><URDFElement z:Id="i90" i:type="Material"><Attributes><Attribute z:Id="i91"><AttributeType>name</AttributeType><IsRequired>true</IsRequired><Value i:type="a:string" xmlns:a="http://www.w3.org/2001/XMLSchema"/></Attribute></Attributes><ChildElements><URDFElement z:Id="i92" i:type="Color"><Attributes><Attribute z:Id="i93"><AttributeType>rgba</AttributeType><IsRequired>true</IsRequired><Value i:type="a:ArrayOfdouble" xmlns:a="http://schemas.microsoft.com/2003/10/Serialization/Arrays"><a:double>0.792156862745098</a:double><a:double>0.81960784313725488</a:double><a:double>0.93333333333333335</a:double><a:double>1</a:double></Value></Attribute></Attributes><ChildElements/><ElementName>color</ElementName><required>false</required><RGBAAttribute z:Ref="i93"/></URDFElement><URDFElement z:Id="i94" i:type="Texture"><Attributes><Attribute z:Id="i95"><AttributeType>filename</AttributeType><IsRequired>true</IsRequired><Value i:nil="true"/></Attribute></Attributes><ChildElements/><ElementName>texture</ElementName><required>false</required><FilenameAttribute z:Ref="i95"/><wFilename/></URDFElement></ChildElements><ElementName>material</ElementName><required>false</required><Color z:Ref="i92"/><NameAttribute z:Ref="i91"/><Texture z:Ref="i94"/></URDFElement></ChildElements><ElementName>visual</ElementName><required>false</required><Geometry z:Ref="i87"/><Material z:Ref="i90"/><Origin z:Ref="i84"/></URDFElement><URDFElement z:Id="i96" i:type="Collision"><Attributes/><ChildElements><URDFElement z:Id="i97" i:type="Origin"><Attributes><Attribute z:Id="i98"><AttributeType>xyz</AttributeType><IsRequired>true</IsRequired><Value i:type="a:ArrayOfdouble" xmlns:a="http://schemas.microsoft.com/2003/10/Serialization/Arrays"><a:double>0</a:double><a:double>0</a:double><a:double>0</a:double></Value></Attribute><Attribute z:Id="i99"><AttributeType>rpy</AttributeType><IsRequired>true</IsRequired><Value i:type="a:ArrayOfdouble" xmlns:a="http://schemas.microsoft.com/2003/10/Serialization/Arrays"><a:double>0</a:double><a:double>0</a:double><a:double>0</a:double></Value></Attribute></Attributes><ChildElements/><ElementName>origin</ElementName><required>false</required><RPYAttribute z:Ref="i99"/><XYZAttribute z:Ref="i98"/><isCustomized>false</isCustomized></URDFElement><URDFElement z:Id="i100" i:type="Geometry"><Attributes/><ChildElements><URDFElement z:Id="i101" i:type="Mesh"><Attributes><Attribute z:Id="i102"><AttributeType>filename</AttributeType><IsRequired>true</IsRequired><Value i:nil="true"/></Attribute></Attributes><ChildElements/><ElementName>mesh</ElementName><required>false</required><FilenameAttribute z:Ref="i102"/></URDFElement></ChildElements><ElementName>geometry</ElementName><required>true</required><Mesh z:Ref="i101"/></URDFElement></ChildElements><ElementName>collision</ElementName><required>false</required><Geometry z:Ref="i100"/><Origin z:Ref="i97"/></URDFElement><URDFElement z:Id="i103" i:type="Joint"><Attributes><Attribute z:Id="i104"><AttributeType>name</AttributeType><IsRequired>true</IsRequired><Value i:type="a:string" xmlns:a="http://www.w3.org/2001/XMLSchema">left_wheel_joint</Value></Attribute><Attribute z:Id="i105"><AttributeType>type</AttributeType><IsRequired>true</IsRequired><Value i:type="a:string" xmlns:a="http://www.w3.org/2001/XMLSchema">continuous</Value></Attribute></Attributes><ChildElements><URDFElement z:Id="i106" i:type="Origin"><Attributes><Attribute z:Id="i107"><AttributeType>xyz</AttributeType><IsRequired>true</IsRequired><Value i:type="a:ArrayOfdouble" xmlns:a="http://schemas.microsoft.com/2003/10/Serialization/Arrays"><a:double>5E-05</a:double><a:double>0.2146</a:double><a:double>-0.002</a:double></Value></Attribute><Attribute z:Id="i108"><AttributeType>rpy</AttributeType><IsRequired>true</IsRequired><Value i:type="a:ArrayOfdouble" xmlns:a="http://schemas.microsoft.com/2003/10/Serialization/Arrays"><a:double>0</a:double><a:double>0</a:double><a:double>0</a:double></Value></Attribute></Attributes><ChildElements/><ElementName>origin</ElementName><required>false</required><RPYAttribute z:Ref="i108"/><XYZAttribute z:Ref="i107"/><isCustomized>false</isCustomized></URDFElement><URDFElement z:Id="i109" i:type="ParentLink"><Attributes><Attribute z:Id="i110"><AttributeType>link</AttributeType><IsRequired>true</IsRequired><Value i:type="a:string" xmlns:a="http://www.w3.org/2001/XMLSchema">base_link</Value></Attribute></Attributes><ChildElements/><ElementName>parent</ElementName><required>true</required><NameAttribute z:Ref="i110"/></URDFElement><URDFElement z:Id="i111" i:type="ChildLink"><Attributes><Attribute z:Id="i112"><AttributeType>link</AttributeType><IsRequired>true</IsRequired><Value i:type="a:string" xmlns:a="http://www.w3.org/2001/XMLSchema">left_wheel_Link</Value></Attribute></Attributes><ChildElements/><ElementName>child</ElementName><required>true</required><NameAttribute z:Ref="i112"/></URDFElement><URDFElement z:Id="i113" i:type="Axis"><Attributes><Attribute z:Id="i114"><AttributeType>xyz</AttributeType><IsRequired>true</IsRequired><Value i:type="a:ArrayOfdouble" xmlns:a="http://schemas.microsoft.com/2003/10/Serialization/Arrays"><a:double>0.00023299</a:double><a:double>1</a:double><a:double>0</a:double></Value></Attribute></Attributes><ChildElements/><ElementName>axis</ElementName><required>false</required><XYZAttribute z:Ref="i114"/></URDFElement><URDFElement z:Id="i115" i:type="Limit"><Attributes><Attribute z:Id="i116"><AttributeType>lower</AttributeType><IsRequired>false</IsRequired><Value i:nil="true"/></Attribute><Attribute z:Id="i117"><AttributeType>upper</AttributeType><IsRequired>false</IsRequired><Value i:nil="true"/></Attribute><Attribute z:Id="i118"><AttributeType>effort</AttributeType><IsRequired>true</IsRequired><Value i:nil="true"/></Attribute><Attribute z:Id="i119"><AttributeType>velocity</AttributeType><IsRequired>true</IsRequired><Value i:nil="true"/></Attribute></Attributes><ChildElements/><ElementName>limit</ElementName><required>false</required><EffortAttribute z:Ref="i118"/><LowerAttribute z:Ref="i116"/><UpperAttribute z:Ref="i117"/><VelocityAttribute z:Ref="i119"/></URDFElement><URDFElement z:Id="i120" i:type="Calibration"><Attributes><Attribute z:Id="i121"><AttributeType>rising</AttributeType><IsRequired>false</IsRequired><Value i:nil="true"/></Attribute><Attribute z:Id="i122"><AttributeType>falling</AttributeType><IsRequired>false</IsRequired><Value i:nil="true"/></Attribute></Attributes><ChildElements/><ElementName>calibration</ElementName><required>false</required><FallingAttribute z:Ref="i122"/><RisingAttribute z:Ref="i121"/></URDFElement><URDFElement z:Id="i123" i:type="Dynamics"><Attributes><Attribute z:Id="i124"><AttributeType>damping</AttributeType><IsRequired>false</IsRequired><Value i:nil="true"/></Attribute><Attribute z:Id="i125"><AttributeType>friction</AttributeType><IsRequired>false</IsRequired><Value i:nil="true"/></Attribute></Attributes><ChildElements/><ElementName>dynamics</ElementName><required>false</required><DampingAttribute z:Ref="i124"/><FrictionAttribute z:Ref="i125"/></URDFElement><URDFElement z:Id="i126" i:type="SafetyController"><Attributes><Attribute z:Id="i127"><AttributeType>soft_upper_limit</AttributeType><IsRequired>false</IsRequired><Value i:nil="true"/></Attribute><Attribute z:Id="i128"><AttributeType>soft_lower_limit</AttributeType><IsRequired>false</IsRequired><Value i:nil="true"/></Attribute><Attribute z:Id="i129"><AttributeType>k_position</AttributeType><IsRequired>false</IsRequired><Value i:nil="true"/></Attribute><Attribute z:Id="i130"><AttributeType>k_velocity</AttributeType><IsRequired>true</IsRequired><Value i:nil="true"/></Attribute></Attributes><ChildElements/><ElementName>safety_controller</ElementName><required>false</required><KPositionAttribute z:Ref="i129"/><KVelocityAttribute z:Ref="i130"/><SoftLowerAttribute z:Ref="i128"/><SoftUpperAttribute z:Ref="i127"/></URDFElement><URDFElement z:Id="i131" i:type="Mimic"><Attributes><Attribute z:Id="i132"><AttributeType>joint</AttributeType><IsRequired>true</IsRequired><Value i:nil="true"/></Attribute><Attribute z:Id="i133"><AttributeType>multiplier</AttributeType><IsRequired>false</IsRequired><Value i:nil="true"/></Attribute><Attribute z:Id="i134"><AttributeType>offset</AttributeType><IsRequired>false</IsRequired><Value i:nil="true"/></Attribute></Attributes><ChildElements/><ElementName>mimic</ElementName><required>false</required><JointNameAttribute z:Ref="i132"/><MultiplierAttribute z:Ref="i133"/><OffsetAttribute z:Ref="i134"/></URDFElement></ChildElements><ElementName>joint</ElementName><required>false</required><Axis z:Ref="i113"/><AxisName>??????????????????</AxisName><Calibration z:Ref="i120"/><Child z:Ref="i111"/><CoordinateSystemName>?????????????????????</CoordinateSystemName><Dynamics z:Ref="i123"/><Limit z:Ref="i115"/><Mimic z:Ref="i131"/><NameAttribute z:Ref="i104"/><Origin z:Ref="i106"/><Parent z:Ref="i109"/><Safety z:Ref="i126"/><TypeAttribute z:Ref="i105"/></URDFElement></ChildElements><ElementName>link</ElementName><required>true</required><Children/><Collision z:Ref="i96"/><Inertial z:Ref="i70"/><Joint z:Ref="i103"/><NameAttribute z:Ref="i69"/><Parent z:Ref="i1"/><STLQualityFine>false</STLQualityFine><SWComponentPIDs xmlns:a="http://schemas.microsoft.com/2003/10/Serialization/Arrays"><a:base64Binary>UEYAAAUAAAD//v+jbo/CazV1OmctADIAQACVXth2O2DFiF8ATQBpAGQAMwA2ADAASHIvAFoATABMAEcANgA1AEEAUwBNADIANQAwAC0ANAAwADkANgAgAFYAMgAuADAAVVP6UXSPLgBzAHQAcAAtADEAQABuj8JrNXU6Zy8ANgBfADUAQwAtAEIAWgBfAEEAUwBNAF8AQQBTAE0ALgBzAHQAcAAtADEAQABaAEwATABHADYANQBBAFMATQAyADUAMAAtADQAMAA5ADYAIABWADIALgAwAFVT+lF0jy4AcwB0AHAALwBNAEEATgBJAEYATwBMAEQAXwBTAE8ATABJAEQAXwBCAFIARQBQAF8ANgA2ADkANwBfADEAXwAxAC4AcwB0AHAALQAxAEAANgBfADUAQwAtAEIAWgBfAEEAUwBNAF8AQQBTAE0ALgBzAHQAcAAEAAAAEAAAAAEAAAAEAAAARwAAABkAAAARAAAAEwAAAA==</a:base64Binary><a:base64Binary>UEYAAAUAAAD//v/Nbo/CazV1OmctADIAQACVXth2O2DFiF8ATQBpAGQAMwA2ADAASHIvAFoATABMAEcANgA1AEEAUwBNADIANQAwAC0ANAAwADkANgAgAFYAMgAuADAAVVP6UXSPLgBzAHQAcAAtADEAQABuj8JrNXU6Zy8ANgBfADUAQwAtAEIAWgBfAEEAUwBNAF8AQQBTAE0ALgBzAHQAcAAtADEAQABaAEwATABHADYANQBBAFMATQAyADUAMAAtADQAMAA5ADYAIABWADIALgAwAFVT+lF0jy4AcwB0AHAALwA2AF8ANQBDAFUATgAtAEMASQBfAEEAUwBNAF8AQQBTAE0ALgBzAHQAcAAtADEAQAA2AF8ANQBDAC0AQgBaAF8AQQBTAE0AXwBBAFMATQAuAHMAdABwAC8ATQBBAE4ASQBGAE8ATABEAF8AUwBPAEwASQBEAF8AQgBSAEUAUABfADYANwAwADEALgBzAHQAcAAtADEAQAA2AF8ANQBDAFUATgAtAEMASQBfAEEAUwBNAF8AQQBTAE0ALgBzAHQAcAAEAAAAEAAAAAEAAAAFAAAARwAAABkAAAARAAAAEQAAABYAAAA=</a:base64Binary><a:base64Binary>UEYAAAUAAAD//v/Nbo/CazV1OmctADIAQACVXth2O2DFiF8ATQBpAGQAMwA2ADAASHIvAFoATABMAEcANgA1AEEAUwBNADIANQAwAC0ANAAwADkANgAgAFYAMgAuADAAVVP6UXSPLgBzAHQAcAAtADEAQABuj8JrNXU6Zy8ANgBfADUAQwAtAEIAWgBfAEEAUwBNAF8AQQBTAE0ALgBzAHQAcAAtADEAQABaAEwATABHADYANQBBAFMATQAyADUAMAAtADQAMAA5ADYAIABWADIALgAwAFVT+lF0jy4AcwB0AHAALwA2AF8ANQBDAFUATgAtAEMASQBfAEEAUwBNAF8AQQBTAE0ALgBzAHQAcAAtADEAQAA2AF8ANQBDAC0AQgBaAF8AQQBTAE0AXwBBAFMATQAuAHMAdABwAC8ATQBBAE4ASQBGAE8ATABEAF8AUwBPAEwASQBEAF8AQgBSAEUAUABfADYANwAwADAALgBzAHQAcAAtADEAQAA2AF8ANQBDAFUATgAtAEMASQBfAEEAUwBNAF8AQQBTAE0ALgBzAHQAcAAEAAAAEAAAAAEAAAAFAAAARwAAABkAAAARAAAAEQAAABUAAAA=</a:base64Binary></SWComponentPIDs><SWMainComponentPID i:nil="true"/><Visual z:Ref="i83"/><isFixedFrame>false</isFixedFrame><isIncomplete>false</isIncomplete></Link><Link z:Id="i135"><Attributes><Attribute z:Id="i136"><AttributeType>name</AttributeType><IsRequired>true</IsRequired><Value i:type="a:string" xmlns:a="http://www.w3.org/2001/XMLSchema">right_wheel_Link</Value></Attribute></Attributes><ChildElements><URDFElement z:Id="i137" i:type="Inertial"><Attributes/><ChildElements><URDFElement z:Id="i138" i:type="Origin"><Attributes><Attribute z:Id="i139"><AttributeType>xyz</AttributeType><IsRequired>true</IsRequired><Value i:type="a:ArrayOfdouble" xmlns:a="http://schemas.microsoft.com/2003/10/Serialization/Arrays"><a:double>-5.6509876333876718E-08</a:double><a:double>0.00010754159839165139</a:double><a:double>3.1067551918128461E-07</a:double></Value></Attribute><Attribute z:Id="i140"><AttributeType>rpy</AttributeType><IsRequired>true</IsRequired><Value i:type="a:ArrayOfdouble" xmlns:a="http://schemas.microsoft.com/2003/10/Serialization/Arrays"><a:double>0</a:double><a:double>0</a:double><a:double>0</a:double></Value></Attribute></Attributes><ChildElements/><ElementName>origin</ElementName><required>false</required><RPYAttribute z:Ref="i140"/><XYZAttribute z:Ref="i139"/><isCustomized>false</isCustomized></URDFElement><URDFElement z:Id="i141" i:type="Mass"><Attributes><Attribute z:Id="i142"><AttributeType>value</AttributeType><IsRequired>true</IsRequired><Value i:type="a:double" xmlns:a="http://www.w3.org/2001/XMLSchema">0.91395795888233655</Value></Attribute></Attributes><ChildElements/><ElementName>mass</ElementName><required>false</required><ValueAttribute z:Ref="i142"/></URDFElement><URDFElement z:Id="i143" i:type="Inertia"><Attributes><Attribute z:Id="i144"><AttributeType>ixx</AttributeType><IsRequired>true</IsRequired><Value i:type="a:double" xmlns:a="http://www.w3.org/2001/XMLSchema">0.0015655439913776139</Value></Attribute><Attribute z:Id="i145"><AttributeType>ixy</AttributeType><IsRequired>true</IsRequired><Value i:type="a:double" xmlns:a="http://www.w3.org/2001/XMLSchema">-7.8405273681109332E-10</Value></Attribute><Attribute z:Id="i146"><AttributeType>ixz</AttributeType><IsRequired>true</IsRequired><Value i:type="a:double" xmlns:a="http://www.w3.org/2001/XMLSchema">-2.6839364581080023E-09</Value></Attribute><Attribute z:Id="i147"><AttributeType>iyy</AttributeType><IsRequired>true</IsRequired><Value i:type="a:double" xmlns:a="http://www.w3.org/2001/XMLSchema">0.0029530133410898361</Value></Attribute><Attribute z:Id="i148"><AttributeType>iyz</AttributeType><IsRequired>true</IsRequired><Value i:type="a:double" xmlns:a="http://www.w3.org/2001/XMLSchema">2.2142536414020029E-09</Value></Attribute><Attribute z:Id="i149"><AttributeType>izz</AttributeType><IsRequired>true</IsRequired><Value i:type="a:double" xmlns:a="http://www.w3.org/2001/XMLSchema">0.0015655620511138872</Value></Attribute></Attributes><ChildElements/><ElementName>inertia</ElementName><required>false</required><IxxAttribute z:Ref="i144"/><IxyAttribute z:Ref="i145"/><IxzAttribute z:Ref="i146"/><IyyAttribute z:Ref="i147"/><IyzAttribute z:Ref="i148"/><IzzAttribute z:Ref="i149"/></URDFElement></ChildElements><ElementName>inertial</ElementName><required>false</required><Inertia z:Ref="i143"/><Mass z:Ref="i141"/><Origin z:Ref="i138"/></URDFElement><URDFElement z:Id="i150" i:type="Visual"><Attributes/><ChildElements><URDFElement z:Id="i151" i:type="Origin"><Attributes><Attribute z:Id="i152"><AttributeType>xyz</AttributeType><IsRequired>true</IsRequired><Value i:type="a:ArrayOfdouble" xmlns:a="http://schemas.microsoft.com/2003/10/Serialization/Arrays"><a:double>0</a:double><a:double>0</a:double><a:double>0</a:double></Value></Attribute><Attribute z:Id="i153"><AttributeType>rpy</AttributeType><IsRequired>true</IsRequired><Value i:type="a:ArrayOfdouble" xmlns:a="http://schemas.microsoft.com/2003/10/Serialization/Arrays"><a:double>0</a:double><a:double>0</a:double><a:double>0</a:double></Value></Attribute></Attributes><ChildElements/><ElementName>origin</ElementName><required>false</required><RPYAttribute z:Ref="i153"/><XYZAttribute z:Ref="i152"/><isCustomized>false</isCustomized></URDFElement><URDFElement z:Id="i154" i:type="Geometry"><Attributes/><ChildElements><URDFElement z:Id="i155" i:type="Mesh"><Attributes><Attribute z:Id="i156"><AttributeType>filename</AttributeType><IsRequired>true</IsRequired><Value i:nil="true"/></Attribute></Attributes><ChildElements/><ElementName>mesh</ElementName><required>false</required><FilenameAttribute z:Ref="i156"/></URDFElement></ChildElements><ElementName>geometry</ElementName><required>true</required><Mesh z:Ref="i155"/></URDFElement><URDFElement z:Id="i157" i:type="Material"><Attributes><Attribute z:Id="i158"><AttributeType>name</AttributeType><IsRequired>true</IsRequired><Value i:type="a:string" xmlns:a="http://www.w3.org/2001/XMLSchema"/></Attribute></Attributes><ChildElements><URDFElement z:Id="i159" i:type="Color"><Attributes><Attribute z:Id="i160"><AttributeType>rgba</AttributeType><IsRequired>true</IsRequired><Value i:type="a:ArrayOfdouble" xmlns:a="http://schemas.microsoft.com/2003/10/Serialization/Arrays"><a:double>0.792156862745098</a:double><a:double>0.81960784313725488</a:double><a:double>0.93333333333333335</a:double><a:double>1</a:double></Value></Attribute></Attributes><ChildElements/><ElementName>color</ElementName><required>false</required><RGBAAttribute z:Ref="i160"/></URDFElement><URDFElement z:Id="i161" i:type="Texture"><Attributes><Attribute z:Id="i162"><AttributeType>filename</AttributeType><IsRequired>true</IsRequired><Value i:nil="true"/></Attribute></Attributes><ChildElements/><ElementName>texture</ElementName><required>false</required><FilenameAttribute z:Ref="i162"/><wFilename/></URDFElement></ChildElements><ElementName>material</ElementName><required>false</required><Color z:Ref="i159"/><NameAttribute z:Ref="i158"/><Texture z:Ref="i161"/></URDFElement></ChildElements><ElementName>visual</ElementName><required>false</required><Geometry z:Ref="i154"/><Material z:Ref="i157"/><Origin z:Ref="i151"/></URDFElement><URDFElement z:Id="i163" i:type="Collision"><Attributes/><ChildElements><URDFElement z:Id="i164" i:type="Origin"><Attributes><Attribute z:Id="i165"><AttributeType>xyz</AttributeType><IsRequired>true</IsRequired><Value i:type="a:ArrayOfdouble" xmlns:a="http://schemas.microsoft.com/2003/10/Serialization/Arrays"><a:double>0</a:double><a:double>0</a:double><a:double>0</a:double></Value></Attribute><Attribute z:Id="i166"><AttributeType>rpy</AttributeType><IsRequired>true</IsRequired><Value i:type="a:ArrayOfdouble" xmlns:a="http://schemas.microsoft.com/2003/10/Serialization/Arrays"><a:double>0</a:double><a:double>0</a:double><a:double>0</a:double></Value></Attribute></Attributes><ChildElements/><ElementName>origin</ElementName><required>false</required><RPYAttribute z:Ref="i166"/><XYZAttribute z:Ref="i165"/><isCustomized>false</isCustomized></URDFElement><URDFElement z:Id="i167" i:type="Geometry"><Attributes/><ChildElements><URDFElement z:Id="i168" i:type="Mesh"><Attributes><Attribute z:Id="i169"><AttributeType>filename</AttributeType><IsRequired>true</IsRequired><Value i:nil="true"/></Attribute></Attributes><ChildElements/><ElementName>mesh</ElementName><required>false</required><FilenameAttribute z:Ref="i169"/></URDFElement></ChildElements><ElementName>geometry</ElementName><required>true</required><Mesh z:Ref="i168"/></URDFElement></ChildElements><ElementName>collision</ElementName><required>false</required><Geometry z:Ref="i167"/><Origin z:Ref="i164"/></URDFElement><URDFElement z:Id="i170" i:type="Joint"><Attributes><Attribute z:Id="i171"><AttributeType>name</AttributeType><IsRequired>true</IsRequired><Value i:type="a:string" xmlns:a="http://www.w3.org/2001/XMLSchema">right_wheel_joint</Value></Attribute><Attribute z:Id="i172"><AttributeType>type</AttributeType><IsRequired>true</IsRequired><Value i:type="a:string" xmlns:a="http://www.w3.org/2001/XMLSchema">continuous</Value></Attribute></Attributes><ChildElements><URDFElement z:Id="i173" i:type="Origin"><Attributes><Attribute z:Id="i174"><AttributeType>xyz</AttributeType><IsRequired>true</IsRequired><Value i:type="a:ArrayOfdouble" xmlns:a="http://schemas.microsoft.com/2003/10/Serialization/Arrays"><a:double>-5E-05</a:double><a:double>-0.2146</a:double><a:double>-0.002</a:double></Value></Attribute><Attribute z:Id="i175"><AttributeType>rpy</AttributeType><IsRequired>true</IsRequired><Value i:type="a:ArrayOfdouble" xmlns:a="http://schemas.microsoft.com/2003/10/Serialization/Arrays"><a:double>0</a:double><a:double>0</a:double><a:double>0</a:double></Value></Attribute></Attributes><ChildElements/><ElementName>origin</ElementName><required>false</required><RPYAttribute z:Ref="i175"/><XYZAttribute z:Ref="i174"/><isCustomized>false</isCustomized></URDFElement><URDFElement z:Id="i176" i:type="ParentLink"><Attributes><Attribute z:Id="i177"><AttributeType>link</AttributeType><IsRequired>true</IsRequired><Value i:type="a:string" xmlns:a="http://www.w3.org/2001/XMLSchema">base_link</Value></Attribute></Attributes><ChildElements/><ElementName>parent</ElementName><required>true</required><NameAttribute z:Ref="i177"/></URDFElement><URDFElement z:Id="i178" i:type="ChildLink"><Attributes><Attribute z:Id="i179"><AttributeType>link</AttributeType><IsRequired>true</IsRequired><Value i:type="a:string" xmlns:a="http://www.w3.org/2001/XMLSchema">right_wheel_Link</Value></Attribute></Attributes><ChildElements/><ElementName>child</ElementName><required>true</required><NameAttribute z:Ref="i179"/></URDFElement><URDFElement z:Id="i180" i:type="Axis"><Attributes><Attribute z:Id="i181"><AttributeType>xyz</AttributeType><IsRequired>true</IsRequired><Value i:type="a:ArrayOfdouble" xmlns:a="http://schemas.microsoft.com/2003/10/Serialization/Arrays"><a:double>0.00023299</a:double><a:double>1</a:double><a:double>0</a:double></Value></Attribute></Attributes><ChildElements/><ElementName>axis</ElementName><required>false</required><XYZAttribute z:Ref="i181"/></URDFElement><URDFElement z:Id="i182" i:type="Limit"><Attributes><Attribute z:Id="i183"><AttributeType>lower</AttributeType><IsRequired>false</IsRequired><Value i:nil="true"/></Attribute><Attribute z:Id="i184"><AttributeType>upper</AttributeType><IsRequired>false</IsRequired><Value i:nil="true"/></Attribute><Attribute z:Id="i185"><AttributeType>effort</AttributeType><IsRequired>true</IsRequired><Value i:nil="true"/></Attribute><Attribute z:Id="i186"><AttributeType>velocity</AttributeType><IsRequired>true</IsRequired><Value i:nil="true"/></Attribute></Attributes><ChildElements/><ElementName>limit</ElementName><required>false</required><EffortAttribute z:Ref="i185"/><LowerAttribute z:Ref="i183"/><UpperAttribute z:Ref="i184"/><VelocityAttribute z:Ref="i186"/></URDFElement><URDFElement z:Id="i187" i:type="Calibration"><Attributes><Attribute z:Id="i188"><AttributeType>rising</AttributeType><IsRequired>false</IsRequired><Value i:nil="true"/></Attribute><Attribute z:Id="i189"><AttributeType>falling</AttributeType><IsRequired>false</IsRequired><Value i:nil="true"/></Attribute></Attributes><ChildElements/><ElementName>calibration</ElementName><required>false</required><FallingAttribute z:Ref="i189"/><RisingAttribute z:Ref="i188"/></URDFElement><URDFElement z:Id="i190" i:type="Dynamics"><Attributes><Attribute z:Id="i191"><AttributeType>damping</AttributeType><IsRequired>false</IsRequired><Value i:nil="true"/></Attribute><Attribute z:Id="i192"><AttributeType>friction</AttributeType><IsRequired>false</IsRequired><Value i:nil="true"/></Attribute></Attributes><ChildElements/><ElementName>dynamics</ElementName><required>false</required><DampingAttribute z:Ref="i191"/><FrictionAttribute z:Ref="i192"/></URDFElement><URDFElement z:Id="i193" i:type="SafetyController"><Attributes><Attribute z:Id="i194"><AttributeType>soft_upper_limit</AttributeType><IsRequired>false</IsRequired><Value i:nil="true"/></Attribute><Attribute z:Id="i195"><AttributeType>soft_lower_limit</AttributeType><IsRequired>false</IsRequired><Value i:nil="true"/></Attribute><Attribute z:Id="i196"><AttributeType>k_position</AttributeType><IsRequired>false</IsRequired><Value i:nil="true"/></Attribute><Attribute z:Id="i197"><AttributeType>k_velocity</AttributeType><IsRequired>true</IsRequired><Value i:nil="true"/></Attribute></Attributes><ChildElements/><ElementName>safety_controller</ElementName><required>false</required><KPositionAttribute z:Ref="i196"/><KVelocityAttribute z:Ref="i197"/><SoftLowerAttribute z:Ref="i195"/><SoftUpperAttribute z:Ref="i194"/></URDFElement><URDFElement z:Id="i198" i:type="Mimic"><Attributes><Attribute z:Id="i199"><AttributeType>joint</AttributeType><IsRequired>true</IsRequired><Value i:nil="true"/></Attribute><Attribute z:Id="i200"><AttributeType>multiplier</AttributeType><IsRequired>false</IsRequired><Value i:nil="true"/></Attribute><Attribute z:Id="i201"><AttributeType>offset</AttributeType><IsRequired>false</IsRequired><Value i:nil="true"/></Attribute></Attributes><ChildElements/><ElementName>mimic</ElementName><required>false</required><JointNameAttribute z:Ref="i199"/><MultiplierAttribute z:Ref="i200"/><OffsetAttribute z:Ref="i201"/></URDFElement></ChildElements><ElementName>joint</ElementName><required>false</required><Axis z:Ref="i180"/><AxisName>??????????????????</AxisName><Calibration z:Ref="i187"/><Child z:Ref="i178"/><CoordinateSystemName>?????????????????????</CoordinateSystemName><Dynamics z:Ref="i190"/><Limit z:Ref="i182"/><Mimic z:Ref="i198"/><NameAttribute z:Ref="i171"/><Origin z:Ref="i173"/><Parent z:Ref="i176"/><Safety z:Ref="i193"/><TypeAttribute z:Ref="i172"/></URDFElement></ChildElements><ElementName>link</ElementName><required>true</required><Children/><Collision z:Ref="i163"/><Inertial z:Ref="i137"/><Joint z:Ref="i170"/><NameAttribute z:Ref="i136"/><Parent z:Ref="i1"/><STLQualityFine>false</STLQualityFine><SWComponentPIDs xmlns:a="http://schemas.microsoft.com/2003/10/Serialization/Arrays"><a:base64Binary>UEYAAAUAAAD//v+jbo/CazV1OmctADEAQACVXth2O2DFiF8ATQBpAGQAMwA2ADAASHIvAFoATABMAEcANgA1AEEAUwBNADIANQAwAC0ANAAwADkANgAgAFYAMgAuADAAVVP6UXSPLgBzAHQAcAAtADEAQABuj8JrNXU6Zy8ANgBfADUAQwAtAEIAWgBfAEEAUwBNAF8AQQBTAE0ALgBzAHQAcAAtADEAQABaAEwATABHADYANQBBAFMATQAyADUAMAAtADQAMAA5ADYAIABWADIALgAwAFVT+lF0jy4AcwB0AHAALwBNAEEATgBJAEYATwBMAEQAXwBTAE8ATABJAEQAXwBCAFIARQBQAF8ANgA2ADkANwBfADEAXwAxAC4AcwB0AHAALQAxAEAANgBfADUAQwAtAEIAWgBfAEEAUwBNAF8AQQBTAE0ALgBzAHQAcAAEAAAAEAAAAAEAAAAEAAAARgAAABkAAAARAAAAEwAAAA==</a:base64Binary><a:base64Binary>UEYAAAUAAAD//v/Nbo/CazV1OmctADEAQACVXth2O2DFiF8ATQBpAGQAMwA2ADAASHIvAFoATABMAEcANgA1AEEAUwBNADIANQAwAC0ANAAwADkANgAgAFYAMgAuADAAVVP6UXSPLgBzAHQAcAAtADEAQABuj8JrNXU6Zy8ANgBfADUAQwAtAEIAWgBfAEEAUwBNAF8AQQBTAE0ALgBzAHQAcAAtADEAQABaAEwATABHADYANQBBAFMATQAyADUAMAAtADQAMAA5ADYAIABWADIALgAwAFVT+lF0jy4AcwB0AHAALwA2AF8ANQBDAFUATgAtAEMASQBfAEEAUwBNAF8AQQBTAE0ALgBzAHQAcAAtADEAQAA2AF8ANQBDAC0AQgBaAF8AQQBTAE0AXwBBAFMATQAuAHMAdABwAC8ATQBBAE4ASQBGAE8ATABEAF8AUwBPAEwASQBEAF8AQgBSAEUAUABfADYANwAwADAALgBzAHQAcAAtADEAQAA2AF8ANQBDAFUATgAtAEMASQBfAEEAUwBNAF8AQQBTAE0ALgBzAHQAcAAEAAAAEAAAAAEAAAAFAAAARgAAABkAAAARAAAAEQAAABUAAAA=</a:base64Binary><a:base64Binary>UEYAAAUAAAD//v/Nbo/CazV1OmctADEAQACVXth2O2DFiF8ATQBpAGQAMwA2ADAASHIvAFoATABMAEcANgA1AEEAUwBNADIANQAwAC0ANAAwADkANgAgAFYAMgAuADAAVVP6UXSPLgBzAHQAcAAtADEAQABuj8JrNXU6Zy8ANgBfADUAQwAtAEIAWgBfAEEAUwBNAF8AQQBTAE0ALgBzAHQAcAAtADEAQABaAEwATABHADYANQBBAFMATQAyADUAMAAtADQAMAA5ADYAIABWADIALgAwAFVT+lF0jy4AcwB0AHAALwA2AF8ANQBDAFUATgAtAEMASQBfAEEAUwBNAF8AQQBTAE0ALgBzAHQAcAAtADEAQAA2AF8ANQBDAC0AQgBaAF8AQQBTAE0AXwBBAFMATQAuAHMAdABwAC8ATQBBAE4ASQBGAE8ATABEAF8AUwBPAEwASQBEAF8AQgBSAEUAUABfADYANwAwADEALgBzAHQAcAAtADEAQAA2AF8ANQBDAFUATgAtAEMASQBfAEEAUwBNAF8AQQBTAE0ALgBzAHQAcAAEAAAAEAAAAAEAAAAFAAAARgAAABkAAAARAAAAEQAAABYAAAA=</a:base64Binary></SWComponentPIDs><SWMainComponentPID i:nil="true"/><Visual z:Ref="i150"/><isFixedFrame>false</isFixedFrame><isIncomplete>false</isIncomplete></Link><Link z:Id="i202"><Attributes><Attribute z:Id="i203"><AttributeType>name</AttributeType><IsRequired>true</IsRequired><Value i:type="a:string" xmlns:a="http://www.w3.org/2001/XMLSchema">lf_Link</Value></Attribute></Attributes><ChildElements><URDFElement z:Id="i204" i:type="Inertial"><Attributes/><ChildElements><URDFElement z:Id="i205" i:type="Origin"><Attributes><Attribute z:Id="i206"><AttributeType>xyz</AttributeType><IsRequired>true</IsRequired><Value i:type="a:ArrayOfdouble" xmlns:a="http://schemas.microsoft.com/2003/10/Serialization/Arrays"><a:double>0.0047843948653408519</a:double><a:double>-0.00019494050385537864</a:double><a:double>-0.020089741575926735</a:double></Value></Attribute><Attribute z:Id="i207"><AttributeType>rpy</AttributeType><IsRequired>true</IsRequired><Value i:type="a:ArrayOfdouble" xmlns:a="http://schemas.microsoft.com/2003/10/Serialization/Arrays"><a:double>0</a:double><a:double>0</a:double><a:double>0</a:double></Value></Attribute></Attributes><ChildElements/><ElementName>origin</ElementName><required>false</required><RPYAttribute z:Ref="i207"/><XYZAttribute z:Ref="i206"/><isCustomized>false</isCustomized></URDFElement><URDFElement z:Id="i208" i:type="Mass"><Attributes><Attribute z:Id="i209"><AttributeType>value</AttributeType><IsRequired>true</IsRequired><Value i:type="a:double" xmlns:a="http://www.w3.org/2001/XMLSchema">0.076433185256144329</Value></Attribute></Attributes><ChildElements/><ElementName>mass</ElementName><required>false</required><ValueAttribute z:Ref="i209"/></URDFElement><URDFElement z:Id="i210" i:type="Inertia"><Attributes><Attribute z:Id="i211"><AttributeType>ixx</AttributeType><IsRequired>true</IsRequired><Value i:type="a:double" xmlns:a="http://www.w3.org/2001/XMLSchema">6.3870777023600922E-05</Value></Attribute><Attribute z:Id="i212"><AttributeType>ixy</AttributeType><IsRequired>true</IsRequired><Value i:type="a:double" xmlns:a="http://www.w3.org/2001/XMLSchema">2.871225191566476E-07</Value></Attribute><Attribute z:Id="i213"><AttributeType>ixz</AttributeType><IsRequired>true</IsRequired><Value i:type="a:double" xmlns:a="http://www.w3.org/2001/XMLSchema">1.040977405790937E-05</Value></Attribute><Attribute z:Id="i214"><AttributeType>iyy</AttributeType><IsRequired>true</IsRequired><Value i:type="a:double" xmlns:a="http://www.w3.org/2001/XMLSchema">5.8001018091224945E-05</Value></Attribute><Attribute z:Id="i215"><AttributeType>iyz</AttributeType><IsRequired>true</IsRequired><Value i:type="a:double" xmlns:a="http://www.w3.org/2001/XMLSchema">-5.2740637032001079E-07</Value></Attribute><Attribute z:Id="i216"><AttributeType>izz</AttributeType><IsRequired>true</IsRequired><Value i:type="a:double" xmlns:a="http://www.w3.org/2001/XMLSchema">5.4010396952726311E-05</Value></Attribute></Attributes><ChildElements/><ElementName>inertia</ElementName><required>false</required><IxxAttribute z:Ref="i211"/><IxyAttribute z:Ref="i212"/><IxzAttribute z:Ref="i213"/><IyyAttribute z:Ref="i214"/><IyzAttribute z:Ref="i215"/><IzzAttribute z:Ref="i216"/></URDFElement></ChildElements><ElementName>inertial</ElementName><required>false</required><Inertia z:Ref="i210"/><Mass z:Ref="i208"/><Origin z:Ref="i205"/></URDFElement><URDFElement z:Id="i217" i:type="Visual"><Attributes/><ChildElements><URDFElement z:Id="i218" i:type="Origin"><Attributes><Attribute z:Id="i219"><AttributeType>xyz</AttributeType><IsRequired>true</IsRequired><Value i:type="a:ArrayOfdouble" xmlns:a="http://schemas.microsoft.com/2003/10/Serialization/Arrays"><a:double>0</a:double><a:double>0</a:double><a:double>0</a:double></Value></Attribute><Attribute z:Id="i220"><AttributeType>rpy</AttributeType><IsRequired>true</IsRequired><Value i:type="a:ArrayOfdouble" xmlns:a="http://schemas.microsoft.com/2003/10/Serialization/Arrays"><a:double>0</a:double><a:double>0</a:double><a:double>0</a:double></Value></Attribute></Attributes><ChildElements/><ElementName>origin</ElementName><required>false</required><RPYAttribute z:Ref="i220"/><XYZAttribute z:Ref="i219"/><isCustomized>false</isCustomized></URDFElement><URDFElement z:Id="i221" i:type="Geometry"><Attributes/><ChildElements><URDFElement z:Id="i222" i:type="Mesh"><Attributes><Attribute z:Id="i223"><AttributeType>filename</AttributeType><IsRequired>true</IsRequired><Value i:nil="true"/></Attribute></Attributes><ChildElements/><ElementName>mesh</ElementName><required>false</required><FilenameAttribute z:Ref="i223"/></URDFElement></ChildElements><ElementName>geometry</ElementName><required>true</required><Mesh z:Ref="i222"/></URDFElement><URDFElement z:Id="i224" i:type="Material"><Attributes><Attribute z:Id="i225"><AttributeType>name</AttributeType><IsRequired>true</IsRequired><Value i:type="a:string" xmlns:a="http://www.w3.org/2001/XMLSchema"/></Attribute></Attributes><ChildElements><URDFElement z:Id="i226" i:type="Color"><Attributes><Attribute z:Id="i227"><AttributeType>rgba</AttributeType><IsRequired>true</IsRequired><Value i:type="a:ArrayOfdouble" xmlns:a="http://schemas.microsoft.com/2003/10/Serialization/Arrays"><a:double>0.75686274509803919</a:double><a:double>0.76862745098039209</a:double><a:double>0.75294117647058822</a:double><a:double>1</a:double></Value></Attribute></Attributes><ChildElements/><ElementName>color</ElementName><required>false</required><RGBAAttribute z:Ref="i227"/></URDFElement><URDFElement z:Id="i228" i:type="Texture"><Attributes><Attribute z:Id="i229"><AttributeType>filename</AttributeType><IsRequired>true</IsRequired><Value i:nil="true"/></Attribute></Attributes><ChildElements/><ElementName>texture</ElementName><required>false</required><FilenameAttribute z:Ref="i229"/><wFilename/></URDFElement></ChildElements><ElementName>material</ElementName><required>false</required><Color z:Ref="i226"/><NameAttribute z:Ref="i225"/><Texture z:Ref="i228"/></URDFElement></ChildElements><ElementName>visual</ElementName><required>false</required><Geometry z:Ref="i221"/><Material z:Ref="i224"/><Origin z:Ref="i218"/></URDFElement><URDFElement z:Id="i230" i:type="Collision"><Attributes/><ChildElements><URDFElement z:Id="i231" i:type="Origin"><Attributes><Attribute z:Id="i232"><AttributeType>xyz</AttributeType><IsRequired>true</IsRequired><Value i:type="a:ArrayOfdouble" xmlns:a="http://schemas.microsoft.com/2003/10/Serialization/Arrays"><a:double>0</a:double><a:double>0</a:double><a:double>0</a:double></Value></Attribute><Attribute z:Id="i233"><AttributeType>rpy</AttributeType><IsRequired>true</IsRequired><Value i:type="a:ArrayOfdouble" xmlns:a="http://schemas.microsoft.com/2003/10/Serialization/Arrays"><a:double>0</a:double><a:double>0</a:double><a:double>0</a:double></Value></Attribute></Attributes><ChildElements/><ElementName>origin</ElementName><required>false</required><RPYAttribute z:Ref="i233"/><XYZAttribute z:Ref="i232"/><isCustomized>false</isCustomized></URDFElement><URDFElement z:Id="i234" i:type="Geometry"><Attributes/><ChildElements><URDFElement z:Id="i235" i:type="Mesh"><Attributes><Attribute z:Id="i236"><AttributeType>filename</AttributeType><IsRequired>true</IsRequired><Value i:nil="true"/></Attribute></Attributes><ChildElements/><ElementName>mesh</ElementName><required>false</required><FilenameAttribute z:Ref="i236"/></URDFElement></ChildElements><ElementName>geometry</ElementName><required>true</required><Mesh z:Ref="i235"/></URDFElement></ChildElements><ElementName>collision</ElementName><required>false</required><Geometry z:Ref="i234"/><Origin z:Ref="i231"/></URDFElement><URDFElement z:Id="i237" i:type="Joint"><Attributes><Attribute z:Id="i238"><AttributeType>name</AttributeType><IsRequired>true</IsRequired><Value i:type="a:string" xmlns:a="http://www.w3.org/2001/XMLSchema">lf_joint</Value></Attribute><Attribute z:Id="i239"><AttributeType>type</AttributeType><IsRequired>true</IsRequired><Value i:type="a:string" xmlns:a="http://www.w3.org/2001/XMLSchema">continuous</Value></Attribute></Attributes><ChildElements><URDFElement z:Id="i240" i:type="Origin"><Attributes><Attribute z:Id="i241"><AttributeType>xyz</AttributeType><IsRequired>true</IsRequired><Value i:type="a:ArrayOfdouble" xmlns:a="http://schemas.microsoft.com/2003/10/Serialization/Arrays"><a:double>0.3818</a:double><a:double>0.17675</a:double><a:double>0.0052475</a:double></Value></Attribute><Attribute z:Id="i242"><AttributeType>rpy</AttributeType><IsRequired>true</IsRequired><Value i:type="a:ArrayOfdouble" xmlns:a="http://schemas.microsoft.com/2003/10/Serialization/Arrays"><a:double>0</a:double><a:double>0</a:double><a:double>0</a:double></Value></Attribute></Attributes><ChildElements/><ElementName>origin</ElementName><required>false</required><RPYAttribute z:Ref="i242"/><XYZAttribute z:Ref="i241"/><isCustomized>false</isCustomized></URDFElement><URDFElement z:Id="i243" i:type="ParentLink"><Attributes><Attribute z:Id="i244"><AttributeType>link</AttributeType><IsRequired>true</IsRequired><Value i:type="a:string" xmlns:a="http://www.w3.org/2001/XMLSchema">base_link</Value></Attribute></Attributes><ChildElements/><ElementName>parent</ElementName><required>true</required><NameAttribute z:Ref="i244"/></URDFElement><URDFElement z:Id="i245" i:type="ChildLink"><Attributes><Attribute z:Id="i246"><AttributeType>link</AttributeType><IsRequired>true</IsRequired><Value i:type="a:string" xmlns:a="http://www.w3.org/2001/XMLSchema">lf_Link</Value></Attribute></Attributes><ChildElements/><ElementName>child</ElementName><required>true</required><NameAttribute z:Ref="i246"/></URDFElement><URDFElement z:Id="i247" i:type="Axis"><Attributes><Attribute z:Id="i248"><AttributeType>xyz</AttributeType><IsRequired>true</IsRequired><Value i:type="a:ArrayOfdouble" xmlns:a="http://schemas.microsoft.com/2003/10/Serialization/Arrays"><a:double>0</a:double><a:double>0</a:double><a:double>-1</a:double></Value></Attribute></Attributes><ChildElements/><ElementName>axis</ElementName><required>false</required><XYZAttribute z:Ref="i248"/></URDFElement><URDFElement z:Id="i249" i:type="Limit"><Attributes><Attribute z:Id="i250"><AttributeType>lower</AttributeType><IsRequired>false</IsRequired><Value i:nil="true"/></Attribute><Attribute z:Id="i251"><AttributeType>upper</AttributeType><IsRequired>false</IsRequired><Value i:nil="true"/></Attribute><Attribute z:Id="i252"><AttributeType>effort</AttributeType><IsRequired>true</IsRequired><Value i:nil="true"/></Attribute><Attribute z:Id="i253"><AttributeType>velocity</AttributeType><IsRequired>true</IsRequired><Value i:nil="true"/></Attribute></Attributes><ChildElements/><ElementName>limit</ElementName><required>false</required><EffortAttribute z:Ref="i252"/><LowerAttribute z:Ref="i250"/><UpperAttribute z:Ref="i251"/><VelocityAttribute z:Ref="i253"/></URDFElement><URDFElement z:Id="i254" i:type="Calibration"><Attributes><Attribute z:Id="i255"><AttributeType>rising</AttributeType><IsRequired>false</IsRequired><Value i:nil="true"/></Attribute><Attribute z:Id="i256"><AttributeType>falling</AttributeType><IsRequired>false</IsRequired><Value i:nil="true"/></Attribute></Attributes><ChildElements/><ElementName>calibration</ElementName><required>false</required><FallingAttribute z:Ref="i256"/><RisingAttribute z:Ref="i255"/></URDFElement><URDFElement z:Id="i257" i:type="Dynamics"><Attributes><Attribute z:Id="i258"><AttributeType>damping</AttributeType><IsRequired>false</IsRequired><Value i:nil="true"/></Attribute><Attribute z:Id="i259"><AttributeType>friction</AttributeType><IsRequired>false</IsRequired><Value i:nil="true"/></Attribute></Attributes><ChildElements/><ElementName>dynamics</ElementName><required>false</required><DampingAttribute z:Ref="i258"/><FrictionAttribute z:Ref="i259"/></URDFElement><URDFElement z:Id="i260" i:type="SafetyController"><Attributes><Attribute z:Id="i261"><AttributeType>soft_upper_limit</AttributeType><IsRequired>false</IsRequired><Value i:nil="true"/></Attribute><Attribute z:Id="i262"><AttributeType>soft_lower_limit</AttributeType><IsRequired>false</IsRequired><Value i:nil="true"/></Attribute><Attribute z:Id="i263"><AttributeType>k_position</AttributeType><IsRequired>false</IsRequired><Value i:nil="true"/></Attribute><Attribute z:Id="i264"><AttributeType>k_velocity</AttributeType><IsRequired>true</IsRequired><Value i:nil="true"/></Attribute></Attributes><ChildElements/><ElementName>safety_controller</ElementName><required>false</required><KPositionAttribute z:Ref="i263"/><KVelocityAttribute z:Ref="i264"/><SoftLowerAttribute z:Ref="i262"/><SoftUpperAttribute z:Ref="i261"/></URDFElement><URDFElement z:Id="i265" i:type="Mimic"><Attributes><Attribute z:Id="i266"><AttributeType>joint</AttributeType><IsRequired>true</IsRequired><Value i:nil="true"/></Attribute><Attribute z:Id="i267"><AttributeType>multiplier</AttributeType><IsRequired>false</IsRequired><Value i:nil="true"/></Attribute><Attribute z:Id="i268"><AttributeType>offset</AttributeType><IsRequired>false</IsRequired><Value i:nil="true"/></Attribute></Attributes><ChildElements/><ElementName>mimic</ElementName><required>false</required><JointNameAttribute z:Ref="i266"/><MultiplierAttribute z:Ref="i267"/><OffsetAttribute z:Ref="i268"/></URDFElement></ChildElements><ElementName>joint</ElementName><required>false</required><Axis z:Ref="i247"/><AxisName>??????????????????5</AxisName><Calibration z:Ref="i254"/><Child z:Ref="i245"/><CoordinateSystemName>??????????????????5</CoordinateSystemName><Dynamics z:Ref="i257"/><Limit z:Ref="i249"/><Mimic z:Ref="i265"/><NameAttribute z:Ref="i238"/><Origin z:Ref="i240"/><Parent z:Ref="i243"/><Safety z:Ref="i260"/><TypeAttribute z:Ref="i239"/></URDFElement></ChildElements><ElementName>link</ElementName><required>true</required><Children><Link z:Id="i269"><Attributes><Attribute z:Id="i270"><AttributeType>name</AttributeType><IsRequired>true</IsRequired><Value i:type="a:string" xmlns:a="http://www.w3.org/2001/XMLSchema">lf_wheel_Link</Value></Attribute></Attributes><ChildElements><URDFElement z:Id="i271" i:type="Inertial"><Attributes/><ChildElements><URDFElement z:Id="i272" i:type="Origin"><Attributes><Attribute z:Id="i273"><AttributeType>xyz</AttributeType><IsRequired>true</IsRequired><Value i:type="a:ArrayOfdouble" xmlns:a="http://schemas.microsoft.com/2003/10/Serialization/Arrays"><a:double>-2.386272388021915E-07</a:double><a:double>-1.4580375795603118E-10</a:double><a:double>-5.8242737854818927E-08</a:double></Value></Attribute><Attribute z:Id="i274"><AttributeType>rpy</AttributeType><IsRequired>true</IsRequired><Value i:type="a:ArrayOfdouble" xmlns:a="http://schemas.microsoft.com/2003/10/Serialization/Arrays"><a:double>0</a:double><a:double>0</a:double><a:double>0</a:double></Value></Attribute></Attributes><ChildElements/><ElementName>origin</ElementName><required>false</required><RPYAttribute z:Ref="i274"/><XYZAttribute z:Ref="i273"/><isCustomized>false</isCustomized></URDFElement><URDFElement z:Id="i275" i:type="Mass"><Attributes><Attribute z:Id="i276"><AttributeType>value</AttributeType><IsRequired>true</IsRequired><Value i:type="a:double" xmlns:a="http://www.w3.org/2001/XMLSchema">0.1504676377503511</Value></Attribute></Attributes><ChildElements/><ElementName>mass</ElementName><required>false</required><ValueAttribute z:Ref="i276"/></URDFElement><URDFElement z:Id="i277" i:type="Inertia"><Attributes><Attribute z:Id="i278"><AttributeType>ixx</AttributeType><IsRequired>true</IsRequired><Value i:type="a:double" xmlns:a="http://www.w3.org/2001/XMLSchema">7.0425987480744409E-05</Value></Attribute><Attribute z:Id="i279"><AttributeType>ixy</AttributeType><IsRequired>true</IsRequired><Value i:type="a:double" xmlns:a="http://www.w3.org/2001/XMLSchema">2.5531455858405459E-13</Value></Attribute><Attribute z:Id="i280"><AttributeType>ixz</AttributeType><IsRequired>true</IsRequired><Value i:type="a:double" xmlns:a="http://www.w3.org/2001/XMLSchema">-6.7518873005722594E-12</Value></Attribute><Attribute z:Id="i281"><AttributeType>iyy</AttributeType><IsRequired>true</IsRequired><Value i:type="a:double" xmlns:a="http://www.w3.org/2001/XMLSchema">0.00010833387040612208</Value></Attribute><Attribute z:Id="i282"><AttributeType>iyz</AttributeType><IsRequired>true</IsRequired><Value i:type="a:double" xmlns:a="http://www.w3.org/2001/XMLSchema">2.6232252667032034E-10</Value></Attribute><Attribute z:Id="i283"><AttributeType>izz</AttributeType><IsRequired>true</IsRequired><Value i:type="a:double" xmlns:a="http://www.w3.org/2001/XMLSchema">7.0430149980169575E-05</Value></Attribute></Attributes><ChildElements/><ElementName>inertia</ElementName><required>false</required><IxxAttribute z:Ref="i278"/><IxyAttribute z:Ref="i279"/><IxzAttribute z:Ref="i280"/><IyyAttribute z:Ref="i281"/><IyzAttribute z:Ref="i282"/><IzzAttribute z:Ref="i283"/></URDFElement></ChildElements><ElementName>inertial</ElementName><required>false</required><Inertia z:Ref="i277"/><Mass z:Ref="i275"/><Origin z:Ref="i272"/></URDFElement><URDFElement z:Id="i284" i:type="Visual"><Attributes/><ChildElements><URDFElement z:Id="i285" i:type="Origin"><Attributes><Attribute z:Id="i286"><AttributeType>xyz</AttributeType><IsRequired>true</IsRequired><Value i:type="a:ArrayOfdouble" xmlns:a="http://schemas.microsoft.com/2003/10/Serialization/Arrays"><a:double>0</a:double><a:double>0</a:double><a:double>0</a:double></Value></Attribute><Attribute z:Id="i287"><AttributeType>rpy</AttributeType><IsRequired>true</IsRequired><Value i:type="a:ArrayOfdouble" xmlns:a="http://schemas.microsoft.com/2003/10/Serialization/Arrays"><a:double>0</a:double><a:double>0</a:double><a:double>0</a:double></Value></Attribute></Attributes><ChildElements/><ElementName>origin</ElementName><required>false</required><RPYAttribute z:Ref="i287"/><XYZAttribute z:Ref="i286"/><isCustomized>false</isCustomized></URDFElement><URDFElement z:Id="i288" i:type="Geometry"><Attributes/><ChildElements><URDFElement z:Id="i289" i:type="Mesh"><Attributes><Attribute z:Id="i290"><AttributeType>filename</AttributeType><IsRequired>true</IsRequired><Value i:nil="true"/></Attribute></Attributes><ChildElements/><ElementName>mesh</ElementName><required>false</required><FilenameAttribute z:Ref="i290"/></URDFElement></ChildElements><ElementName>geometry</ElementName><required>true</required><Mesh z:Ref="i289"/></URDFElement><URDFElement z:Id="i291" i:type="Material"><Attributes><Attribute z:Id="i292"><AttributeType>name</AttributeType><IsRequired>true</IsRequired><Value i:type="a:string" xmlns:a="http://www.w3.org/2001/XMLSchema"/></Attribute></Attributes><ChildElements><URDFElement z:Id="i293" i:type="Color"><Attributes><Attribute z:Id="i294"><AttributeType>rgba</AttributeType><IsRequired>true</IsRequired><Value i:type="a:ArrayOfdouble" xmlns:a="http://schemas.microsoft.com/2003/10/Serialization/Arrays"><a:double>0.75686274509803919</a:double><a:double>0.76862745098039209</a:double><a:double>0.75294117647058822</a:double><a:double>1</a:double></Value></Attribute></Attributes><ChildElements/><ElementName>color</ElementName><required>false</required><RGBAAttribute z:Ref="i294"/></URDFElement><URDFElement z:Id="i295" i:type="Texture"><Attributes><Attribute z:Id="i296"><AttributeType>filename</AttributeType><IsRequired>true</IsRequired><Value i:nil="true"/></Attribute></Attributes><ChildElements/><ElementName>texture</ElementName><required>false</required><FilenameAttribute z:Ref="i296"/><wFilename/></URDFElement></ChildElements><ElementName>material</ElementName><required>false</required><Color z:Ref="i293"/><NameAttribute z:Ref="i292"/><Texture z:Ref="i295"/></URDFElement></ChildElements><ElementName>visual</ElementName><required>false</required><Geometry z:Ref="i288"/><Material z:Ref="i291"/><Origin z:Ref="i285"/></URDFElement><URDFElement z:Id="i297" i:type="Collision"><Attributes/><ChildElements><URDFElement z:Id="i298" i:type="Origin"><Attributes><Attribute z:Id="i299"><AttributeType>xyz</AttributeType><IsRequired>true</IsRequired><Value i:type="a:ArrayOfdouble" xmlns:a="http://schemas.microsoft.com/2003/10/Serialization/Arrays"><a:double>0</a:double><a:double>0</a:double><a:double>0</a:double></Value></Attribute><Attribute z:Id="i300"><AttributeType>rpy</AttributeType><IsRequired>true</IsRequired><Value i:type="a:ArrayOfdouble" xmlns:a="http://schemas.microsoft.com/2003/10/Serialization/Arrays"><a:double>0</a:double><a:double>0</a:double><a:double>0</a:double></Value></Attribute></Attributes><ChildElements/><ElementName>origin</ElementName><required>false</required><RPYAttribute z:Ref="i300"/><XYZAttribute z:Ref="i299"/><isCustomized>false</isCustomized></URDFElement><URDFElement z:Id="i301" i:type="Geometry"><Attributes/><ChildElements><URDFElement z:Id="i302" i:type="Mesh"><Attributes><Attribute z:Id="i303"><AttributeType>filename</AttributeType><IsRequired>true</IsRequired><Value i:nil="true"/></Attribute></Attributes><ChildElements/><ElementName>mesh</ElementName><required>false</required><FilenameAttribute z:Ref="i303"/></URDFElement></ChildElements><ElementName>geometry</ElementName><required>true</required><Mesh z:Ref="i302"/></URDFElement></ChildElements><ElementName>collision</ElementName><required>false</required><Geometry z:Ref="i301"/><Origin z:Ref="i298"/></URDFElement><URDFElement z:Id="i304" i:type="Joint"><Attributes><Attribute z:Id="i305"><AttributeType>name</AttributeType><IsRequired>true</IsRequired><Value i:type="a:string" xmlns:a="http://www.w3.org/2001/XMLSchema">lf_wheel_joint</Value></Attribute><Attribute z:Id="i306"><AttributeType>type</AttributeType><IsRequired>true</IsRequired><Value i:type="a:string" xmlns:a="http://www.w3.org/2001/XMLSchema">continuous</Value></Attribute></Attributes><ChildElements><URDFElement z:Id="i307" i:type="Origin"><Attributes><Attribute z:Id="i308"><AttributeType>xyz</AttributeType><IsRequired>true</IsRequired><Value i:type="a:ArrayOfdouble" xmlns:a="http://schemas.microsoft.com/2003/10/Serialization/Arrays"><a:double>0.024001</a:double><a:double>0</a:double><a:double>-0.055747</a:double></Value></Attribute><Attribute z:Id="i309"><AttributeType>rpy</AttributeType><IsRequired>true</IsRequired><Value i:type="a:ArrayOfdouble" xmlns:a="http://schemas.microsoft.com/2003/10/Serialization/Arrays"><a:double>0</a:double><a:double>0</a:double><a:double>0</a:double></Value></Attribute></Attributes><ChildElements/><ElementName>origin</ElementName><required>false</required><RPYAttribute z:Ref="i309"/><XYZAttribute z:Ref="i308"/><isCustomized>false</isCustomized></URDFElement><URDFElement z:Id="i310" i:type="ParentLink"><Attributes><Attribute z:Id="i311"><AttributeType>link</AttributeType><IsRequired>true</IsRequired><Value i:type="a:string" xmlns:a="http://www.w3.org/2001/XMLSchema">lf_Link</Value></Attribute></Attributes><ChildElements/><ElementName>parent</ElementName><required>true</required><NameAttribute z:Ref="i311"/></URDFElement><URDFElement z:Id="i312" i:type="ChildLink"><Attributes><Attribute z:Id="i313"><AttributeType>link</AttributeType><IsRequired>true</IsRequired><Value i:type="a:string" xmlns:a="http://www.w3.org/2001/XMLSchema">lf_wheel_Link</Value></Attribute></Attributes><ChildElements/><ElementName>child</ElementName><required>true</required><NameAttribute z:Ref="i313"/></URDFElement><URDFElement z:Id="i314" i:type="Axis"><Attributes><Attribute z:Id="i315"><AttributeType>xyz</AttributeType><IsRequired>true</IsRequired><Value i:type="a:ArrayOfdouble" xmlns:a="http://schemas.microsoft.com/2003/10/Serialization/Arrays"><a:double>0</a:double><a:double>1</a:double><a:double>0</a:double></Value></Attribute></Attributes><ChildElements/><ElementName>axis</ElementName><required>false</required><XYZAttribute z:Ref="i315"/></URDFElement><URDFElement z:Id="i316" i:type="Limit"><Attributes><Attribute z:Id="i317"><AttributeType>lower</AttributeType><IsRequired>false</IsRequired><Value i:nil="true"/></Attribute><Attribute z:Id="i318"><AttributeType>upper</AttributeType><IsRequired>false</IsRequired><Value i:nil="true"/></Attribute><Attribute z:Id="i319"><AttributeType>effort</AttributeType><IsRequired>true</IsRequired><Value i:nil="true"/></Attribute><Attribute z:Id="i320"><AttributeType>velocity</AttributeType><IsRequired>true</IsRequired><Value i:nil="true"/></Attribute></Attributes><ChildElements/><ElementName>limit</ElementName><required>false</required><EffortAttribute z:Ref="i319"/><LowerAttribute z:Ref="i317"/><UpperAttribute z:Ref="i318"/><VelocityAttribute z:Ref="i320"/></URDFElement><URDFElement z:Id="i321" i:type="Calibration"><Attributes><Attribute z:Id="i322"><AttributeType>rising</AttributeType><IsRequired>false</IsRequired><Value i:nil="true"/></Attribute><Attribute z:Id="i323"><AttributeType>falling</AttributeType><IsRequired>false</IsRequired><Value i:nil="true"/></Attribute></Attributes><ChildElements/><ElementName>calibration</ElementName><required>false</required><FallingAttribute z:Ref="i323"/><RisingAttribute z:Ref="i322"/></URDFElement><URDFElement z:Id="i324" i:type="Dynamics"><Attributes><Attribute z:Id="i325"><AttributeType>damping</AttributeType><IsRequired>false</IsRequired><Value i:nil="true"/></Attribute><Attribute z:Id="i326"><AttributeType>friction</AttributeType><IsRequired>false</IsRequired><Value i:nil="true"/></Attribute></Attributes><ChildElements/><ElementName>dynamics</ElementName><required>false</required><DampingAttribute z:Ref="i325"/><FrictionAttribute z:Ref="i326"/></URDFElement><URDFElement z:Id="i327" i:type="SafetyController"><Attributes><Attribute z:Id="i328"><AttributeType>soft_upper_limit</AttributeType><IsRequired>false</IsRequired><Value i:nil="true"/></Attribute><Attribute z:Id="i329"><AttributeType>soft_lower_limit</AttributeType><IsRequired>false</IsRequired><Value i:nil="true"/></Attribute><Attribute z:Id="i330"><AttributeType>k_position</AttributeType><IsRequired>false</IsRequired><Value i:nil="true"/></Attribute><Attribute z:Id="i331"><AttributeType>k_velocity</AttributeType><IsRequired>true</IsRequired><Value i:nil="true"/></Attribute></Attributes><ChildElements/><ElementName>safety_controller</ElementName><required>false</required><KPositionAttribute z:Ref="i330"/><KVelocityAttribute z:Ref="i331"/><SoftLowerAttribute z:Ref="i329"/><SoftUpperAttribute z:Ref="i328"/></URDFElement><URDFElement z:Id="i332" i:type="Mimic"><Attributes><Attribute z:Id="i333"><AttributeType>joint</AttributeType><IsRequired>true</IsRequired><Value i:nil="true"/></Attribute><Attribute z:Id="i334"><AttributeType>multiplier</AttributeType><IsRequired>false</IsRequired><Value i:nil="true"/></Attribute><Attribute z:Id="i335"><AttributeType>offset</AttributeType><IsRequired>false</IsRequired><Value i:nil="true"/></Attribute></Attributes><ChildElements/><ElementName>mimic</ElementName><required>false</required><JointNameAttribute z:Ref="i333"/><MultiplierAttribute z:Ref="i334"/><OffsetAttribute z:Ref="i335"/></URDFElement></ChildElements><ElementName>joint</ElementName><required>false</required><Axis z:Ref="i314"/><AxisName>?????????????????????3</AxisName><Calibration z:Ref="i321"/><Child z:Ref="i312"/><CoordinateSystemName>?????????????????????3</CoordinateSystemName><Dynamics z:Ref="i324"/><Limit z:Ref="i316"/><Mimic z:Ref="i332"/><NameAttribute z:Ref="i305"/><Origin z:Ref="i307"/><Parent z:Ref="i310"/><Safety z:Ref="i327"/><TypeAttribute z:Ref="i306"/></URDFElement></ChildElements><ElementName>link</ElementName><required>true</required><Children/><Collision z:Ref="i297"/><Inertial z:Ref="i271"/><Joint z:Ref="i304"/><NameAttribute z:Ref="i270"/><Parent z:Ref="i202"/><STLQualityFine>false</STLQualityFine><SWComponentPIDs xmlns:a="http://schemas.microsoft.com/2003/10/Serialization/Arrays"><a:base64Binary>UEYAAAUAAAD//v8zRQAtAEMATABIAEoANwA1AC0ATgAtADIAQACVXth2O2DFiF8ATQBpAGQAMwA2ADAASHIvAEUALQBDAEwASABKADcANQAtAE4AXwB3AC0AMQBAAEUALQBDAEwASABKADcANQAtAE4ABAAAABAAAAABAAAAAgAAAEUIAAAVAAAA</a:base64Binary></SWComponentPIDs><SWMainComponentPID i:nil="true"/><Visual z:Ref="i284"/><isFixedFrame>false</isFixedFrame><isIncomplete>false</isIncomplete></Link></Children><Collision z:Ref="i230"/><Inertial z:Ref="i204"/><Joint z:Ref="i237"/><NameAttribute z:Ref="i203"/><Parent z:Ref="i1"/><STLQualityFine>false</STLQualityFine><SWComponentPIDs xmlns:a="http://schemas.microsoft.com/2003/10/Serialization/Arrays"><a:base64Binary>UEYAAAUAAAD//v8zRQAtAEMATABIAEoANwA1AC0ATgAtADIAQACVXth2O2DFiF8ATQBpAGQAMwA2ADAASHIvAEUALQBDAEwASABKADcANQAtAE4AXwBiAC0AMQBAAEUALQBDAEwASABKADcANQAtAE4ABAAAABAAAAABAAAAAgAAAEUIAAAUAAAA</a:base64Binary></SWComponentPIDs><SWMainComponentPID i:nil="true"/><Visual z:Ref="i217"/><isFixedFrame>false</isFixedFrame><isIncomplete>false</isIncomplete></Link><Link z:Id="i336"><Attributes><Attribute z:Id="i337"><AttributeType>name</AttributeType><IsRequired>true</IsRequired><Value i:type="a:string" xmlns:a="http://www.w3.org/2001/XMLSchema">rf_Link</Value></Attribute></Attributes><ChildElements><URDFElement z:Id="i338" i:type="Inertial"><Attributes/><ChildElements><URDFElement z:Id="i339" i:type="Origin"><Attributes><Attribute z:Id="i340"><AttributeType>xyz</AttributeType><IsRequired>true</IsRequired><Value i:type="a:ArrayOfdouble" xmlns:a="http://schemas.microsoft.com/2003/10/Serialization/Arrays"><a:double>-0.0047843948653409074</a:double><a:double>0.00019494050385544109</a:double><a:double>-0.020089741575926693</a:double></Value></Attribute><Attribute z:Id="i341"><AttributeType>rpy</AttributeType><IsRequired>true</IsRequired><Value i:type="a:ArrayOfdouble" xmlns:a="http://schemas.microsoft.com/2003/10/Serialization/Arrays"><a:double>0</a:double><a:double>0</a:double><a:double>0</a:double></Value></Attribute></Attributes><ChildElements/><ElementName>origin</ElementName><required>false</required><RPYAttribute z:Ref="i341"/><XYZAttribute z:Ref="i340"/><isCustomized>false</isCustomized></URDFElement><URDFElement z:Id="i342" i:type="Mass"><Attributes><Attribute z:Id="i343"><AttributeType>value</AttributeType><IsRequired>true</IsRequired><Value i:type="a:double" xmlns:a="http://www.w3.org/2001/XMLSchema">0.076433185256144245</Value></Attribute></Attributes><ChildElements/><ElementName>mass</ElementName><required>false</required><ValueAttribute z:Ref="i343"/></URDFElement><URDFElement z:Id="i344" i:type="Inertia"><Attributes><Attribute z:Id="i345"><AttributeType>ixx</AttributeType><IsRequired>true</IsRequired><Value i:type="a:double" xmlns:a="http://www.w3.org/2001/XMLSchema">6.3870777023600746E-05</Value></Attribute><Attribute z:Id="i346"><AttributeType>ixy</AttributeType><IsRequired>true</IsRequired><Value i:type="a:double" xmlns:a="http://www.w3.org/2001/XMLSchema">2.8712251915661875E-07</Value></Attribute><Attribute z:Id="i347"><AttributeType>ixz</AttributeType><IsRequired>true</IsRequired><Value i:type="a:double" xmlns:a="http://www.w3.org/2001/XMLSchema">-1.0409774057909429E-05</Value></Attribute><Attribute z:Id="i348"><AttributeType>iyy</AttributeType><IsRequired>true</IsRequired><Value i:type="a:double" xmlns:a="http://www.w3.org/2001/XMLSchema">5.8001018091224674E-05</Value></Attribute><Attribute z:Id="i349"><AttributeType>iyz</AttributeType><IsRequired>true</IsRequired><Value i:type="a:double" xmlns:a="http://www.w3.org/2001/XMLSchema">5.2740637032008321E-07</Value></Attribute><Attribute z:Id="i350"><AttributeType>izz</AttributeType><IsRequired>true</IsRequired><Value i:type="a:double" xmlns:a="http://www.w3.org/2001/XMLSchema">5.4010396952726121E-05</Value></Attribute></Attributes><ChildElements/><ElementName>inertia</ElementName><required>false</required><IxxAttribute z:Ref="i345"/><IxyAttribute z:Ref="i346"/><IxzAttribute z:Ref="i347"/><IyyAttribute z:Ref="i348"/><IyzAttribute z:Ref="i349"/><IzzAttribute z:Ref="i350"/></URDFElement></ChildElements><ElementName>inertial</ElementName><required>false</required><Inertia z:Ref="i344"/><Mass z:Ref="i342"/><Origin z:Ref="i339"/></URDFElement><URDFElement z:Id="i351" i:type="Visual"><Attributes/><ChildElements><URDFElement z:Id="i352" i:type="Origin"><Attributes><Attribute z:Id="i353"><AttributeType>xyz</AttributeType><IsRequired>true</IsRequired><Value i:type="a:ArrayOfdouble" xmlns:a="http://schemas.microsoft.com/2003/10/Serialization/Arrays"><a:double>0</a:double><a:double>0</a:double><a:double>0</a:double></Value></Attribute><Attribute z:Id="i354"><AttributeType>rpy</AttributeType><IsRequired>true</IsRequired><Value i:type="a:ArrayOfdouble" xmlns:a="http://schemas.microsoft.com/2003/10/Serialization/Arrays"><a:double>0</a:double><a:double>0</a:double><a:double>0</a:double></Value></Attribute></Attributes><ChildElements/><ElementName>origin</ElementName><required>false</required><RPYAttribute z:Ref="i354"/><XYZAttribute z:Ref="i353"/><isCustomized>false</isCustomized></URDFElement><URDFElement z:Id="i355" i:type="Geometry"><Attributes/><ChildElements><URDFElement z:Id="i356" i:type="Mesh"><Attributes><Attribute z:Id="i357"><AttributeType>filename</AttributeType><IsRequired>true</IsRequired><Value i:nil="true"/></Attribute></Attributes><ChildElements/><ElementName>mesh</ElementName><required>false</required><FilenameAttribute z:Ref="i357"/></URDFElement></ChildElements><ElementName>geometry</ElementName><required>true</required><Mesh z:Ref="i356"/></URDFElement><URDFElement z:Id="i358" i:type="Material"><Attributes><Attribute z:Id="i359"><AttributeType>name</AttributeType><IsRequired>true</IsRequired><Value i:type="a:string" xmlns:a="http://www.w3.org/2001/XMLSchema"/></Attribute></Attributes><ChildElements><URDFElement z:Id="i360" i:type="Color"><Attributes><Attribute z:Id="i361"><AttributeType>rgba</AttributeType><IsRequired>true</IsRequired><Value i:type="a:ArrayOfdouble" xmlns:a="http://schemas.microsoft.com/2003/10/Serialization/Arrays"><a:double>0.75686274509803919</a:double><a:double>0.76862745098039209</a:double><a:double>0.75294117647058822</a:double><a:double>1</a:double></Value></Attribute></Attributes><ChildElements/><ElementName>color</ElementName><required>false</required><RGBAAttribute z:Ref="i361"/></URDFElement><URDFElement z:Id="i362" i:type="Texture"><Attributes><Attribute z:Id="i363"><AttributeType>filename</AttributeType><IsRequired>true</IsRequired><Value i:nil="true"/></Attribute></Attributes><ChildElements/><ElementName>texture</ElementName><required>false</required><FilenameAttribute z:Ref="i363"/><wFilename/></URDFElement></ChildElements><ElementName>material</ElementName><required>false</required><Color z:Ref="i360"/><NameAttribute z:Ref="i359"/><Texture z:Ref="i362"/></URDFElement></ChildElements><ElementName>visual</ElementName><required>false</required><Geometry z:Ref="i355"/><Material z:Ref="i358"/><Origin z:Ref="i352"/></URDFElement><URDFElement z:Id="i364" i:type="Collision"><Attributes/><ChildElements><URDFElement z:Id="i365" i:type="Origin"><Attributes><Attribute z:Id="i366"><AttributeType>xyz</AttributeType><IsRequired>true</IsRequired><Value i:type="a:ArrayOfdouble" xmlns:a="http://schemas.microsoft.com/2003/10/Serialization/Arrays"><a:double>0</a:double><a:double>0</a:double><a:double>0</a:double></Value></Attribute><Attribute z:Id="i367"><AttributeType>rpy</AttributeType><IsRequired>true</IsRequired><Value i:type="a:ArrayOfdouble" xmlns:a="http://schemas.microsoft.com/2003/10/Serialization/Arrays"><a:double>0</a:double><a:double>0</a:double><a:double>0</a:double></Value></Attribute></Attributes><ChildElements/><ElementName>origin</ElementName><required>false</required><RPYAttribute z:Ref="i367"/><XYZAttribute z:Ref="i366"/><isCustomized>false</isCustomized></URDFElement><URDFElement z:Id="i368" i:type="Geometry"><Attributes/><ChildElements><URDFElement z:Id="i369" i:type="Mesh"><Attributes><Attribute z:Id="i370"><AttributeType>filename</AttributeType><IsRequired>true</IsRequired><Value i:nil="true"/></Attribute></Attributes><ChildElements/><ElementName>mesh</ElementName><required>false</required><FilenameAttribute z:Ref="i370"/></URDFElement></ChildElements><ElementName>geometry</ElementName><required>true</required><Mesh z:Ref="i369"/></URDFElement></ChildElements><ElementName>collision</ElementName><required>false</required><Geometry z:Ref="i368"/><Origin z:Ref="i365"/></URDFElement><URDFElement z:Id="i371" i:type="Joint"><Attributes><Attribute z:Id="i372"><AttributeType>name</AttributeType><IsRequired>true</IsRequired><Value i:type="a:string" xmlns:a="http://www.w3.org/2001/XMLSchema">rf_joint</Value></Attribute><Attribute z:Id="i373"><AttributeType>type</AttributeType><IsRequired>true</IsRequired><Value i:type="a:string" xmlns:a="http://www.w3.org/2001/XMLSchema">continuous</Value></Attribute></Attributes><ChildElements><URDFElement z:Id="i374" i:type="Origin"><Attributes><Attribute z:Id="i375"><AttributeType>xyz</AttributeType><IsRequired>true</IsRequired><Value i:type="a:ArrayOfdouble" xmlns:a="http://schemas.microsoft.com/2003/10/Serialization/Arrays"><a:double>0.3818</a:double><a:double>-0.17625</a:double><a:double>0.0052475</a:double></Value></Attribute><Attribute z:Id="i376"><AttributeType>rpy</AttributeType><IsRequired>true</IsRequired><Value i:type="a:ArrayOfdouble" xmlns:a="http://schemas.microsoft.com/2003/10/Serialization/Arrays"><a:double>0</a:double><a:double>0</a:double><a:double>0</a:double></Value></Attribute></Attributes><ChildElements/><ElementName>origin</ElementName><required>false</required><RPYAttribute z:Ref="i376"/><XYZAttribute z:Ref="i375"/><isCustomized>false</isCustomized></URDFElement><URDFElement z:Id="i377" i:type="ParentLink"><Attributes><Attribute z:Id="i378"><AttributeType>link</AttributeType><IsRequired>true</IsRequired><Value i:type="a:string" xmlns:a="http://www.w3.org/2001/XMLSchema">base_link</Value></Attribute></Attributes><ChildElements/><ElementName>parent</ElementName><required>true</required><NameAttribute z:Ref="i378"/></URDFElement><URDFElement z:Id="i379" i:type="ChildLink"><Attributes><Attribute z:Id="i380"><AttributeType>link</AttributeType><IsRequired>true</IsRequired><Value i:type="a:string" xmlns:a="http://www.w3.org/2001/XMLSchema">rf_Link</Value></Attribute></Attributes><ChildElements/><ElementName>child</ElementName><required>true</required><NameAttribute z:Ref="i380"/></URDFElement><URDFElement z:Id="i381" i:type="Axis"><Attributes><Attribute z:Id="i382"><AttributeType>xyz</AttributeType><IsRequired>true</IsRequired><Value i:type="a:ArrayOfdouble" xmlns:a="http://schemas.microsoft.com/2003/10/Serialization/Arrays"><a:double>0</a:double><a:double>0</a:double><a:double>-1</a:double></Value></Attribute></Attributes><ChildElements/><ElementName>axis</ElementName><required>false</required><XYZAttribute z:Ref="i382"/></URDFElement><URDFElement z:Id="i383" i:type="Limit"><Attributes><Attribute z:Id="i384"><AttributeType>lower</AttributeType><IsRequired>false</IsRequired><Value i:nil="true"/></Attribute><Attribute z:Id="i385"><AttributeType>upper</AttributeType><IsRequired>false</IsRequired><Value i:nil="true"/></Attribute><Attribute z:Id="i386"><AttributeType>effort</AttributeType><IsRequired>true</IsRequired><Value i:nil="true"/></Attribute><Attribute z:Id="i387"><AttributeType>velocity</AttributeType><IsRequired>true</IsRequired><Value i:nil="true"/></Attribute></Attributes><ChildElements/><ElementName>limit</ElementName><required>false</required><EffortAttribute z:Ref="i386"/><LowerAttribute z:Ref="i384"/><UpperAttribute z:Ref="i385"/><VelocityAttribute z:Ref="i387"/></URDFElement><URDFElement z:Id="i388" i:type="Calibration"><Attributes><Attribute z:Id="i389"><AttributeType>rising</AttributeType><IsRequired>false</IsRequired><Value i:nil="true"/></Attribute><Attribute z:Id="i390"><AttributeType>falling</AttributeType><IsRequired>false</IsRequired><Value i:nil="true"/></Attribute></Attributes><ChildElements/><ElementName>calibration</ElementName><required>false</required><FallingAttribute z:Ref="i390"/><RisingAttribute z:Ref="i389"/></URDFElement><URDFElement z:Id="i391" i:type="Dynamics"><Attributes><Attribute z:Id="i392"><AttributeType>damping</AttributeType><IsRequired>false</IsRequired><Value i:nil="true"/></Attribute><Attribute z:Id="i393"><AttributeType>friction</AttributeType><IsRequired>false</IsRequired><Value i:nil="true"/></Attribute></Attributes><ChildElements/><ElementName>dynamics</ElementName><required>false</required><DampingAttribute z:Ref="i392"/><FrictionAttribute z:Ref="i393"/></URDFElement><URDFElement z:Id="i394" i:type="SafetyController"><Attributes><Attribute z:Id="i395"><AttributeType>soft_upper_limit</AttributeType><IsRequired>false</IsRequired><Value i:nil="true"/></Attribute><Attribute z:Id="i396"><AttributeType>soft_lower_limit</AttributeType><IsRequired>false</IsRequired><Value i:nil="true"/></Attribute><Attribute z:Id="i397"><AttributeType>k_position</AttributeType><IsRequired>false</IsRequired><Value i:nil="true"/></Attribute><Attribute z:Id="i398"><AttributeType>k_velocity</AttributeType><IsRequired>true</IsRequired><Value i:nil="true"/></Attribute></Attributes><ChildElements/><ElementName>safety_controller</ElementName><required>false</required><KPositionAttribute z:Ref="i397"/><KVelocityAttribute z:Ref="i398"/><SoftLowerAttribute z:Ref="i396"/><SoftUpperAttribute z:Ref="i395"/></URDFElement><URDFElement z:Id="i399" i:type="Mimic"><Attributes><Attribute z:Id="i400"><AttributeType>joint</AttributeType><IsRequired>true</IsRequired><Value i:nil="true"/></Attribute><Attribute z:Id="i401"><AttributeType>multiplier</AttributeType><IsRequired>false</IsRequired><Value i:nil="true"/></Attribute><Attribute z:Id="i402"><AttributeType>offset</AttributeType><IsRequired>false</IsRequired><Value i:nil="true"/></Attribute></Attributes><ChildElements/><ElementName>mimic</ElementName><required>false</required><JointNameAttribute z:Ref="i400"/><MultiplierAttribute z:Ref="i401"/><OffsetAttribute z:Ref="i402"/></URDFElement></ChildElements><ElementName>joint</ElementName><required>false</required><Axis z:Ref="i381"/><AxisName>??????????????????6</AxisName><Calibration z:Ref="i388"/><Child z:Ref="i379"/><CoordinateSystemName>??????????????????6</CoordinateSystemName><Dynamics z:Ref="i391"/><Limit z:Ref="i383"/><Mimic z:Ref="i399"/><NameAttribute z:Ref="i372"/><Origin z:Ref="i374"/><Parent z:Ref="i377"/><Safety z:Ref="i394"/><TypeAttribute z:Ref="i373"/></URDFElement></ChildElements><ElementName>link</ElementName><required>true</required><Children><Link z:Id="i403"><Attributes><Attribute z:Id="i404"><AttributeType>name</AttributeType><IsRequired>true</IsRequired><Value i:type="a:string" xmlns:a="http://www.w3.org/2001/XMLSchema">rf_wheel_Link</Value></Attribute></Attributes><ChildElements><URDFElement z:Id="i405" i:type="Inertial"><Attributes/><ChildElements><URDFElement z:Id="i406" i:type="Origin"><Attributes><Attribute z:Id="i407"><AttributeType>xyz</AttributeType><IsRequired>true</IsRequired><Value i:type="a:ArrayOfdouble" xmlns:a="http://schemas.microsoft.com/2003/10/Serialization/Arrays"><a:double>2.3862723885770265E-07</a:double><a:double>1.4580389846863273E-10</a:double><a:double>-5.8242737840941139E-08</a:double></Value></Attribute><Attribute z:Id="i408"><AttributeType>rpy</AttributeType><IsRequired>true</IsRequired><Value i:type="a:ArrayOfdouble" xmlns:a="http://schemas.microsoft.com/2003/10/Serialization/Arrays"><a:double>0</a:double><a:double>0</a:double><a:double>0</a:double></Value></Attribute></Attributes><ChildElements/><ElementName>origin</ElementName><required>false</required><RPYAttribute z:Ref="i408"/><XYZAttribute z:Ref="i407"/><isCustomized>false</isCustomized></URDFElement><URDFElement z:Id="i409" i:type="Mass"><Attributes><Attribute z:Id="i410"><AttributeType>value</AttributeType><IsRequired>true</IsRequired><Value i:type="a:double" xmlns:a="http://www.w3.org/2001/XMLSchema">0.15046763775035266</Value></Attribute></Attributes><ChildElements/><ElementName>mass</ElementName><required>false</required><ValueAttribute z:Ref="i410"/></URDFElement><URDFElement z:Id="i411" i:type="Inertia"><Attributes><Attribute z:Id="i412"><AttributeType>ixx</AttributeType><IsRequired>true</IsRequired><Value i:type="a:double" xmlns:a="http://www.w3.org/2001/XMLSchema">7.04259874807456E-05</Value></Attribute><Attribute z:Id="i413"><AttributeType>ixy</AttributeType><IsRequired>true</IsRequired><Value i:type="a:double" xmlns:a="http://www.w3.org/2001/XMLSchema">2.5531451307056841E-13</Value></Attribute><Attribute z:Id="i414"><AttributeType>ixz</AttributeType><IsRequired>true</IsRequired><Value i:type="a:double" xmlns:a="http://www.w3.org/2001/XMLSchema">6.7518873802313405E-12</Value></Attribute><Attribute z:Id="i415"><AttributeType>iyy</AttributeType><IsRequired>true</IsRequired><Value i:type="a:double" xmlns:a="http://www.w3.org/2001/XMLSchema">0.00010833387040612425</Value></Attribute><Attribute z:Id="i416"><AttributeType>iyz</AttributeType><IsRequired>true</IsRequired><Value i:type="a:double" xmlns:a="http://www.w3.org/2001/XMLSchema">-2.6232252665531968E-10</Value></Attribute><Attribute z:Id="i417"><AttributeType>izz</AttributeType><IsRequired>true</IsRequired><Value i:type="a:double" xmlns:a="http://www.w3.org/2001/XMLSchema">7.0430149980170957E-05</Value></Attribute></Attributes><ChildElements/><ElementName>inertia</ElementName><required>false</required><IxxAttribute z:Ref="i412"/><IxyAttribute z:Ref="i413"/><IxzAttribute z:Ref="i414"/><IyyAttribute z:Ref="i415"/><IyzAttribute z:Ref="i416"/><IzzAttribute z:Ref="i417"/></URDFElement></ChildElements><ElementName>inertial</ElementName><required>false</required><Inertia z:Ref="i411"/><Mass z:Ref="i409"/><Origin z:Ref="i406"/></URDFElement><URDFElement z:Id="i418" i:type="Visual"><Attributes/><ChildElements><URDFElement z:Id="i419" i:type="Origin"><Attributes><Attribute z:Id="i420"><AttributeType>xyz</AttributeType><IsRequired>true</IsRequired><Value i:type="a:ArrayOfdouble" xmlns:a="http://schemas.microsoft.com/2003/10/Serialization/Arrays"><a:double>0</a:double><a:double>0</a:double><a:double>0</a:double></Value></Attribute><Attribute z:Id="i421"><AttributeType>rpy</AttributeType><IsRequired>true</IsRequired><Value i:type="a:ArrayOfdouble" xmlns:a="http://schemas.microsoft.com/2003/10/Serialization/Arrays"><a:double>0</a:double><a:double>0</a:double><a:double>0</a:double></Value></Attribute></Attributes><ChildElements/><ElementName>origin</ElementName><required>false</required><RPYAttribute z:Ref="i421"/><XYZAttribute z:Ref="i420"/><isCustomized>false</isCustomized></URDFElement><URDFElement z:Id="i422" i:type="Geometry"><Attributes/><ChildElements><URDFElement z:Id="i423" i:type="Mesh"><Attributes><Attribute z:Id="i424"><AttributeType>filename</AttributeType><IsRequired>true</IsRequired><Value i:nil="true"/></Attribute></Attributes><ChildElements/><ElementName>mesh</ElementName><required>false</required><FilenameAttribute z:Ref="i424"/></URDFElement></ChildElements><ElementName>geometry</ElementName><required>true</required><Mesh z:Ref="i423"/></URDFElement><URDFElement z:Id="i425" i:type="Material"><Attributes><Attribute z:Id="i426"><AttributeType>name</AttributeType><IsRequired>true</IsRequired><Value i:type="a:string" xmlns:a="http://www.w3.org/2001/XMLSchema"/></Attribute></Attributes><ChildElements><URDFElement z:Id="i427" i:type="Color"><Attributes><Attribute z:Id="i428"><AttributeType>rgba</AttributeType><IsRequired>true</IsRequired><Value i:type="a:ArrayOfdouble" xmlns:a="http://schemas.microsoft.com/2003/10/Serialization/Arrays"><a:double>0.75686274509803919</a:double><a:double>0.76862745098039209</a:double><a:double>0.75294117647058822</a:double><a:double>1</a:double></Value></Attribute></Attributes><ChildElements/><ElementName>color</ElementName><required>false</required><RGBAAttribute z:Ref="i428"/></URDFElement><URDFElement z:Id="i429" i:type="Texture"><Attributes><Attribute z:Id="i430"><AttributeType>filename</AttributeType><IsRequired>true</IsRequired><Value i:nil="true"/></Attribute></Attributes><ChildElements/><ElementName>texture</ElementName><required>false</required><FilenameAttribute z:Ref="i430"/><wFilename/></URDFElement></ChildElements><ElementName>material</ElementName><required>false</required><Color z:Ref="i427"/><NameAttribute z:Ref="i426"/><Texture z:Ref="i429"/></URDFElement></ChildElements><ElementName>visual</ElementName><required>false</required><Geometry z:Ref="i422"/><Material z:Ref="i425"/><Origin z:Ref="i419"/></URDFElement><URDFElement z:Id="i431" i:type="Collision"><Attributes/><ChildElements><URDFElement z:Id="i432" i:type="Origin"><Attributes><Attribute z:Id="i433"><AttributeType>xyz</AttributeType><IsRequired>true</IsRequired><Value i:type="a:ArrayOfdouble" xmlns:a="http://schemas.microsoft.com/2003/10/Serialization/Arrays"><a:double>0</a:double><a:double>0</a:double><a:double>0</a:double></Value></Attribute><Attribute z:Id="i434"><AttributeType>rpy</AttributeType><IsRequired>true</IsRequired><Value i:type="a:ArrayOfdouble" xmlns:a="http://schemas.microsoft.com/2003/10/Serialization/Arrays"><a:double>0</a:double><a:double>0</a:double><a:double>0</a:double></Value></Attribute></Attributes><ChildElements/><ElementName>origin</ElementName><required>false</required><RPYAttribute z:Ref="i434"/><XYZAttribute z:Ref="i433"/><isCustomized>false</isCustomized></URDFElement><URDFElement z:Id="i435" i:type="Geometry"><Attributes/><ChildElements><URDFElement z:Id="i436" i:type="Mesh"><Attributes><Attribute z:Id="i437"><AttributeType>filename</AttributeType><IsRequired>true</IsRequired><Value i:nil="true"/></Attribute></Attributes><ChildElements/><ElementName>mesh</ElementName><required>false</required><FilenameAttribute z:Ref="i437"/></URDFElement></ChildElements><ElementName>geometry</ElementName><required>true</required><Mesh z:Ref="i436"/></URDFElement></ChildElements><ElementName>collision</ElementName><required>false</required><Geometry z:Ref="i435"/><Origin z:Ref="i432"/></URDFElement><URDFElement z:Id="i438" i:type="Joint"><Attributes><Attribute z:Id="i439"><AttributeType>name</AttributeType><IsRequired>true</IsRequired><Value i:type="a:string" xmlns:a="http://www.w3.org/2001/XMLSchema">rf_wheel_joint</Value></Attribute><Attribute z:Id="i440"><AttributeType>type</AttributeType><IsRequired>true</IsRequired><Value i:type="a:string" xmlns:a="http://www.w3.org/2001/XMLSchema">continuous</Value></Attribute></Attributes><ChildElements><URDFElement z:Id="i441" i:type="Origin"><Attributes><Attribute z:Id="i442"><AttributeType>xyz</AttributeType><IsRequired>true</IsRequired><Value i:type="a:ArrayOfdouble" xmlns:a="http://schemas.microsoft.com/2003/10/Serialization/Arrays"><a:double>-0.024001</a:double><a:double>0</a:double><a:double>-0.055747</a:double></Value></Attribute><Attribute z:Id="i443"><AttributeType>rpy</AttributeType><IsRequired>true</IsRequired><Value i:type="a:ArrayOfdouble" xmlns:a="http://schemas.microsoft.com/2003/10/Serialization/Arrays"><a:double>0</a:double><a:double>0</a:double><a:double>0</a:double></Value></Attribute></Attributes><ChildElements/><ElementName>origin</ElementName><required>false</required><RPYAttribute z:Ref="i443"/><XYZAttribute z:Ref="i442"/><isCustomized>false</isCustomized></URDFElement><URDFElement z:Id="i444" i:type="ParentLink"><Attributes><Attribute z:Id="i445"><AttributeType>link</AttributeType><IsRequired>true</IsRequired><Value i:type="a:string" xmlns:a="http://www.w3.org/2001/XMLSchema">rf_Link</Value></Attribute></Attributes><ChildElements/><ElementName>parent</ElementName><required>true</required><NameAttribute z:Ref="i445"/></URDFElement><URDFElement z:Id="i446" i:type="ChildLink"><Attributes><Attribute z:Id="i447"><AttributeType>link</AttributeType><IsRequired>true</IsRequired><Value i:type="a:string" xmlns:a="http://www.w3.org/2001/XMLSchema">rf_wheel_Link</Value></Attribute></Attributes><ChildElements/><ElementName>child</ElementName><required>true</required><NameAttribute z:Ref="i447"/></URDFElement><URDFElement z:Id="i448" i:type="Axis"><Attributes><Attribute z:Id="i449"><AttributeType>xyz</AttributeType><IsRequired>true</IsRequired><Value i:type="a:ArrayOfdouble" xmlns:a="http://schemas.microsoft.com/2003/10/Serialization/Arrays"><a:double>0</a:double><a:double>-1</a:double><a:double>0</a:double></Value></Attribute></Attributes><ChildElements/><ElementName>axis</ElementName><required>false</required><XYZAttribute z:Ref="i449"/></URDFElement><URDFElement z:Id="i450" i:type="Limit"><Attributes><Attribute z:Id="i451"><AttributeType>lower</AttributeType><IsRequired>false</IsRequired><Value i:nil="true"/></Attribute><Attribute z:Id="i452"><AttributeType>upper</AttributeType><IsRequired>false</IsRequired><Value i:nil="true"/></Attribute><Attribute z:Id="i453"><AttributeType>effort</AttributeType><IsRequired>true</IsRequired><Value i:nil="true"/></Attribute><Attribute z:Id="i454"><AttributeType>velocity</AttributeType><IsRequired>true</IsRequired><Value i:nil="true"/></Attribute></Attributes><ChildElements/><ElementName>limit</ElementName><required>false</required><EffortAttribute z:Ref="i453"/><LowerAttribute z:Ref="i451"/><UpperAttribute z:Ref="i452"/><VelocityAttribute z:Ref="i454"/></URDFElement><URDFElement z:Id="i455" i:type="Calibration"><Attributes><Attribute z:Id="i456"><AttributeType>rising</AttributeType><IsRequired>false</IsRequired><Value i:nil="true"/></Attribute><Attribute z:Id="i457"><AttributeType>falling</AttributeType><IsRequired>false</IsRequired><Value i:nil="true"/></Attribute></Attributes><ChildElements/><ElementName>calibration</ElementName><required>false</required><FallingAttribute z:Ref="i457"/><RisingAttribute z:Ref="i456"/></URDFElement><URDFElement z:Id="i458" i:type="Dynamics"><Attributes><Attribute z:Id="i459"><AttributeType>damping</AttributeType><IsRequired>false</IsRequired><Value i:nil="true"/></Attribute><Attribute z:Id="i460"><AttributeType>friction</AttributeType><IsRequired>false</IsRequired><Value i:nil="true"/></Attribute></Attributes><ChildElements/><ElementName>dynamics</ElementName><required>false</required><DampingAttribute z:Ref="i459"/><FrictionAttribute z:Ref="i460"/></URDFElement><URDFElement z:Id="i461" i:type="SafetyController"><Attributes><Attribute z:Id="i462"><AttributeType>soft_upper_limit</AttributeType><IsRequired>false</IsRequired><Value i:nil="true"/></Attribute><Attribute z:Id="i463"><AttributeType>soft_lower_limit</AttributeType><IsRequired>false</IsRequired><Value i:nil="true"/></Attribute><Attribute z:Id="i464"><AttributeType>k_position</AttributeType><IsRequired>false</IsRequired><Value i:nil="true"/></Attribute><Attribute z:Id="i465"><AttributeType>k_velocity</AttributeType><IsRequired>true</IsRequired><Value i:nil="true"/></Attribute></Attributes><ChildElements/><ElementName>safety_controller</ElementName><required>false</required><KPositionAttribute z:Ref="i464"/><KVelocityAttribute z:Ref="i465"/><SoftLowerAttribute z:Ref="i463"/><SoftUpperAttribute z:Ref="i462"/></URDFElement><URDFElement z:Id="i466" i:type="Mimic"><Attributes><Attribute z:Id="i467"><AttributeType>joint</AttributeType><IsRequired>true</IsRequired><Value i:nil="true"/></Attribute><Attribute z:Id="i468"><AttributeType>multiplier</AttributeType><IsRequired>false</IsRequired><Value i:nil="true"/></Attribute><Attribute z:Id="i469"><AttributeType>offset</AttributeType><IsRequired>false</IsRequired><Value i:nil="true"/></Attribute></Attributes><ChildElements/><ElementName>mimic</ElementName><required>false</required><JointNameAttribute z:Ref="i467"/><MultiplierAttribute z:Ref="i468"/><OffsetAttribute z:Ref="i469"/></URDFElement></ChildElements><ElementName>joint</ElementName><required>false</required><Axis z:Ref="i448"/><AxisName>?????????????????????4</AxisName><Calibration z:Ref="i455"/><Child z:Ref="i446"/><CoordinateSystemName>?????????????????????4</CoordinateSystemName><Dynamics z:Ref="i458"/><Limit z:Ref="i450"/><Mimic z:Ref="i466"/><NameAttribute z:Ref="i439"/><Origin z:Ref="i441"/><Parent z:Ref="i444"/><Safety z:Ref="i461"/><TypeAttribute z:Ref="i440"/></URDFElement></ChildElements><ElementName>link</ElementName><required>true</required><Children/><Collision z:Ref="i431"/><Inertial z:Ref="i405"/><Joint z:Ref="i438"/><NameAttribute z:Ref="i404"/><Parent z:Ref="i336"/><STLQualityFine>false</STLQualityFine><SWComponentPIDs xmlns:a="http://schemas.microsoft.com/2003/10/Serialization/Arrays"><a:base64Binary>UEYAAAUAAAD//v8zRQAtAEMATABIAEoANwA1AC0ATgAtADEAQACVXth2O2DFiF8ATQBpAGQAMwA2ADAASHIvAEUALQBDAEwASABKADcANQAtAE4AXwB3AC0AMQBAAEUALQBDAEwASABKADcANQAtAE4ABAAAABAAAAABAAAAAgAAACkIAAAVAAAA</a:base64Binary></SWComponentPIDs><SWMainComponentPID i:nil="true"/><Visual z:Ref="i418"/><isFixedFrame>false</isFixedFrame><isIncomplete>false</isIncomplete></Link></Children><Collision z:Ref="i364"/><Inertial z:Ref="i338"/><Joint z:Ref="i371"/><NameAttribute z:Ref="i337"/><Parent z:Ref="i1"/><STLQualityFine>false</STLQualityFine><SWComponentPIDs xmlns:a="http://schemas.microsoft.com/2003/10/Serialization/Arrays"><a:base64Binary>UEYAAAUAAAD//v8zRQAtAEMATABIAEoANwA1AC0ATgAtADEAQACVXth2O2DFiF8ATQBpAGQAMwA2ADAASHIvAEUALQBDAEwASABKADcANQAtAE4AXwBiAC0AMQBAAEUALQBDAEwASABKADcANQAtAE4ABAAAABAAAAABAAAAAgAAACkIAAAUAAAA</a:base64Binary></SWComponentPIDs><SWMainComponentPID i:nil="true"/><Visual z:Ref="i351"/><isFixedFrame>false</isFixedFrame><isIncomplete>false</isIncomplete></Link><Link z:Id="i470"><Attributes><Attribute z:Id="i471"><AttributeType>name</AttributeType><IsRequired>true</IsRequired><Value i:type="a:string" xmlns:a="http://www.w3.org/2001/XMLSchema">lidar_link</Value></Attribute></Attributes><ChildElements><URDFElement z:Id="i472" i:type="Inertial"><Attributes/><ChildElements><URDFElement z:Id="i473" i:type="Origin"><Attributes><Attribute z:Id="i474"><AttributeType>xyz</AttributeType><IsRequired>true</IsRequired><Value i:type="a:ArrayOfdouble" xmlns:a="http://schemas.microsoft.com/2003/10/Serialization/Arrays"><a:double>-0.00019957453480152348</a:double><a:double>-6.3503248466101336E-06</a:double><a:double>-0.017467393478785231</a:double></Value></Attribute><Attribute z:Id="i475"><AttributeType>rpy</AttributeType><IsRequired>true</IsRequired><Value i:type="a:ArrayOfdouble" xmlns:a="http://schemas.microsoft.com/2003/10/Serialization/Arrays"><a:double>0</a:double><a:double>0</a:double><a:double>0</a:double></Value></Attribute></Attributes><ChildElements/><ElementName>origin</ElementName><required>false</required><RPYAttribute z:Ref="i475"/><XYZAttribute z:Ref="i474"/><isCustomized>false</isCustomized></URDFElement><URDFElement z:Id="i476" i:type="Mass"><Attributes><Attribute z:Id="i477"><AttributeType>value</AttributeType><IsRequired>true</IsRequired><Value i:type="a:double" xmlns:a="http://www.w3.org/2001/XMLSchema">0.14188701649649027</Value></Attribute></Attributes><ChildElements/><ElementName>mass</ElementName><required>false</required><ValueAttribute z:Ref="i477"/></URDFElement><URDFElement z:Id="i478" i:type="Inertia"><Attributes><Attribute z:Id="i479"><AttributeType>ixx</AttributeType><IsRequired>true</IsRequired><Value i:type="a:double" xmlns:a="http://www.w3.org/2001/XMLSchema">4.179750798611573E-05</Value></Attribute><Attribute z:Id="i480"><AttributeType>ixy</AttributeType><IsRequired>true</IsRequired><Value i:type="a:double" xmlns:a="http://www.w3.org/2001/XMLSchema">-5.7071231186102012E-09</Value></Attribute><Attribute z:Id="i481"><AttributeType>ixz</AttributeType><IsRequired>true</IsRequired><Value i:type="a:double" xmlns:a="http://www.w3.org/2001/XMLSchema">3.0532248058674658E-07</Value></Attribute><Attribute z:Id="i482"><AttributeType>iyy</AttributeType><IsRequired>true</IsRequired><Value i:type="a:double" xmlns:a="http://www.w3.org/2001/XMLSchema">4.50771350177418E-05</Value></Attribute><Attribute z:Id="i483"><AttributeType>iyz</AttributeType><IsRequired>true</IsRequired><Value i:type="a:double" xmlns:a="http://www.w3.org/2001/XMLSchema">-4.4895103968141249E-10</Value></Attribute><Attribute z:Id="i484"><AttributeType>izz</AttributeType><IsRequired>true</IsRequired><Value i:type="a:double" xmlns:a="http://www.w3.org/2001/XMLSchema">6.8799423647262389E-05</Value></Attribute></Attributes><ChildElements/><ElementName>inertia</ElementName><required>false</required><IxxAttribute z:Ref="i479"/><IxyAttribute z:Ref="i480"/><IxzAttribute z:Ref="i481"/><IyyAttribute z:Ref="i482"/><IyzAttribute z:Ref="i483"/><IzzAttribute z:Ref="i484"/></URDFElement></ChildElements><ElementName>inertial</ElementName><required>false</required><Inertia z:Ref="i478"/><Mass z:Ref="i476"/><Origin z:Ref="i473"/></URDFElement><URDFElement z:Id="i485" i:type="Visual"><Attributes/><ChildElements><URDFElement z:Id="i486" i:type="Origin"><Attributes><Attribute z:Id="i487"><AttributeType>xyz</AttributeType><IsRequired>true</IsRequired><Value i:type="a:ArrayOfdouble" xmlns:a="http://schemas.microsoft.com/2003/10/Serialization/Arrays"><a:double>0</a:double><a:double>0</a:double><a:double>0</a:double></Value></Attribute><Attribute z:Id="i488"><AttributeType>rpy</AttributeType><IsRequired>true</IsRequired><Value i:type="a:ArrayOfdouble" xmlns:a="http://schemas.microsoft.com/2003/10/Serialization/Arrays"><a:double>0</a:double><a:double>0</a:double><a:double>0</a:double></Value></Attribute></Attributes><ChildElements/><ElementName>origin</ElementName><required>false</required><RPYAttribute z:Ref="i488"/><XYZAttribute z:Ref="i487"/><isCustomized>false</isCustomized></URDFElement><URDFElement z:Id="i489" i:type="Geometry"><Attributes/><ChildElements><URDFElement z:Id="i490" i:type="Mesh"><Attributes><Attribute z:Id="i491"><AttributeType>filename</AttributeType><IsRequired>true</IsRequired><Value i:nil="true"/></Attribute></Attributes><ChildElements/><ElementName>mesh</ElementName><required>false</required><FilenameAttribute z:Ref="i491"/></URDFElement></ChildElements><ElementName>geometry</ElementName><required>true</required><Mesh z:Ref="i490"/></URDFElement><URDFElement z:Id="i492" i:type="Material"><Attributes><Attribute z:Id="i493"><AttributeType>name</AttributeType><IsRequired>true</IsRequired><Value i:type="a:string" xmlns:a="http://www.w3.org/2001/XMLSchema"/></Attribute></Attributes><ChildElements><URDFElement z:Id="i494" i:type="Color"><Attributes><Attribute z:Id="i495"><AttributeType>rgba</AttributeType><IsRequired>true</IsRequired><Value i:type="a:ArrayOfdouble" xmlns:a="http://schemas.microsoft.com/2003/10/Serialization/Arrays"><a:double>0.75294117647058822</a:double><a:double>0.75294117647058822</a:double><a:double>0.75294117647058822</a:double><a:double>1</a:double></Value></Attribute></Attributes><ChildElements/><ElementName>color</ElementName><required>false</required><RGBAAttribute z:Ref="i495"/></URDFElement><URDFElement z:Id="i496" i:type="Texture"><Attributes><Attribute z:Id="i497"><AttributeType>filename</AttributeType><IsRequired>true</IsRequired><Value i:nil="true"/></Attribute></Attributes><ChildElements/><ElementName>texture</ElementName><required>false</required><FilenameAttribute z:Ref="i497"/><wFilename/></URDFElement></ChildElements><ElementName>material</ElementName><required>false</required><Color z:Ref="i494"/><NameAttribute z:Ref="i493"/><Texture z:Ref="i496"/></URDFElement></ChildElements><ElementName>visual</ElementName><required>false</required><Geometry z:Ref="i489"/><Material z:Ref="i492"/><Origin z:Ref="i486"/></URDFElement><URDFElement z:Id="i498" i:type="Collision"><Attributes/><ChildElements><URDFElement z:Id="i499" i:type="Origin"><Attributes><Attribute z:Id="i500"><AttributeType>xyz</AttributeType><IsRequired>true</IsRequired><Value i:type="a:ArrayOfdouble" xmlns:a="http://schemas.microsoft.com/2003/10/Serialization/Arrays"><a:double>0</a:double><a:double>0</a:double><a:double>0</a:double></Value></Attribute><Attribute z:Id="i501"><AttributeType>rpy</AttributeType><IsRequired>true</IsRequired><Value i:type="a:ArrayOfdouble" xmlns:a="http://schemas.microsoft.com/2003/10/Serialization/Arrays"><a:double>0</a:double><a:double>0</a:double><a:double>0</a:double></Value></Attribute></Attributes><ChildElements/><ElementName>origin</ElementName><required>false</required><RPYAttribute z:Ref="i501"/><XYZAttribute z:Ref="i500"/><isCustomized>false</isCustomized></URDFElement><URDFElement z:Id="i502" i:type="Geometry"><Attributes/><ChildElements><URDFElement z:Id="i503" i:type="Mesh"><Attributes><Attribute z:Id="i504"><AttributeType>filename</AttributeType><IsRequired>true</IsRequired><Value i:nil="true"/></Attribute></Attributes><ChildElements/><ElementName>mesh</ElementName><required>false</required><FilenameAttribute z:Ref="i504"/></URDFElement></ChildElements><ElementName>geometry</ElementName><required>true</required><Mesh z:Ref="i503"/></URDFElement></ChildElements><ElementName>collision</ElementName><required>false</required><Geometry z:Ref="i502"/><Origin z:Ref="i499"/></URDFElement><URDFElement z:Id="i505" i:type="Joint"><Attributes><Attribute z:Id="i506"><AttributeType>name</AttributeType><IsRequired>true</IsRequired><Value i:type="a:string" xmlns:a="http://www.w3.org/2001/XMLSchema">lidar_joint</Value></Attribute><Attribute z:Id="i507"><AttributeType>type</AttributeType><IsRequired>true</IsRequired><Value i:type="a:string" xmlns:a="http://www.w3.org/2001/XMLSchema">fixed</Value></Attribute></Attributes><ChildElements><URDFElement z:Id="i508" i:type="Origin"><Attributes><Attribute z:Id="i509"><AttributeType>xyz</AttributeType><IsRequired>true</IsRequired><Value i:type="a:ArrayOfdouble" xmlns:a="http://schemas.microsoft.com/2003/10/Serialization/Arrays"><a:double>0.2528</a:double><a:double>-0.049062</a:double><a:double>1.3221</a:double></Value></Attribute><Attribute z:Id="i510"><AttributeType>rpy</AttributeType><IsRequired>true</IsRequired><Value i:type="a:ArrayOfdouble" xmlns:a="http://schemas.microsoft.com/2003/10/Serialization/Arrays"><a:double>3.1416</a:double><a:double>0</a:double><a:double>0</a:double></Value></Attribute></Attributes><ChildElements/><ElementName>origin</ElementName><required>false</required><RPYAttribute z:Ref="i510"/><XYZAttribute z:Ref="i509"/><isCustomized>false</isCustomized></URDFElement><URDFElement z:Id="i511" i:type="ParentLink"><Attributes><Attribute z:Id="i512"><AttributeType>link</AttributeType><IsRequired>true</IsRequired><Value i:type="a:string" xmlns:a="http://www.w3.org/2001/XMLSchema">base_link</Value></Attribute></Attributes><ChildElements/><ElementName>parent</ElementName><required>true</required><NameAttribute z:Ref="i512"/></URDFElement><URDFElement z:Id="i513" i:type="ChildLink"><Attributes><Attribute z:Id="i514"><AttributeType>link</AttributeType><IsRequired>true</IsRequired><Value i:type="a:string" xmlns:a="http://www.w3.org/2001/XMLSchema">lidar_link</Value></Attribute></Attributes><ChildElements/><ElementName>child</ElementName><required>true</required><NameAttribute z:Ref="i514"/></URDFElement><URDFElement z:Id="i515" i:type="Axis"><Attributes><Attribute z:Id="i516"><AttributeType>xyz</AttributeType><IsRequired>true</IsRequired><Value i:type="a:ArrayOfdouble" xmlns:a="http://schemas.microsoft.com/2003/10/Serialization/Arrays"><a:double>0</a:double><a:double>0</a:double><a:double>0</a:double></Value></Attribute></Attributes><ChildElements/><ElementName>axis</ElementName><required>false</required><XYZAttribute z:Ref="i516"/></URDFElement><URDFElement z:Id="i517" i:type="Limit"><Attributes><Attribute z:Id="i518"><AttributeType>lower</AttributeType><IsRequired>false</IsRequired><Value i:nil="true"/></Attribute><Attribute z:Id="i519"><AttributeType>upper</AttributeType><IsRequired>false</IsRequired><Value i:nil="true"/></Attribute><Attribute z:Id="i520"><AttributeType>effort</AttributeType><IsRequired>true</IsRequired><Value i:nil="true"/></Attribute><Attribute z:Id="i521"><AttributeType>velocity</AttributeType><IsRequired>true</IsRequired><Value i:nil="true"/></Attribute></Attributes><ChildElements/><ElementName>limit</ElementName><required>false</required><EffortAttribute z:Ref="i520"/><LowerAttribute z:Ref="i518"/><UpperAttribute z:Ref="i519"/><VelocityAttribute z:Ref="i521"/></URDFElement><URDFElement z:Id="i522" i:type="Calibration"><Attributes><Attribute z:Id="i523"><AttributeType>rising</AttributeType><IsRequired>false</IsRequired><Value i:nil="true"/></Attribute><Attribute z:Id="i524"><AttributeType>falling</AttributeType><IsRequired>false</IsRequired><Value i:nil="true"/></Attribute></Attributes><ChildElements/><ElementName>calibration</ElementName><required>false</required><FallingAttribute z:Ref="i524"/><RisingAttribute z:Ref="i523"/></URDFElement><URDFElement z:Id="i525" i:type="Dynamics"><Attributes><Attribute z:Id="i526"><AttributeType>damping</AttributeType><IsRequired>false</IsRequired><Value i:nil="true"/></Attribute><Attribute z:Id="i527"><AttributeType>friction</AttributeType><IsRequired>false</IsRequired><Value i:nil="true"/></Attribute></Attributes><ChildElements/><ElementName>dynamics</ElementName><required>false</required><DampingAttribute z:Ref="i526"/><FrictionAttribute z:Ref="i527"/></URDFElement><URDFElement z:Id="i528" i:type="SafetyController"><Attributes><Attribute z:Id="i529"><AttributeType>soft_upper_limit</AttributeType><IsRequired>false</IsRequired><Value i:nil="true"/></Attribute><Attribute z:Id="i530"><AttributeType>soft_lower_limit</AttributeType><IsRequired>false</IsRequired><Value i:nil="true"/></Attribute><Attribute z:Id="i531"><AttributeType>k_position</AttributeType><IsRequired>false</IsRequired><Value i:nil="true"/></Attribute><Attribute z:Id="i532"><AttributeType>k_velocity</AttributeType><IsRequired>true</IsRequired><Value i:nil="true"/></Attribute></Attributes><ChildElements/><ElementName>safety_controller</ElementName><required>false</required><KPositionAttribute z:Ref="i531"/><KVelocityAttribute z:Ref="i532"/><SoftLowerAttribute z:Ref="i530"/><SoftUpperAttribute z:Ref="i529"/></URDFElement><URDFElement z:Id="i533" i:type="Mimic"><Attributes><Attribute z:Id="i534"><AttributeType>joint</AttributeType><IsRequired>true</IsRequired><Value i:nil="true"/></Attribute><Attribute z:Id="i535"><AttributeType>multiplier</AttributeType><IsRequired>false</IsRequired><Value i:nil="true"/></Attribute><Attribute z:Id="i536"><AttributeType>offset</AttributeType><IsRequired>false</IsRequired><Value i:nil="true"/></Attribute></Attributes><ChildElements/><ElementName>mimic</ElementName><required>false</required><JointNameAttribute z:Ref="i534"/><MultiplierAttribute z:Ref="i535"/><OffsetAttribute z:Ref="i536"/></URDFElement></ChildElements><ElementName>joint</ElementName><required>false</required><Axis z:Ref="i515"/><AxisName>?????????????????????</AxisName><Calibration z:Ref="i522"/><Child z:Ref="i513"/><CoordinateSystemName>?????????????????????</CoordinateSystemName><Dynamics z:Ref="i525"/><Limit z:Ref="i517"/><Mimic z:Ref="i533"/><NameAttribute z:Ref="i506"/><Origin z:Ref="i508"/><Parent z:Ref="i511"/><Safety z:Ref="i528"/><TypeAttribute z:Ref="i507"/></URDFElement></ChildElements><ElementName>link</ElementName><required>true</required><Children/><Collision z:Ref="i498"/><Inertial z:Ref="i472"/><Joint z:Ref="i505"/><NameAttribute z:Ref="i471"/><Parent z:Ref="i1"/><STLQualityFine>false</STLQualityFine><SWComponentPIDs xmlns:a="http://schemas.microsoft.com/2003/10/Serialization/Arrays"><a:base64Binary>UEYAAAUAAAD//v8abQBpAGQALQAzADYAMAAtAGEAcwBtAC0AMQBAAJVe2HY7YMWIXwBNAGkAZAAzADYAMABIcgQAAAAQAAAAAQAAAAEAAACLCAAA</a:base64Binary></SWComponentPIDs><SWMainComponentPID i:nil="true"/><Visual z:Ref="i485"/><isFixedFrame>false</isFixedFrame><isIncomplete>false</isIncomplete></Link><Link z:Id="i537"><Attributes><Attribute z:Id="i538"><AttributeType>name</AttributeType><IsRequired>true</IsRequired><Value i:type="a:string" xmlns:a="http://www.w3.org/2001/XMLSchema">gyro_link</Value></Attribute></Attributes><ChildElements><URDFElement z:Id="i539" i:type="Inertial"><Attributes/><ChildElements><URDFElement z:Id="i540" i:type="Origin"><Attributes><Attribute z:Id="i541"><AttributeType>xyz</AttributeType><IsRequired>true</IsRequired><Value i:type="a:ArrayOfdouble" xmlns:a="http://schemas.microsoft.com/2003/10/Serialization/Arrays"><a:double>-0.00046113149224957795</a:double><a:double>1.4976717060966038E-08</a:double><a:double>0.0003579314023691299</a:double></Value></Attribute><Attribute z:Id="i542"><AttributeType>rpy</AttributeType><IsRequired>true</IsRequired><Value i:type="a:ArrayOfdouble" xmlns:a="http://schemas.microsoft.com/2003/10/Serialization/Arrays"><a:double>0</a:double><a:double>0</a:double><a:double>0</a:double></Value></Attribute></Attributes><ChildElements/><ElementName>origin</ElementName><required>false</required><RPYAttribute z:Ref="i542"/><XYZAttribute z:Ref="i541"/><isCustomized>false</isCustomized></URDFElement><URDFElement z:Id="i543" i:type="Mass"><Attributes><Attribute z:Id="i544"><AttributeType>value</AttributeType><IsRequired>true</IsRequired><Value i:type="a:double" xmlns:a="http://www.w3.org/2001/XMLSchema">0.054824419026266127</Value></Attribute></Attributes><ChildElements/><ElementName>mass</ElementName><required>false</required><ValueAttribute z:Ref="i544"/></URDFElement><URDFElement z:Id="i545" i:type="Inertia"><Attributes><Attribute z:Id="i546"><AttributeType>ixx</AttributeType><IsRequired>true</IsRequired><Value i:type="a:double" xmlns:a="http://www.w3.org/2001/XMLSchema">1.0090549858138952E-05</Value></Attribute><Attribute z:Id="i547"><AttributeType>ixy</AttributeType><IsRequired>true</IsRequired><Value i:type="a:double" xmlns:a="http://www.w3.org/2001/XMLSchema">7.8187514452477666E-12</Value></Attribute><Attribute z:Id="i548"><AttributeType>ixz</AttributeType><IsRequired>true</IsRequired><Value i:type="a:double" xmlns:a="http://www.w3.org/2001/XMLSchema">8.080321971631818E-09</Value></Attribute><Attribute z:Id="i549"><AttributeType>iyy</AttributeType><IsRequired>true</IsRequired><Value i:type="a:double" xmlns:a="http://www.w3.org/2001/XMLSchema">1.4742226699454707E-05</Value></Attribute><Attribute z:Id="i550"><AttributeType>iyz</AttributeType><IsRequired>true</IsRequired><Value i:type="a:double" xmlns:a="http://www.w3.org/2001/XMLSchema">1.2694146820315702E-12</Value></Attribute><Attribute z:Id="i551"><AttributeType>izz</AttributeType><IsRequired>true</IsRequired><Value i:type="a:double" xmlns:a="http://www.w3.org/2001/XMLSchema">2.1447139775001296E-05</Value></Attribute></Attributes><ChildElements/><ElementName>inertia</ElementName><required>false</required><IxxAttribute z:Ref="i546"/><IxyAttribute z:Ref="i547"/><IxzAttribute z:Ref="i548"/><IyyAttribute z:Ref="i549"/><IyzAttribute z:Ref="i550"/><IzzAttribute z:Ref="i551"/></URDFElement></ChildElements><ElementName>inertial</ElementName><required>false</required><Inertia z:Ref="i545"/><Mass z:Ref="i543"/><Origin z:Ref="i540"/></URDFElement><URDFElement z:Id="i552" i:type="Visual"><Attributes/><ChildElements><URDFElement z:Id="i553" i:type="Origin"><Attributes><Attribute z:Id="i554"><AttributeType>xyz</AttributeType><IsRequired>true</IsRequired><Value i:type="a:ArrayOfdouble" xmlns:a="http://schemas.microsoft.com/2003/10/Serialization/Arrays"><a:double>0</a:double><a:double>0</a:double><a:double>0</a:double></Value></Attribute><Attribute z:Id="i555"><AttributeType>rpy</AttributeType><IsRequired>true</IsRequired><Value i:type="a:ArrayOfdouble" xmlns:a="http://schemas.microsoft.com/2003/10/Serialization/Arrays"><a:double>0</a:double><a:double>0</a:double><a:double>0</a:double></Value></Attribute></Attributes><ChildElements/><ElementName>origin</ElementName><required>false</required><RPYAttribute z:Ref="i555"/><XYZAttribute z:Ref="i554"/><isCustomized>false</isCustomized></URDFElement><URDFElement z:Id="i556" i:type="Geometry"><Attributes/><ChildElements><URDFElement z:Id="i557" i:type="Mesh"><Attributes><Attribute z:Id="i558"><AttributeType>filename</AttributeType><IsRequired>true</IsRequired><Value i:nil="true"/></Attribute></Attributes><ChildElements/><ElementName>mesh</ElementName><required>false</required><FilenameAttribute z:Ref="i558"/></URDFElement></ChildElements><ElementName>geometry</ElementName><required>true</required><Mesh z:Ref="i557"/></URDFElement><URDFElement z:Id="i559" i:type="Material"><Attributes><Attribute z:Id="i560"><AttributeType>name</AttributeType><IsRequired>true</IsRequired><Value i:type="a:string" xmlns:a="http://www.w3.org/2001/XMLSchema"/></Attribute></Attributes><ChildElements><URDFElement z:Id="i561" i:type="Color"><Attributes><Attribute z:Id="i562"><AttributeType>rgba</AttributeType><IsRequired>true</IsRequired><Value i:type="a:ArrayOfdouble" xmlns:a="http://schemas.microsoft.com/2003/10/Serialization/Arrays"><a:double>0.792156862745098</a:double><a:double>0.81960784313725488</a:double><a:double>0.93333333333333335</a:double><a:double>1</a:double></Value></Attribute></Attributes><ChildElements/><ElementName>color</ElementName><required>false</required><RGBAAttribute z:Ref="i562"/></URDFElement><URDFElement z:Id="i563" i:type="Texture"><Attributes><Attribute z:Id="i564"><AttributeType>filename</AttributeType><IsRequired>true</IsRequired><Value i:nil="true"/></Attribute></Attributes><ChildElements/><ElementName>texture</ElementName><required>false</required><FilenameAttribute z:Ref="i564"/><wFilename/></URDFElement></ChildElements><ElementName>material</ElementName><required>false</required><Color z:Ref="i561"/><NameAttribute z:Ref="i560"/><Texture z:Ref="i563"/></URDFElement></ChildElements><ElementName>visual</ElementName><required>false</required><Geometry z:Ref="i556"/><Material z:Ref="i559"/><Origin z:Ref="i553"/></URDFElement><URDFElement z:Id="i565" i:type="Collision"><Attributes/><ChildElements><URDFElement z:Id="i566" i:type="Origin"><Attributes><Attribute z:Id="i567"><AttributeType>xyz</AttributeType><IsRequired>true</IsRequired><Value i:type="a:ArrayOfdouble" xmlns:a="http://schemas.microsoft.com/2003/10/Serialization/Arrays"><a:double>0</a:double><a:double>0</a:double><a:double>0</a:double></Value></Attribute><Attribute z:Id="i568"><AttributeType>rpy</AttributeType><IsRequired>true</IsRequired><Value i:type="a:ArrayOfdouble" xmlns:a="http://schemas.microsoft.com/2003/10/Serialization/Arrays"><a:double>0</a:double><a:double>0</a:double><a:double>0</a:double></Value></Attribute></Attributes><ChildElements/><ElementName>origin</ElementName><required>false</required><RPYAttribute z:Ref="i568"/><XYZAttribute z:Ref="i567"/><isCustomized>false</isCustomized></URDFElement><URDFElement z:Id="i569" i:type="Geometry"><Attributes/><ChildElements><URDFElement z:Id="i570" i:type="Mesh"><Attributes><Attribute z:Id="i571"><AttributeType>filename</AttributeType><IsRequired>true</IsRequired><Value i:nil="true"/></Attribute></Attributes><ChildElements/><ElementName>mesh</ElementName><required>false</required><FilenameAttribute z:Ref="i571"/></URDFElement></ChildElements><ElementName>geometry</ElementName><required>true</required><Mesh z:Ref="i570"/></URDFElement></ChildElements><ElementName>collision</ElementName><required>false</required><Geometry z:Ref="i569"/><Origin z:Ref="i566"/></URDFElement><URDFElement z:Id="i572" i:type="Joint"><Attributes><Attribute z:Id="i573"><AttributeType>name</AttributeType><IsRequired>true</IsRequired><Value i:type="a:string" xmlns:a="http://www.w3.org/2001/XMLSchema">gyro_joint</Value></Attribute><Attribute z:Id="i574"><AttributeType>type</AttributeType><IsRequired>true</IsRequired><Value i:type="a:string" xmlns:a="http://www.w3.org/2001/XMLSchema">fixed</Value></Attribute></Attributes><ChildElements><URDFElement z:Id="i575" i:type="Origin"><Attributes><Attribute z:Id="i576"><AttributeType>xyz</AttributeType><IsRequired>true</IsRequired><Value i:type="a:ArrayOfdouble" xmlns:a="http://schemas.microsoft.com/2003/10/Serialization/Arrays"><a:double>0.3895</a:double><a:double>0</a:double><a:double>0.1035</a:double></Value></Attribute><Attribute z:Id="i577"><AttributeType>rpy</AttributeType><IsRequired>true</IsRequired><Value i:type="a:ArrayOfdouble" xmlns:a="http://schemas.microsoft.com/2003/10/Serialization/Arrays"><a:double>-3.1416</a:double><a:double>0</a:double><a:double>0</a:double></Value></Attribute></Attributes><ChildElements/><ElementName>origin</ElementName><required>false</required><RPYAttribute z:Ref="i577"/><XYZAttribute z:Ref="i576"/><isCustomized>false</isCustomized></URDFElement><URDFElement z:Id="i578" i:type="ParentLink"><Attributes><Attribute z:Id="i579"><AttributeType>link</AttributeType><IsRequired>true</IsRequired><Value i:type="a:string" xmlns:a="http://www.w3.org/2001/XMLSchema">base_link</Value></Attribute></Attributes><ChildElements/><ElementName>parent</ElementName><required>true</required><NameAttribute z:Ref="i579"/></URDFElement><URDFElement z:Id="i580" i:type="ChildLink"><Attributes><Attribute z:Id="i581"><AttributeType>link</AttributeType><IsRequired>true</IsRequired><Value i:type="a:string" xmlns:a="http://www.w3.org/2001/XMLSchema">gyro_link</Value></Attribute></Attributes><ChildElements/><ElementName>child</ElementName><required>true</required><NameAttribute z:Ref="i581"/></URDFElement><URDFElement z:Id="i582" i:type="Axis"><Attributes><Attribute z:Id="i583"><AttributeType>xyz</AttributeType><IsRequired>true</IsRequired><Value i:type="a:ArrayOfdouble" xmlns:a="http://schemas.microsoft.com/2003/10/Serialization/Arrays"><a:double>0</a:double><a:double>0</a:double><a:double>0</a:double></Value></Attribute></Attributes><ChildElements/><ElementName>axis</ElementName><required>false</required><XYZAttribute z:Ref="i583"/></URDFElement><URDFElement z:Id="i584" i:type="Limit"><Attributes><Attribute z:Id="i585"><AttributeType>lower</AttributeType><IsRequired>false</IsRequired><Value i:nil="true"/></Attribute><Attribute z:Id="i586"><AttributeType>upper</AttributeType><IsRequired>false</IsRequired><Value i:nil="true"/></Attribute><Attribute z:Id="i587"><AttributeType>effort</AttributeType><IsRequired>true</IsRequired><Value i:nil="true"/></Attribute><Attribute z:Id="i588"><AttributeType>velocity</AttributeType><IsRequired>true</IsRequired><Value i:nil="true"/></Attribute></Attributes><ChildElements/><ElementName>limit</ElementName><required>false</required><EffortAttribute z:Ref="i587"/><LowerAttribute z:Ref="i585"/><UpperAttribute z:Ref="i586"/><VelocityAttribute z:Ref="i588"/></URDFElement><URDFElement z:Id="i589" i:type="Calibration"><Attributes><Attribute z:Id="i590"><AttributeType>rising</AttributeType><IsRequired>false</IsRequired><Value i:nil="true"/></Attribute><Attribute z:Id="i591"><AttributeType>falling</AttributeType><IsRequired>false</IsRequired><Value i:nil="true"/></Attribute></Attributes><ChildElements/><ElementName>calibration</ElementName><required>false</required><FallingAttribute z:Ref="i591"/><RisingAttribute z:Ref="i590"/></URDFElement><URDFElement z:Id="i592" i:type="Dynamics"><Attributes><Attribute z:Id="i593"><AttributeType>damping</AttributeType><IsRequired>false</IsRequired><Value i:nil="true"/></Attribute><Attribute z:Id="i594"><AttributeType>friction</AttributeType><IsRequired>false</IsRequired><Value i:nil="true"/></Attribute></Attributes><ChildElements/><ElementName>dynamics</ElementName><required>false</required><DampingAttribute z:Ref="i593"/><FrictionAttribute z:Ref="i594"/></URDFElement><URDFElement z:Id="i595" i:type="SafetyController"><Attributes><Attribute z:Id="i596"><AttributeType>soft_upper_limit</AttributeType><IsRequired>false</IsRequired><Value i:nil="true"/></Attribute><Attribute z:Id="i597"><AttributeType>soft_lower_limit</AttributeType><IsRequired>false</IsRequired><Value i:nil="true"/></Attribute><Attribute z:Id="i598"><AttributeType>k_position</AttributeType><IsRequired>false</IsRequired><Value i:nil="true"/></Attribute><Attribute z:Id="i599"><AttributeType>k_velocity</AttributeType><IsRequired>true</IsRequired><Value i:nil="true"/></Attribute></Attributes><ChildElements/><ElementName>safety_controller</ElementName><required>false</required><KPositionAttribute z:Ref="i598"/><KVelocityAttribute z:Ref="i599"/><SoftLowerAttribute z:Ref="i597"/><SoftUpperAttribute z:Ref="i596"/></URDFElement><URDFElement z:Id="i600" i:type="Mimic"><Attributes><Attribute z:Id="i601"><AttributeType>joint</AttributeType><IsRequired>true</IsRequired><Value i:nil="true"/></Attribute><Attribute z:Id="i602"><AttributeType>multiplier</AttributeType><IsRequired>false</IsRequired><Value i:nil="true"/></Attribute><Attribute z:Id="i603"><AttributeType>offset</AttributeType><IsRequired>false</IsRequired><Value i:nil="true"/></Attribute></Attributes><ChildElements/><ElementName>mimic</ElementName><required>false</required><JointNameAttribute z:Ref="i601"/><MultiplierAttribute z:Ref="i602"/><OffsetAttribute z:Ref="i603"/></URDFElement></ChildElements><ElementName>joint</ElementName><required>false</required><Axis z:Ref="i582"/><AxisName/><Calibration z:Ref="i589"/><Child z:Ref="i580"/><CoordinateSystemName>imu?????????1</CoordinateSystemName><Dynamics z:Ref="i592"/><Limit z:Ref="i584"/><Mimic z:Ref="i600"/><NameAttribute z:Ref="i573"/><Origin z:Ref="i575"/><Parent z:Ref="i578"/><Safety z:Ref="i595"/><TypeAttribute z:Ref="i574"/></URDFElement></ChildElements><ElementName>link</ElementName><required>true</required><Children/><Collision z:Ref="i565"/><Inertial z:Ref="i539"/><Joint z:Ref="i572"/><NameAttribute z:Ref="i538"/><Parent z:Ref="i1"/><STLQualityFine>false</STLQualityFine><SWComponentPIDs xmlns:a="http://schemas.microsoft.com/2003/10/Serialization/Arrays"><a:base64Binary>UEYAAAUAAAD//v8v72D8WyFqV1dfADKWNGxIck4AMQAwADAAVwBQACgATgAyADAAMABXAFAAXwBOADMAMAAwAFcAUAApAKJbN2L+Vi0AMQBAAJVe2HY7YMWIXwBNAGkAZAAzADYAMABIcgQAAAAQAAAAAQAAAAEAAADUAwAA</a:base64Binary></SWComponentPIDs><SWMainComponentPID i:nil="true"/><Visual z:Ref="i552"/><isFixedFrame>false</isFixedFrame><isIncomplete>false</isIncomplete></Link></Children><Collision z:Ref="i29"/><Inertial z:Ref="i3"/><Joint z:Ref="i36"/><NameAttribute z:Ref="i2"/><Parent i:nil="true"/><STLQualityFine>false</STLQualityFine><SWComponentPIDs xmlns:a="http://schemas.microsoft.com/2003/10/Serialization/Arrays"><a:base64Binary>UEYAAAUAAAD//v8ToFI6X0t7LQAxADUAQACVXth2O2DFiF8ATQBpAGQAMwA2ADAASHIEAAAAEAAAAAEAAAABAAAA9AEAAA==</a:base64Binary><a:base64Binary>UEYAAAUAAAD//v8ToFI6X0t7LQAxADEAQACVXth2O2DFiF8ATQBpAGQAMwA2ADAASHIEAAAAEAAAAAEAAAABAAAAcwEAAA==</a:base64Binary><a:base64Binary>UEYAAAUAAAD//v8YjE5CXN6PpWP2Tgj/5l3zUwn/LQAxAEAAlV7YdjtgxYhfAE0AaQBkADMANgAwAEhyBAAAABAAAAABAAAAAQAAAIoBAAA=</a:base64Binary><a:base64Binary>UEYAAAUAAAD//v8ToFI6X0t7LQAxADcAQACVXth2O2DFiF8ATQBpAGQAMwA2ADAASHIEAAAAEAAAAAEAAAABAAAAHgIAAA==</a:base64Binary><a:base64Binary>UEYAAAUAAAD//v8ToFI6X0t7LQAxADMAQACVXth2O2DFiF8ATQBpAGQAMwA2ADAASHIEAAAAEAAAAAEAAAABAAAAwgEAAA==</a:base64Binary><a:base64Binary>UEYAAAUAAAD//v8Up09ily9lkWR/Zy0AMQBAAJVe2HY7YMWIXwBNAGkAZAAzADYAMABIcgQAAAAQAAAAAQAAAAEAAADkAAAA</a:base64Binary><a:base64Binary>UEYAAAUAAAD//v8XlV7YdqBSOl9Lewj/KmoJ/y0AMQBAAJVe2HY7YMWIXwBNAGkAZAAzADYAMABIcgQAAAAQAAAAAQAAAAEAAACyAQAA</a:base64Binary><a:base64Binary>UEYAAAUAAAD//v8ToFI6X0t7LQAxADYAQACVXth2O2DFiF8ATQBpAGQAMwA2ADAASHIEAAAAEAAAAAEAAAABAAAABwIAAA==</a:base64Binary><a:base64Binary>UEYAAAUAAAD//v8YjE5CXN6PpWP2Tgj/5l3zUwn/LQAyAEAAlV7YdjtgxYhfAE0AaQBkADMANgAwAEhyBAAAABAAAAABAAAAAQAAAIsBAAA=</a:base64Binary><a:base64Binary>UEYAAAUAAAD//v8ToFI6X0t7LQAxADQAQACVXth2O2DFiF8ATQBpAGQAMwA2ADAASHIEAAAAEAAAAAEAAAABAAAA2QEAAA==</a:base64Binary><a:base64Binary>UEYAAAUAAAD//v8SNXVgbNJ2LQAxAEAAlV7YdjtgxYhfAE0AaQBkADMANgAwAEhyBAAAABAAAAABAAAAAQAAALwBAAA=</a:base64Binary><a:base64Binary>UEYAAAUAAAD//v8XlV7YdqBSOl9Lewj/tX4J/y0AMQBAAJVe2HY7YMWIXwBNAGkAZAAzADYAMABIcgQAAAAQAAAAAQAAAAEAAAC2AQAA</a:base64Binary><a:base64Binary>UEYAAAUAAAD//v8TjE5CXH2Pf2ctADEAQACVXth2O2DFiF8ATQBpAGQAMwA2ADAASHIEAAAAEAAAAAEAAAABAAAArAEAAA==</a:base64Binary><a:base64Binary>UEYAAAUAAAD//v8kMgA0AFYANgAwAEEAaAAClTV1YGwzADAAMAAtADIAMAAwAC0AMQAwADAALQAxAEAAlV7YdjtgxYhfAE0AaQBkADMANgAwAEhyBAAAABAAAAABAAAAAQAAALABAAA=</a:base64Binary><a:base64Binary>UEYAAAUAAAD//v8XjE5CXN6PpWP2Tgj/TVIJ/y0AMQBAAJVe2HY7YMWIXwBNAGkAZAAzADYAMABIcgQAAAAQAAAAAQAAAAEAAACoAQAA</a:base64Binary><a:base64Binary>UEYAAAUAAAD//v8ToFI6X0t7LQAxADIAQACVXth2O2DFiF8ATQBpAGQAMwA2ADAASHIEAAAAEAAAAAEAAAABAAAAdQEAAA==</a:base64Binary><a:base64Binary>UEYAAAUAAAD//v8ToFI6X0t7LQAxADAAQACVXth2O2DFiF8ATQBpAGQAMwA2ADAASHIEAAAAEAAAAAEAAAABAAAAXgEAAA==</a:base64Binary><a:base64Binary>UEYAAAUAAAD//v8SoFI6X0t7LQA5AEAAlV7YdjtgxYhfAE0AaQBkADMANgAwAEhyBAAAABAAAAABAAAAAQAAAAQBAAA=</a:base64Binary><a:base64Binary>UEYAAAUAAAD//v8Up09ily9lkWR/Zy0AMgBAAJVe2HY7YMWIXwBNAGkAZAAzADYAMABIcgQAAAAQAAAAAQAAAAEAAADlAAAA</a:base64Binary><a:base64Binary>UEYAAAUAAAD//v8SoFI6X0t7LQA2AEAAlV7YdjtgxYhfAE0AaQBkADMANgAwAEhyBAAAABAAAAABAAAAAQAAAMMAAAA=</a:base64Binary><a:base64Binary>UEYAAAUAAAD//v8SoFI6X0t7LQA0AEAAlV7YdjtgxYhfAE0AaQBkADMANgAwAEhyBAAAABAAAAABAAAAAQAAAKUAAAA=</a:base64Binary><a:base64Binary>UEYAAAUAAAD//v8SoFI6X0t7LQAzAEAAlV7YdjtgxYhfAE0AaQBkADMANgAwAEhyBAAAABAAAAABAAAAAQAAAIQAAAA=</a:base64Binary><a:base64Binary>UEYAAAUAAAD//v8SoFI6X0t7LQAxAEAAlV7YdjtgxYhfAE0AaQBkADMANgAwAEhyBAAAABAAAAABAAAAAQAAAF4AAAA=</a:base64Binary><a:base64Binary>UEYAAAUAAAD//v8UNXU6Z/pWmlt/Zy0AMgBAAJVe2HY7YMWIXwBNAGkAZAAzADYAMABIcgQAAAAQAAAAAQAAAAEAAAAqAAAA</a:base64Binary><a:base64Binary>UEYAAAUAAAD//v8UNXU6Z/pWmlt/Zy0AMQBAAJVe2HY7YMWIXwBNAGkAZAAzADYAMABIcgQAAAAQAAAAAQAAAAEAAAApAAAA</a:base64Binary><a:base64Binary>UEYAAAUAAAD//v8UTVJGZMKBKmqBaC0AMQBAAJVe2HY7YMWIXwBNAGkAZAAzADYAMABIcgQAAAAQAAAAAQAAAAEAAAAeAAAA</a:base64Binary><a:base64Binary>UEYAAAUAAAD//v8TpE7JU9puUFstADEAQACVXth2O2DFiF8ATQBpAGQAMwA2ADAASHIEAAAAEAAAAAEAAAABAAAAEgAAAA==</a:base64Binary><a:base64Binary>UEYAAAUAAAD//v8VRmTCgU1S3o+lY/ZOLQAxAEAAlV7YdjtgxYhfAE0AaQBkADMANgAwAEhyBAAAABAAAAABAAAAAQAAAB0AAAA=</a:base64Binary><a:base64Binary>UEYAAAUAAAD//v8SoFI6X0t7LQA4AEAAlV7YdjtgxYhfAE0AaQBkADMANgAwAEhyBAAAABAAAAABAAAAAQAAAMUAAAA=</a:base64Binary><a:base64Binary>UEYAAAUAAAD//v8RlV7Ydi0AMQBAAJVe2HY7YMWIXwBNAGkAZAAzADYAMABIcgQAAAAQAAAAAQAAAAEAAAARAAAA</a:base64Binary><a:base64Binary>UEYAAAUAAAD//v8SoFI6X0t7LQAyAEAAlV7YdjtgxYhfAE0AaQBkADMANgAwAEhyBAAAABAAAAABAAAAAQAAAF8AAAA=</a:base64Binary><a:base64Binary>UEYAAAUAAAD//v8b3ZSLV1BnMwAwADMAMAAtADEAMwAwADAALQAxAEAAlV7YdjtgxYhfAE0AaQBkADMANgAwAEhyBAAAABAAAAABAAAAAQAAANQGAAA=</a:base64Binary><a:base64Binary>UEYAAAUAAAD//v8a3ZSLV1BnMwAwADMAMAAtADMAMAAwAC0AMwBAAJVe2HY7YMWIXwBNAGkAZAAzADYAMABIcgQAAAAQAAAAAQAAAAEAAADDBgAA</a:base64Binary><a:base64Binary>UEYAAAUAAAD//v8b3ZSLV1BnMwAwADMAMAAtADEAMwAwADAALQAyAEAAlV7YdjtgxYhfAE0AaQBkADMANgAwAEhyBAAAABAAAAABAAAAAQAAANUGAAA=</a:base64Binary><a:base64Binary>UEYAAAUAAAD//v8a3ZSLV1BnMwAwADMAMAAtADMAMAAwAC0AMQBAAJVe2HY7YMWIXwBNAGkAZAAzADYAMABIcgQAAAAQAAAAAQAAAAEAAACzBgAA</a:base64Binary><a:base64Binary>UEYAAAUAAAD//v8a3ZSLV1BnMwAwADMAMAAtADMAMAAwAC0AMgBAAJVe2HY7YMWIXwBNAGkAZAAzADYAMABIcgQAAAAQAAAAAQAAAAEAAAC0BgAA</a:base64Binary><a:base64Binary>UEYAAAUAAAD//v8ZjE5CXKdPYpcvZZFkf2cI/01SCf8tADIAQACVXth2O2DFiF8ATQBpAGQAMwA2ADAASHIEAAAAEAAAAAEAAAABAAAApAYAAA==</a:base64Binary><a:base64Binary>UEYAAAUAAAD//v8ZjE5CXKdPYpcvZZFkf2cI/01SCf8tADEAQACVXth2O2DFiF8ATQBpAGQAMwA2ADAASHIEAAAAEAAAAAEAAAABAAAAoAYAAA==</a:base64Binary><a:base64Binary>UEYAAAUAAAD//v8RfY9/Zy0AMQBAAJVe2HY7YMWIXwBNAGkAZAAzADYAMABIcgQAAAAQAAAAAQAAAAEAAABvBgAA</a:base64Binary><a:base64Binary>UEYAAAUAAAD//v8YT1xVXvpWmlt/Zwj/p09ilwn/LQAyAEAAlV7YdjtgxYhfAE0AaQBkADMANgAwAEhyBAAAABAAAAABAAAAAQAAAFgGAAA=</a:base64Binary><a:base64Binary>UEYAAAUAAAD//v8YT1xVXvpWmlt/Zwj/p09ilwn/LQAxAEAAlV7YdjtgxYhfAE0AaQBkADMANgAwAEhyBAAAABAAAAABAAAAAQAAAFcGAAA=</a:base64Binary><a:base64Binary>UEYAAAUAAAD//v8YT1xVXvpWmlt/Zwj/lV5ilwn/LQAxAEAAlV7YdjtgxYhfAE0AaQBkADMANgAwAEhyBAAAABAAAAABAAAAAQAAAFYGAAA=</a:base64Binary><a:base64Binary>UEYAAAUAAAD//v8SfY/Nka9zLQAxAEAAlV7YdjtgxYhfAE0AaQBkADMANgAwAEhyBAAAABAAAAABAAAAAQAAAMEDAAA=</a:base64Binary><a:base64Binary>UEYAAAUAAAD//v8WjE5CXKdPYpcvZZFkf2ctADcAQACVXth2O2DFiF8ATQBpAGQAMwA2ADAASHIEAAAAEAAAAAEAAAABAAAAoAMAAA==</a:base64Binary><a:base64Binary>UEYAAAUAAAD//v8WjE5CXKdPYpcvZZFkf2ctADQAQACVXth2O2DFiF8ATQBpAGQAMwA2ADAASHIEAAAAEAAAAAEAAAABAAAAjgMAAA==</a:base64Binary><a:base64Binary>UEYAAAUAAAD//v8VNXVgbNNOCP+nTwn/LQAxAEAAlV7YdjtgxYhfAE0AaQBkADMANgAwAEhyBAAAABAAAAABAAAAAQAAAF0CAAA=</a:base64Binary><a:base64Binary>UEYAAAUAAAD//v8VNXVgbNNOCP9NUgn/LQAxAEAAlV7YdjtgxYhfAE0AaQBkADMANgAwAEhyBAAAABAAAAABAAAAAQAAAHACAAA=</a:base64Binary><a:base64Binary>UEYAAAUAAAD//v8VNXVgbNNOCP+VXgn/LQAxAEAAlV7YdjtgxYhfAE0AaQBkADMANgAwAEhyBAAAABAAAAABAAAAAQAAAGwCAAA=</a:base64Binary><a:base64Binary>UEYAAAUAAAD//v8VNXVgbNNOCP+nTwn/LQAyAEAAlV7YdjtgxYhfAE0AaQBkADMANgAwAEhyBAAAABAAAAABAAAAAQAAAF4CAAA=</a:base64Binary><a:base64Binary>UEYAAAUAAAD//v8ToFI6X0t7LQAxADgAQACVXth2O2DFiF8ATQBpAGQAMwA2ADAASHIEAAAAEAAAAAEAAAABAAAAOQIAAA==</a:base64Binary><a:base64Binary>UEYAAAUAAAD//v8VNXVgbNNOCP8OVAn/LQAxAEAAlV7YdjtgxYhfAE0AaQBkADMANgAwAEhyBAAAABAAAAABAAAAAQAAAFwCAAA=</a:base64Binary><a:base64Binary>UEYAAAUAAAD//v8WjE5CXKdPYpcvZZFkf2ctADUAQACVXth2O2DFiF8ATQBpAGQAMwA2ADAASHIEAAAAEAAAAAEAAAABAAAAngMAAA==</a:base64Binary><a:base64Binary>UEYAAAUAAAD//v8WjE5CXKdPYpcvZZFkf2ctADEAQACVXth2O2DFiF8ATQBpAGQAMwA2ADAASHIEAAAAEAAAAAEAAAABAAAAhAMAAA==</a:base64Binary><a:base64Binary>UEYAAAUAAAD//v8WjE5CXKdPYpcvZZFkf2ctADYAQACVXth2O2DFiF8ATQBpAGQAMwA2ADAASHIEAAAAEAAAAAEAAAABAAAAnwMAAA==</a:base64Binary><a:base64Binary>UEYAAAUAAAD//v8W4GW/fkVRNXUhaldXMgAtADEAQACVXth2O2DFiF8ATQBpAGQAMwA2ADAASHIEAAAAEAAAAAEAAAABAAAA2AMAAA==</a:base64Binary><a:base64Binary>UEYAAAUAAAD//v8WjE5CXKdPYpcvZZFkf2ctADgAQACVXth2O2DFiF8ATQBpAGQAMwA2ADAASHIEAAAAEAAAAAEAAAABAAAAoQMAAA==</a:base64Binary><a:base64Binary>UEYAAAUAAAD//v8VNXVgbNNOCP9NUgn/LQAyAEAAlV7YdjtgxYhfAE0AaQBkADMANgAwAEhyBAAAABAAAAABAAAAAQAAAHQCAAA=</a:base64Binary><a:base64Binary>UEYAAAUAAAD//v8RT1xVXi0AMQBAAJVe2HY7YMWIXwBNAGkAZAAzADYAMABIcgQAAAAQAAAAAQAAAAEAAABVBgAA</a:base64Binary><a:base64Binary>UEYAAAUAAAD//v8a3ZSLV1BnMwAwADMAMAAtADMAMAAwAC0ANQBAAJVe2HY7YMWIXwBNAGkAZAAzADYAMABIcgQAAAAQAAAAAQAAAAEAAADNBwAA</a:base64Binary><a:base64Binary>UEYAAAUAAAD//v8hYWr2gM9RB5doVk0ANAAtADEAMgAgAEQAMQA1AC0ASAAxADAALQAyAEAAlV7YdjtgxYhfAE0AaQBkADMANgAwAEhyBAAAABAAAAABAAAAAQAAAJ0HAAA=</a:base64Binary><a:base64Binary>UEYAAAUAAAD//v8UAF9zUfpWmlt/Zy0AMQBAAJVe2HY7YMWIXwBNAGkAZAAzADYAMABIcgQAAAAQAAAAAQAAAAEAAACVBwAA</a:base64Binary><a:base64Binary>UEYAAAUAAAD//v8a3ZSLV1BnMwAwADMAMAAtADMAMAAwAC0ANABAAJVe2HY7YMWIXwBNAGkAZAAzADYAMABIcgQAAAAQAAAAAQAAAAEAAABcBwAA</a:base64Binary><a:base64Binary>UEYAAAUAAAD//v8a3ZSLV1BnMwAwADMAMAAtADMAMAAwAC0AOABAAJVe2HY7YMWIXwBNAGkAZAAzADYAMABIcgQAAAAQAAAAAQAAAAEAAAATCAAA</a:base64Binary><a:base64Binary>UEYAAAUAAAD//v8a3ZSLV1BnMwAwADMAMAAtADMAMAAwAC0ANgBAAJVe2HY7YMWIXwBNAGkAZAAzADYAMABIcgQAAAAQAAAAAQAAAAEAAADdBwAA</a:base64Binary><a:base64Binary>UEYAAAUAAAD//v8UT1xVXvpWmlt/Zy0AMgBAAJVe2HY7YMWIXwBNAGkAZAAzADYAMABIcgQAAAAQAAAAAQAAAAEAAAClBwAA</a:base64Binary><a:base64Binary>UEYAAAUAAAD//v8hYWr2gM9RB5doVk0ANAAtADEAMgAgAEQAMQA1AC0ASAAxADAALQAxAEAAlV7YdjtgxYhfAE0AaQBkADMANgAwAEhyBAAAABAAAAABAAAAAQAAAJwHAAA=</a:base64Binary><a:base64Binary>UEYAAAUAAAD//v8b3ZSLV1BnMwAwADMAMAAtADEAMAAwADAALQAxAEAAlV7YdjtgxYhfAE0AaQBkADMANgAwAEhyBAAAABAAAAABAAAAAQAAAMQHAAA=</a:base64Binary><a:base64Binary>UEYAAAUAAAD//v8UT1xVXvpWmlt/Zy0AMQBAAJVe2HY7YMWIXwBNAGkAZAAzADYAMABIcgQAAAAQAAAAAQAAAAEAAACkBwAA</a:base64Binary><a:base64Binary>UEYAAAUAAAD//v8a3ZSLV1BnMwAwADMAMAAtADMAMAAwAC0ANwBAAJVe2HY7YMWIXwBNAGkAZAAzADYAMABIcgQAAAAQAAAAAQAAAAEAAAAJCAAA</a:base64Binary><a:base64Binary>UEYAAAUAAAD//v8b3ZSLV1BnMwAwADMAMAAtADEAMAAwADAALQAyAEAAlV7YdjtgxYhfAE0AaQBkADMANgAwAEhyBAAAABAAAAABAAAAAQAAAMUHAAA=</a:base64Binary><a:base64Binary>UEYAAAUAAAD//v/Nbo/CazV1OmctADEAQACVXth2O2DFiF8ATQBpAGQAMwA2ADAASHIvAFoATABMAEcANgA1AEEAUwBNADIANQAwAC0ANAAwADkANgAgAFYAMgAuADAAVVP6UXSPLgBzAHQAcAAtADEAQABuj8JrNXU6Zy8ANgBfADUAQwAtAEIAWgBfAEEAUwBNAF8AQQBTAE0ALgBzAHQAcAAtADEAQABaAEwATABHADYANQBBAFMATQAyADUAMAAtADQAMAA5ADYAIABWADIALgAwAFVT+lF0jy4AcwB0AHAALwA2AF8ANQBDAFUATgAtAEMASQBfAEEAUwBNAF8AQQBTAE0ALgBzAHQAcAAtADEAQAA2AF8ANQBDAC0AQgBaAF8AQQBTAE0AXwBBAFMATQAuAHMAdABwAC8ATQBBAE4ASQBGAE8ATABEAF8AUwBPAEwASQBEAF8AQgBSAEUAUABfADYANgA5ADkALgBzAHQAcAAtADEAQAA2AF8ANQBDAFUATgAtAEMASQBfAEEAUwBNAF8AQQBTAE0ALgBzAHQAcAAEAAAAEAAAAAEAAAAFAAAARgAAABkAAAARAAAAEQAAABQAAAA=</a:base64Binary><a:base64Binary>UEYAAAUAAAD//v+Mbo/CazV1OmctADEAQACVXth2O2DFiF8ATQBpAGQAMwA2ADAASHIvAFoATABMAEcANgA1AEEAUwBNADIANQAwAC0ANAAwADkANgAgAFYAMgAuADAAVVP6UXSPLgBzAHQAcAAtADEAQABuj8JrNXU6Zy8ANQBHAC0AcwBoAHUAYQBuAGcALgAxAC4AcwB0AHAALQAxAEAAWgBMAEwARwA2ADUAQQBTAE0AMgA1ADAALQA0ADAAOQA2ACAAVgAyAC4AMABVU/pRdI8uAHMAdABwAC8ANQBHAC0AcwBoAHUAYQBuAGcAXwAxAC4AMQAuAHMAdABwAC0AMQBAADUARwAtAHMAaAB1AGEAbgBnAC4AMQAuAHMAdABwAAQAAAAQAAAAAQAAAAQAAABGAAAAGQAAABIAAAASAAAA</a:base64Binary><a:base64Binary>UEYAAAUAAAD//v9mbo/CazV1OmctADEAQACVXth2O2DFiF8ATQBpAGQAMwA2ADAASHIvAFoATABMAEcANgA1AEEAUwBNADIANQAwAC0ANAAwADkANgAgAFYAMgAuADAAVVP6UXSPLgBzAHQAcAAtADEAQABuj8JrNXU6Zy8A9pb2TjEALgAxAC4AMgAuADEALgBzAHQAcAAtADEAQABaAEwATABHADYANQBBAFMATQAyADUAMAAtADQAMAA5ADYAIABWADIALgAwAFVT+lF0jy4AcwB0AHAABAAAABAAAAABAAAAAwAAAEYAAAAZAAAAEwAAAA==</a:base64Binary><a:base64Binary>UEYAAAUAAAD//v9kbo/CazV1OmctADEAQACVXth2O2DFiF8ATQBpAGQAMwA2ADAASHIvAFoATABMAEcANgA1AEEAUwBNADIANQAwAC0ANAAwADkANgAgAFYAMgAuADAAVVP6UXSPLgBzAHQAcAAtADEAQABuj8JrNXU6Zy8AUABhAHIAdAAxAC4AMgAuAHMAdABwAC0AMQBAAFoATABMAEcANgA1AEEAUwBNADIANQAwAC0ANAAwADkANgAgAFYAMgAuADAAVVP6UXSPLgBzAHQAcAAEAAAAEAAAAAEAAAADAAAARgAAABkAAAAUAAAA</a:base64Binary><a:base64Binary>UEYAAAUAAAD//v+Gbo/CazV1OmctADEAQACVXth2O2DFiF8ATQBpAGQAMwA2ADAASHIvAFoATABMAEcANgA1AEEAUwBNADIANQAwAC0ANAAwADkANgAgAFYAMgAuADAAVVP6UXSPLgBzAHQAcAAtADEAQABuj8JrNXU6Zy8ANQBHAC0AcwBoAHUAYQBuAGcALgAxAC4AcwB0AHAALQAxAEAAWgBMAEwARwA2ADUAQQBTAE0AMgA1ADAALQA0ADAAOQA2ACAAVgAyAC4AMABVU/pRdI8uAHMAdABwAC8A9pb2TjEALgAxAC4AMgAuAHMAdABwAC0AMQBAADUARwAtAHMAaAB1AGEAbgBnAC4AMQAuAHMAdABwAAQAAAAQAAAAAQAAAAQAAABGAAAAGQAAABIAAAATAAAA</a:base64Binary><a:base64Binary>UEYAAAUAAAD//v+Hbo/CazV1OmctADEAQACVXth2O2DFiF8ATQBpAGQAMwA2ADAASHIvAFoATABMAEcANgA1AEEAUwBNADIANQAwAC0ANAAwADkANgAgAFYAMgAuADAAVVP6UXSPLgBzAHQAcAAtADEAQABuj8JrNXU6Zy8ANQBHAC0AcwBoAHUAYQBuAGcALgAxAC4AcwB0AHAALQAxAEAAWgBMAEwARwA2ADUAQQBTAE0AMgA1ADAALQA0ADAAOQA2ACAAVgAyAC4AMABVU/pRdI8uAHMAdABwAC8ANQBjAHUAbgAtADEALgAxAC4AcwB0AHAALQAxAEAANQBHAC0AcwBoAHUAYQBuAGcALgAxAC4AcwB0AHAABAAAABAAAAABAAAABAAAAEYAAAAZAAAAEgAAABEAAAA=</a:base64Binary><a:base64Binary>UEYAAAUAAAD//v/Nbo/CazV1OmctADIAQACVXth2O2DFiF8ATQBpAGQAMwA2ADAASHIvAFoATABMAEcANgA1AEEAUwBNADIANQAwAC0ANAAwADkANgAgAFYAMgAuADAAVVP6UXSPLgBzAHQAcAAtADEAQABuj8JrNXU6Zy8ANgBfADUAQwAtAEIAWgBfAEEAUwBNAF8AQQBTAE0ALgBzAHQAcAAtADEAQABaAEwATABHADYANQBBAFMATQAyADUAMAAtADQAMAA5ADYAIABWADIALgAwAFVT+lF0jy4AcwB0AHAALwA2AF8ANQBDAFUATgAtAEMASQBfAEEAUwBNAF8AQQBTAE0ALgBzAHQAcAAtADEAQAA2AF8ANQBDAC0AQgBaAF8AQQBTAE0AXwBBAFMATQAuAHMAdABwAC8ATQBBAE4ASQBGAE8ATABEAF8AUwBPAEwASQBEAF8AQgBSAEUAUABfADYANgA5ADkALgBzAHQAcAAtADEAQAA2AF8ANQBDAFUATgAtAEMASQBfAEEAUwBNAF8AQQBTAE0ALgBzAHQAcAAEAAAAEAAAAAEAAAAFAAAARwAAABkAAAARAAAAEQAAABQAAAA=</a:base64Binary><a:base64Binary>UEYAAAUAAAD//v+Mbo/CazV1OmctADIAQACVXth2O2DFiF8ATQBpAGQAMwA2ADAASHIvAFoATABMAEcANgA1AEEAUwBNADIANQAwAC0ANAAwADkANgAgAFYAMgAuADAAVVP6UXSPLgBzAHQAcAAtADEAQABuj8JrNXU6Zy8ANQBHAC0AcwBoAHUAYQBuAGcALgAxAC4AcwB0AHAALQAxAEAAWgBMAEwARwA2ADUAQQBTAE0AMgA1ADAALQA0ADAAOQA2ACAAVgAyAC4AMABVU/pRdI8uAHMAdABwAC8ANQBHAC0AcwBoAHUAYQBuAGcAXwAxAC4AMQAuAHMAdABwAC0AMQBAADUARwAtAHMAaAB1AGEAbgBnAC4AMQAuAHMAdABwAAQAAAAQAAAAAQAAAAQAAABHAAAAGQAAABIAAAASAAAA</a:base64Binary><a:base64Binary>UEYAAAUAAAD//v+Gbo/CazV1OmctADIAQACVXth2O2DFiF8ATQBpAGQAMwA2ADAASHIvAFoATABMAEcANgA1AEEAUwBNADIANQAwAC0ANAAwADkANgAgAFYAMgAuADAAVVP6UXSPLgBzAHQAcAAtADEAQABuj8JrNXU6Zy8ANQBHAC0AcwBoAHUAYQBuAGcALgAxAC4AcwB0AHAALQAxAEAAWgBMAEwARwA2ADUAQQBTAE0AMgA1ADAALQA0ADAAOQA2ACAAVgAyAC4AMABVU/pRdI8uAHMAdABwAC8A9pb2TjEALgAxAC4AMgAuAHMAdABwAC0AMQBAADUARwAtAHMAaAB1AGEAbgBnAC4AMQAuAHMAdABwAAQAAAAQAAAAAQAAAAQAAABHAAAAGQAAABIAAAATAAAA</a:base64Binary><a:base64Binary>UEYAAAUAAAD//v+Hbo/CazV1OmctADIAQACVXth2O2DFiF8ATQBpAGQAMwA2ADAASHIvAFoATABMAEcANgA1AEEAUwBNADIANQAwAC0ANAAwADkANgAgAFYAMgAuADAAVVP6UXSPLgBzAHQAcAAtADEAQABuj8JrNXU6Zy8ANQBHAC0AcwBoAHUAYQBuAGcALgAxAC4AcwB0AHAALQAxAEAAWgBMAEwARwA2ADUAQQBTAE0AMgA1ADAALQA0ADAAOQA2ACAAVgAyAC4AMABVU/pRdI8uAHMAdABwAC8ANQBjAHUAbgAtADEALgAxAC4AcwB0AHAALQAxAEAANQBHAC0AcwBoAHUAYQBuAGcALgAxAC4AcwB0AHAABAAAABAAAAABAAAABAAAAEcAAAAZAAAAEgAAABEAAAA=</a:base64Binary><a:base64Binary>UEYAAAUAAAD//v9mbo/CazV1OmctADIAQACVXth2O2DFiF8ATQBpAGQAMwA2ADAASHIvAFoATABMAEcANgA1AEEAUwBNADIANQAwAC0ANAAwADkANgAgAFYAMgAuADAAVVP6UXSPLgBzAHQAcAAtADEAQABuj8JrNXU6Zy8A9pb2TjEALgAxAC4AMgAuADEALgBzAHQAcAAtADEAQABaAEwATABHADYANQBBAFMATQAyADUAMAAtADQAMAA5ADYAIABWADIALgAwAFVT+lF0jy4AcwB0AHAABAAAABAAAAABAAAAAwAAAEcAAAAZAAAAEwAAAA==</a:base64Binary><a:base64Binary>UEYAAAUAAAD//v9kbo/CazV1OmctADIAQACVXth2O2DFiF8ATQBpAGQAMwA2ADAASHIvAFoATABMAEcANgA1AEEAUwBNADIANQAwAC0ANAAwADkANgAgAFYAMgAuADAAVVP6UXSPLgBzAHQAcAAtADEAQABuj8JrNXU6Zy8AUABhAHIAdAAxAC4AMgAuAHMAdABwAC0AMQBAAFoATABMAEcANgA1AEEAUwBNADIANQAwAC0ANAAwADkANgAgAFYAMgAuADAAVVP6UXSPLgBzAHQAcAAEAAAAEAAAAAEAAAADAAAARwAAABkAAAAUAAAA</a:base64Binary><a:base64Binary>UEYAAAUAAAD//v8zRQAtAEMATABIAEoANwA1AC0ATgAtADIAQACVXth2O2DFiF8ATQBpAGQAMwA2ADAASHIvAEUALQBDAEwASABKADcANQAtAE4AXwBwAC0AMQBAAEUALQBDAEwASABKADcANQAtAE4ABAAAABAAAAABAAAAAgAAAEUIAAAWAAAA</a:base64Binary><a:base64Binary>UEYAAAUAAAD//v8zRQAtAEMATABIAEoANwA1AC0ATgAtADEAQACVXth2O2DFiF8ATQBpAGQAMwA2ADAASHIvAEUALQBDAEwASABKADcANQAtAE4AXwBwAC0AMQBAAEUALQBDAEwASABKADcANQAtAE4ABAAAABAAAAABAAAAAgAAACkIAAAWAAAA</a:base64Binary><a:base64Binary>UEYAAAUAAAD//v8YTQBpAGQAMwA2ADAA+laaW6deLQAxAEAAlV7YdjtgxYhfAE0AaQBkADMANgAwAEhyBAAAABAAAAABAAAAAQAAAIgIAAA=</a:base64Binary></SWComponentPIDs><SWMainComponentPID i:nil="true"/><Visual z:Ref="i16"/><isFixedFrame>false</isFixedFrame><isIncomplete>false</isIncomplete></Link>
2025-09-10 08:41:23,928 INFO  LinkNode.cs: 35 - Building node base_link
2025-09-10 08:41:23,929 INFO  LinkNode.cs: 35 - Building node left_wheel_Link
2025-09-10 08:41:23,929 INFO  LinkNode.cs: 35 - Building node right_wheel_Link
2025-09-10 08:41:23,929 INFO  LinkNode.cs: 35 - Building node lf_Link
2025-09-10 08:41:23,929 INFO  LinkNode.cs: 35 - Building node lf_wheel_Link
2025-09-10 08:41:23,929 INFO  LinkNode.cs: 35 - Building node rf_Link
2025-09-10 08:41:23,929 INFO  LinkNode.cs: 35 - Building node rf_wheel_Link
2025-09-10 08:41:23,930 INFO  LinkNode.cs: 35 - Building node lidar_link
2025-09-10 08:41:23,930 INFO  LinkNode.cs: 35 - Building node gyro_link
2025-09-10 08:41:23,930 INFO  CommonSwOperations.cs: 221 - Loading SolidWorks components for base_link from C:\Users\hj\Desktop\AGVÐ¡³µ¹¤Òµ°æ£¨WBY£©2.0\AGVÐ¡³µ¹¤Òµ°æ£¨WBY£©2.0\µ×ÅÌ×Ü×°_Mid360°æ.SLDASM
2025-09-10 08:41:23,931 INFO  CommonSwOperations.cs: 245 - Loading component with PID PF     ????R:_K{- 1 5 @ ?^?v;`??_ M i d 3 6 0 Hr            ?  
2025-09-10 08:41:23,932 INFO  CommonSwOperations.cs: 254 - Successfully loaded component C:\Users\hj\Desktop\AGVÐ¡³µ¹¤Òµ°æ£¨WBY£©2.0\AGVÐ¡³µ¹¤Òµ°æ£¨WBY£©2.0\¼ÓÇ¿½î.SLDPRT
2025-09-10 08:41:23,932 INFO  CommonSwOperations.cs: 245 - Loading component with PID PF     ????R:_K{- 1 1 @ ?^?v;`??_ M i d 3 6 0 Hr            s  
2025-09-10 08:41:23,933 INFO  CommonSwOperations.cs: 254 - Successfully loaded component C:\Users\hj\Desktop\AGVÐ¡³µ¹¤Òµ°æ£¨WBY£©2.0\AGVÐ¡³µ¹¤Òµ°æ£¨WBY£©2.0\¼ÓÇ¿½î.SLDPRT
2025-09-10 08:41:23,933 INFO  CommonSwOperations.cs: 245 - Loading component with PID PF     ????NB\???c?N??]?S	?- 1 @ ?^?v;`??_ M i d 3 6 0 Hr            ?  
2025-09-10 08:41:23,933 INFO  CommonSwOperations.cs: 254 - Successfully loaded component C:\Users\hj\Desktop\AGVÐ¡³µ¹¤Òµ°æ£¨WBY£©2.0\AGVÐ¡³µ¹¤Òµ°æ£¨WBY£©2.0\¶þ²ãÁ¬½Ó¼þ£¨×óÓÒ£©.SLDPRT
2025-09-10 08:41:23,933 INFO  CommonSwOperations.cs: 245 - Loading component with PID PF     ????R:_K{- 1 7 @ ?^?v;`??_ M i d 3 6 0 Hr              
2025-09-10 08:41:23,934 INFO  CommonSwOperations.cs: 254 - Successfully loaded component C:\Users\hj\Desktop\AGVÐ¡³µ¹¤Òµ°æ£¨WBY£©2.0\AGVÐ¡³µ¹¤Òµ°æ£¨WBY£©2.0\¼ÓÇ¿½î.SLDPRT
2025-09-10 08:41:23,934 INFO  CommonSwOperations.cs: 245 - Loading component with PID PF     ????R:_K{- 1 3 @ ?^?v;`??_ M i d 3 6 0 Hr            ?  
2025-09-10 08:41:23,934 INFO  CommonSwOperations.cs: 254 - Successfully loaded component C:\Users\hj\Desktop\AGVÐ¡³µ¹¤Òµ°æ£¨WBY£©2.0\AGVÐ¡³µ¹¤Òµ°æ£¨WBY£©2.0\¼ÓÇ¿½î.SLDPRT
2025-09-10 08:41:23,934 INFO  CommonSwOperations.cs: 245 - Loading component with PID PF     ????Ob?/e?dg- 1 @ ?^?v;`??_ M i d 3 6 0 Hr            ?   
2025-09-10 08:41:23,934 INFO  CommonSwOperations.cs: 254 - Successfully loaded component C:\Users\hj\Desktop\AGVÐ¡³µ¹¤Òµ°æ£¨WBY£©2.0\AGVÐ¡³µ¹¤Òµ°æ£¨WBY£©2.0\²àÃæÖ§³Å°å.SLDPRT
2025-09-10 08:41:23,934 INFO  CommonSwOperations.cs: 245 - Loading component with PID PF     ????^?v?R:_K{?*j	?- 1 @ ?^?v;`??_ M i d 3 6 0 Hr            ?  
2025-09-10 08:41:23,935 INFO  CommonSwOperations.cs: 254 - Successfully loaded component C:\Users\hj\Desktop\AGVÐ¡³µ¹¤Òµ°æ£¨WBY£©2.0\AGVÐ¡³µ¹¤Òµ°æ£¨WBY£©2.0\µ×ÅÌ¼ÓÇ¿½î£¨ºá£©.SLDPRT
2025-09-10 08:41:23,935 INFO  CommonSwOperations.cs: 245 - Loading component with PID PF     ????R:_K{- 1 6 @ ?^?v;`??_ M i d 3 6 0 Hr              
2025-09-10 08:41:23,935 INFO  CommonSwOperations.cs: 254 - Successfully loaded component C:\Users\hj\Desktop\AGVÐ¡³µ¹¤Òµ°æ£¨WBY£©2.0\AGVÐ¡³µ¹¤Òµ°æ£¨WBY£©2.0\¼ÓÇ¿½î.SLDPRT
2025-09-10 08:41:23,935 INFO  CommonSwOperations.cs: 245 - Loading component with PID PF     ????NB\???c?N??]?S	?- 2 @ ?^?v;`??_ M i d 3 6 0 Hr            ?  
2025-09-10 08:41:23,936 INFO  CommonSwOperations.cs: 254 - Successfully loaded component C:\Users\hj\Desktop\AGVÐ¡³µ¹¤Òµ°æ£¨WBY£©2.0\AGVÐ¡³µ¹¤Òµ°æ£¨WBY£©2.0\¶þ²ãÁ¬½Ó¼þ£¨×óÓÒ£©.SLDPRT
2025-09-10 08:41:23,936 INFO  CommonSwOperations.cs: 245 - Loading component with PID PF     ????R:_K{- 1 4 @ ?^?v;`??_ M i d 3 6 0 Hr            ?  
2025-09-10 08:41:23,936 INFO  CommonSwOperations.cs: 254 - Successfully loaded component C:\Users\hj\Desktop\AGVÐ¡³µ¹¤Òµ°æ£¨WBY£©2.0\AGVÐ¡³µ¹¤Òµ°æ£¨WBY£©2.0\¼ÓÇ¿½î.SLDPRT
2025-09-10 08:41:23,936 INFO  CommonSwOperations.cs: 245 - Loading component with PID PF     ???5u`l?v- 1 @ ?^?v;`??_ M i d 3 6 0 Hr            ?  
2025-09-10 08:41:23,936 INFO  CommonSwOperations.cs: 254 - Successfully loaded component C:\Users\hj\Desktop\AGVÐ¡³µ¹¤Òµ°æ£¨WBY£©2.0\AGVÐ¡³µ¹¤Òµ°æ£¨WBY£©2.0\µç³ØºÐ.SLDPRT
2025-09-10 08:41:23,937 INFO  CommonSwOperations.cs: 245 - Loading component with PID PF     ????^?v?R:_K{??~	?- 1 @ ?^?v;`??_ M i d 3 6 0 Hr            ?  
2025-09-10 08:41:23,937 INFO  CommonSwOperations.cs: 254 - Successfully loaded component C:\Users\hj\Desktop\AGVÐ¡³µ¹¤Òµ°æ£¨WBY£©2.0\AGVÐ¡³µ¹¤Òµ°æ£¨WBY£©2.0\µ×ÅÌ¼ÓÇ¿½î£¨×Ý£©.SLDPRT
2025-09-10 08:41:23,937 INFO  CommonSwOperations.cs: 245 - Loading component with PID PF     ????NB\}?g- 1 @ ?^?v;`??_ M i d 3 6 0 Hr            ?  
2025-09-10 08:41:23,938 INFO  CommonSwOperations.cs: 254 - Successfully loaded component C:\Users\hj\Desktop\AGVÐ¡³µ¹¤Òµ°æ£¨WBY£©2.0\AGVÐ¡³µ¹¤Òµ°æ£¨WBY£©2.0\¶þ²ãÔØ°å.SLDPRT
2025-09-10 08:41:23,938 INFO  CommonSwOperations.cs: 245 - Loading component with PID PF     ???$2 4 V 6 0 A h ?5u`l3 0 0 - 2 0 0 - 1 0 0 - 1 @ ?^?v;`??_ M i d 3 6 0 Hr            ?  
2025-09-10 08:41:23,938 INFO  CommonSwOperations.cs: 254 - Successfully loaded component C:\Users\hj\Desktop\AGVÐ¡³µ¹¤Òµ°æ£¨WBY£©2.0\AGVÐ¡³µ¹¤Òµ°æ£¨WBY£©2.0\24V60Ahï®µç³Ø300-200-100.SLDPRT
2025-09-10 08:41:23,938 INFO  CommonSwOperations.cs: 245 - Loading component with PID PF     ????NB\???c?N?MR	?- 1 @ ?^?v;`??_ M i d 3 6 0 Hr            ?  
2025-09-10 08:41:23,938 INFO  CommonSwOperations.cs: 254 - Successfully loaded component C:\Users\hj\Desktop\AGVÐ¡³µ¹¤Òµ°æ£¨WBY£©2.0\AGVÐ¡³µ¹¤Òµ°æ£¨WBY£©2.0\¶þ²ãÁ¬½Ó¼þ£¨Ç°£©.SLDPRT
2025-09-10 08:41:23,939 INFO  CommonSwOperations.cs: 245 - Loading component with PID PF     ????R:_K{- 1 2 @ ?^?v;`??_ M i d 3 6 0 Hr            u  
2025-09-10 08:41:23,939 INFO  CommonSwOperations.cs: 254 - Successfully loaded component C:\Users\hj\Desktop\AGVÐ¡³µ¹¤Òµ°æ£¨WBY£©2.0\AGVÐ¡³µ¹¤Òµ°æ£¨WBY£©2.0\¼ÓÇ¿½î.SLDPRT
2025-09-10 08:41:23,939 INFO  CommonSwOperations.cs: 245 - Loading component with PID PF     ????R:_K{- 1 0 @ ?^?v;`??_ M i d 3 6 0 Hr            ^  
2025-09-10 08:41:23,939 INFO  CommonSwOperations.cs: 254 - Successfully loaded component C:\Users\hj\Desktop\AGVÐ¡³µ¹¤Òµ°æ£¨WBY£©2.0\AGVÐ¡³µ¹¤Òµ°æ£¨WBY£©2.0\¼ÓÇ¿½î.SLDPRT
2025-09-10 08:41:23,939 INFO  CommonSwOperations.cs: 245 - Loading component with PID PF     ????R:_K{- 9 @ ?^?v;`??_ M i d 3 6 0 Hr              
2025-09-10 08:41:23,940 INFO  CommonSwOperations.cs: 254 - Successfully loaded component C:\Users\hj\Desktop\AGVÐ¡³µ¹¤Òµ°æ£¨WBY£©2.0\AGVÐ¡³µ¹¤Òµ°æ£¨WBY£©2.0\¼ÓÇ¿½î.SLDPRT
2025-09-10 08:41:23,940 INFO  CommonSwOperations.cs: 245 - Loading component with PID PF     ????Ob?/e?dg- 2 @ ?^?v;`??_ M i d 3 6 0 Hr            ?   
2025-09-10 08:41:23,940 INFO  CommonSwOperations.cs: 254 - Successfully loaded component C:\Users\hj\Desktop\AGVÐ¡³µ¹¤Òµ°æ£¨WBY£©2.0\AGVÐ¡³µ¹¤Òµ°æ£¨WBY£©2.0\²àÃæÖ§³Å°å.SLDPRT
2025-09-10 08:41:23,940 INFO  CommonSwOperations.cs: 245 - Loading component with PID PF     ????R:_K{- 6 @ ?^?v;`??_ M i d 3 6 0 Hr            ?   
2025-09-10 08:41:23,940 INFO  CommonSwOperations.cs: 254 - Successfully loaded component C:\Users\hj\Desktop\AGVÐ¡³µ¹¤Òµ°æ£¨WBY£©2.0\AGVÐ¡³µ¹¤Òµ°æ£¨WBY£©2.0\¼ÓÇ¿½î.SLDPRT
2025-09-10 08:41:23,940 INFO  CommonSwOperations.cs: 245 - Loading component with PID PF     ????R:_K{- 4 @ ?^?v;`??_ M i d 3 6 0 Hr            ?   
2025-09-10 08:41:23,941 INFO  CommonSwOperations.cs: 254 - Successfully loaded component C:\Users\hj\Desktop\AGVÐ¡³µ¹¤Òµ°æ£¨WBY£©2.0\AGVÐ¡³µ¹¤Òµ°æ£¨WBY£©2.0\¼ÓÇ¿½î.SLDPRT
2025-09-10 08:41:23,941 INFO  CommonSwOperations.cs: 245 - Loading component with PID PF     ????R:_K{- 3 @ ?^?v;`??_ M i d 3 6 0 Hr            ?   
2025-09-10 08:41:23,941 INFO  CommonSwOperations.cs: 254 - Successfully loaded component C:\Users\hj\Desktop\AGVÐ¡³µ¹¤Òµ°æ£¨WBY£©2.0\AGVÐ¡³µ¹¤Òµ°æ£¨WBY£©2.0\¼ÓÇ¿½î.SLDPRT
2025-09-10 08:41:23,941 INFO  CommonSwOperations.cs: 245 - Loading component with PID PF     ????R:_K{- 1 @ ?^?v;`??_ M i d 3 6 0 Hr            ^   
2025-09-10 08:41:23,942 INFO  CommonSwOperations.cs: 254 - Successfully loaded component C:\Users\hj\Desktop\AGVÐ¡³µ¹¤Òµ°æ£¨WBY£©2.0\AGVÐ¡³µ¹¤Òµ°æ£¨WBY£©2.0\¼ÓÇ¿½î.SLDPRT
2025-09-10 08:41:23,942 INFO  CommonSwOperations.cs: 245 - Loading component with PID PF     ???5u:g?V?[g- 2 @ ?^?v;`??_ M i d 3 6 0 Hr            *   
2025-09-10 08:41:23,942 INFO  CommonSwOperations.cs: 254 - Successfully loaded component C:\Users\hj\Desktop\AGVÐ¡³µ¹¤Òµ°æ£¨WBY£©2.0\AGVÐ¡³µ¹¤Òµ°æ£¨WBY£©2.0\µç»ú¹Ì¶¨°å.SLDPRT
2025-09-10 08:41:23,942 INFO  CommonSwOperations.cs: 245 - Loading component with PID PF     ???5u:g?V?[g- 1 @ ?^?v;`??_ M i d 3 6 0 Hr            )   
2025-09-10 08:41:23,942 INFO  CommonSwOperations.cs: 254 - Successfully loaded component C:\Users\hj\Desktop\AGVÐ¡³µ¹¤Òµ°æ£¨WBY£©2.0\AGVÐ¡³µ¹¤Òµ°æ£¨WBY£©2.0\µç»ú¹Ì¶¨°å.SLDPRT
2025-09-10 08:41:23,943 INFO  CommonSwOperations.cs: 245 - Loading component with PID PF     ???MRFd??*j?h- 1 @ ?^?v;`??_ M i d 3 6 0 Hr               
2025-09-10 08:41:23,943 INFO  CommonSwOperations.cs: 254 - Successfully loaded component C:\Users\hj\Desktop\AGVÐ¡³µ¹¤Òµ°æ£¨WBY£©2.0\AGVÐ¡³µ¹¤Òµ°æ£¨WBY£©2.0\Ç°°Ú±ÛºáÁº.SLDPRT
2025-09-10 08:41:23,943 INFO  CommonSwOperations.cs: 245 - Loading component with PID PF     ????N?S?nP[- 1 @ ?^?v;`??_ M i d 3 6 0 Hr               
2025-09-10 08:41:23,943 INFO  CommonSwOperations.cs: 254 - Successfully loaded component C:\Users\hj\Desktop\AGVÐ¡³µ¹¤Òµ°æ£¨WBY£©2.0\AGVÐ¡³µ¹¤Òµ°æ£¨WBY£©2.0\½»²æ¹ö×Ó.SLDPRT
2025-09-10 08:41:23,943 INFO  CommonSwOperations.cs: 245 - Loading component with PID PF     ???Fd??MR???c?N- 1 @ ?^?v;`??_ M i d 3 6 0 Hr               
2025-09-10 08:41:23,944 INFO  CommonSwOperations.cs: 254 - Successfully loaded component C:\Users\hj\Desktop\AGVÐ¡³µ¹¤Òµ°æ£¨WBY£©2.0\AGVÐ¡³µ¹¤Òµ°æ£¨WBY£©2.0\°Ú±ÛÇ°Á¬½Ó¼þ.SLDPRT
2025-09-10 08:41:23,944 INFO  CommonSwOperations.cs: 245 - Loading component with PID PF     ????R:_K{- 8 @ ?^?v;`??_ M i d 3 6 0 Hr            ?   
2025-09-10 08:41:23,944 INFO  CommonSwOperations.cs: 254 - Successfully loaded component C:\Users\hj\Desktop\AGVÐ¡³µ¹¤Òµ°æ£¨WBY£©2.0\AGVÐ¡³µ¹¤Òµ°æ£¨WBY£©2.0\¼ÓÇ¿½î.SLDPRT
2025-09-10 08:41:23,944 INFO  CommonSwOperations.cs: 245 - Loading component with PID PF     ????^?v- 1 @ ?^?v;`??_ M i d 3 6 0 Hr               
2025-09-10 08:41:23,944 INFO  CommonSwOperations.cs: 254 - Successfully loaded component C:\Users\hj\Desktop\AGVÐ¡³µ¹¤Òµ°æ£¨WBY£©2.0\AGVÐ¡³µ¹¤Òµ°æ£¨WBY£©2.0\µ×ÅÌ.SLDPRT
2025-09-10 08:41:23,944 INFO  CommonSwOperations.cs: 245 - Loading component with PID PF     ????R:_K{- 2 @ ?^?v;`??_ M i d 3 6 0 Hr            _   
2025-09-10 08:41:23,945 INFO  CommonSwOperations.cs: 254 - Successfully loaded component C:\Users\hj\Desktop\AGVÐ¡³µ¹¤Òµ°æ£¨WBY£©2.0\AGVÐ¡³µ¹¤Òµ°æ£¨WBY£©2.0\¼ÓÇ¿½î.SLDPRT
2025-09-10 08:41:23,945 INFO  CommonSwOperations.cs: 245 - Loading component with PID PF     ??????WPg3 0 3 0 - 1 3 0 0 - 1 @ ?^?v;`??_ M i d 3 6 0 Hr            ?  
2025-09-10 08:41:23,945 INFO  CommonSwOperations.cs: 254 - Successfully loaded component C:\Users\hj\Desktop\AGVÐ¡³µ¹¤Òµ°æ£¨WBY£©2.0\AGVÐ¡³µ¹¤Òµ°æ£¨WBY£©2.0\ÂÁÐÍ²Ä3030-1300.SLDPRT
2025-09-10 08:41:23,945 INFO  CommonSwOperations.cs: 245 - Loading component with PID PF     ??????WPg3 0 3 0 - 3 0 0 - 3 @ ?^?v;`??_ M i d 3 6 0 Hr            ?  
2025-09-10 08:41:23,946 INFO  CommonSwOperations.cs: 254 - Successfully loaded component C:\Users\hj\Desktop\AGVÐ¡³µ¹¤Òµ°æ£¨WBY£©2.0\AGVÐ¡³µ¹¤Òµ°æ£¨WBY£©2.0\ÂÁÐÍ²Ä3030-300.SLDPRT
2025-09-10 08:41:23,946 INFO  CommonSwOperations.cs: 245 - Loading component with PID PF     ??????WPg3 0 3 0 - 1 3 0 0 - 2 @ ?^?v;`??_ M i d 3 6 0 Hr            ?  
2025-09-10 08:41:23,946 INFO  CommonSwOperations.cs: 254 - Successfully loaded component C:\Users\hj\Desktop\AGVÐ¡³µ¹¤Òµ°æ£¨WBY£©2.0\AGVÐ¡³µ¹¤Òµ°æ£¨WBY£©2.0\ÂÁÐÍ²Ä3030-1300.SLDPRT
2025-09-10 08:41:23,946 INFO  CommonSwOperations.cs: 245 - Loading component with PID PF     ??????WPg3 0 3 0 - 3 0 0 - 1 @ ?^?v;`??_ M i d 3 6 0 Hr            ?  
2025-09-10 08:41:23,946 INFO  CommonSwOperations.cs: 254 - Successfully loaded component C:\Users\hj\Desktop\AGVÐ¡³µ¹¤Òµ°æ£¨WBY£©2.0\AGVÐ¡³µ¹¤Òµ°æ£¨WBY£©2.0\ÂÁÐÍ²Ä3030-300.SLDPRT
2025-09-10 08:41:23,946 INFO  CommonSwOperations.cs: 245 - Loading component with PID PF     ??????WPg3 0 3 0 - 3 0 0 - 2 @ ?^?v;`??_ M i d 3 6 0 Hr            ?  
2025-09-10 08:41:23,947 INFO  CommonSwOperations.cs: 254 - Successfully loaded component C:\Users\hj\Desktop\AGVÐ¡³µ¹¤Òµ°æ£¨WBY£©2.0\AGVÐ¡³µ¹¤Òµ°æ£¨WBY£©2.0\ÂÁÐÍ²Ä3030-300.SLDPRT
2025-09-10 08:41:23,947 INFO  CommonSwOperations.cs: 245 - Loading component with PID PF     ????NB\?Ob?/e?dg?MR	?- 2 @ ?^?v;`??_ M i d 3 6 0 Hr            ?  
2025-09-10 08:41:23,947 INFO  CommonSwOperations.cs: 254 - Successfully loaded component C:\Users\hj\Desktop\AGVÐ¡³µ¹¤Òµ°æ£¨WBY£©2.0\AGVÐ¡³µ¹¤Òµ°æ£¨WBY£©2.0\¶þ²ã²àÃæÖ§³Å°å£¨Ç°£©.SLDPRT
2025-09-10 08:41:23,947 INFO  CommonSwOperations.cs: 245 - Loading component with PID PF     ????NB\?Ob?/e?dg?MR	?- 1 @ ?^?v;`??_ M i d 3 6 0 Hr            ?  
2025-09-10 08:41:23,948 INFO  CommonSwOperations.cs: 254 - Successfully loaded component C:\Users\hj\Desktop\AGVÐ¡³µ¹¤Òµ°æ£¨WBY£©2.0\AGVÐ¡³µ¹¤Òµ°æ£¨WBY£©2.0\¶þ²ã²àÃæÖ§³Å°å£¨Ç°£©.SLDPRT
2025-09-10 08:41:23,948 INFO  CommonSwOperations.cs: 245 - Loading component with PID PF     ???}?g- 1 @ ?^?v;`??_ M i d 3 6 0 Hr            o  
2025-09-10 08:41:23,948 INFO  CommonSwOperations.cs: 254 - Successfully loaded component C:\Users\hj\Desktop\AGVÐ¡³µ¹¤Òµ°æ£¨WBY£©2.0\AGVÐ¡³µ¹¤Òµ°æ£¨WBY£©2.0\ÔØ°å.SLDPRT
2025-09-10 08:41:23,948 INFO  CommonSwOperations.cs: 245 - Loading component with PID PF     ???O\U^?V?[g??Ob?	?- 2 @ ?^?v;`??_ M i d 3 6 0 Hr            X  
2025-09-10 08:41:23,948 INFO  CommonSwOperations.cs: 254 - Successfully loaded component C:\Users\hj\Desktop\AGVÐ¡³µ¹¤Òµ°æ£¨WBY£©2.0\AGVÐ¡³µ¹¤Òµ°æ£¨WBY£©2.0\ÆÁÄ»¹Ì¶¨°å£¨²àÃæ£©.SLDPRT
2025-09-10 08:41:23,948 INFO  CommonSwOperations.cs: 245 - Loading component with PID PF     ???O\U^?V?[g??Ob?	?- 1 @ ?^?v;`??_ M i d 3 6 0 Hr            W  
2025-09-10 08:41:23,949 INFO  CommonSwOperations.cs: 254 - Successfully loaded component C:\Users\hj\Desktop\AGVÐ¡³µ¹¤Òµ°æ£¨WBY£©2.0\AGVÐ¡³µ¹¤Òµ°æ£¨WBY£©2.0\ÆÁÄ»¹Ì¶¨°å£¨²àÃæ£©.SLDPRT
2025-09-10 08:41:23,949 INFO  CommonSwOperations.cs: 245 - Loading component with PID PF     ???O\U^?V?[g??^b?	?- 1 @ ?^?v;`??_ M i d 3 6 0 Hr            V  
2025-09-10 08:41:23,949 INFO  CommonSwOperations.cs: 254 - Successfully loaded component C:\Users\hj\Desktop\AGVÐ¡³µ¹¤Òµ°æ£¨WBY£©2.0\AGVÐ¡³µ¹¤Òµ°æ£¨WBY£©2.0\ÆÁÄ»¹Ì¶¨°å£¨µ×Ãæ£©.SLDPRT
2025-09-10 08:41:23,949 INFO  CommonSwOperations.cs: 245 - Loading component with PID PF     ???}????s- 1 @ ?^?v;`??_ M i d 3 6 0 Hr            ?  
2025-09-10 08:41:23,950 INFO  CommonSwOperations.cs: 254 - Successfully loaded component C:\Users\hj\Desktop\AGVÐ¡³µ¹¤Òµ°æ£¨WBY£©2.0\AGVÐ¡³µ¹¤Òµ°æ£¨WBY£©2.0\ÔØÖØ»·.SLDPRT
2025-09-10 08:41:23,950 INFO  CommonSwOperations.cs: 245 - Loading component with PID PF     ????NB\?Ob?/e?dg- 7 @ ?^?v;`??_ M i d 3 6 0 Hr            ?  
2025-09-10 08:41:23,950 INFO  CommonSwOperations.cs: 254 - Successfully loaded component C:\Users\hj\Desktop\AGVÐ¡³µ¹¤Òµ°æ£¨WBY£©2.0\AGVÐ¡³µ¹¤Òµ°æ£¨WBY£©2.0\¶þ²ã²àÃæÖ§³Å°å.SLDPRT
2025-09-10 08:41:23,950 INFO  CommonSwOperations.cs: 245 - Loading component with PID PF     ????NB\?Ob?/e?dg- 4 @ ?^?v;`??_ M i d 3 6 0 Hr            ?  
2025-09-10 08:41:23,950 INFO  CommonSwOperations.cs: 254 - Successfully loaded component C:\Users\hj\Desktop\AGVÐ¡³µ¹¤Òµ°æ£¨WBY£©2.0\AGVÐ¡³µ¹¤Òµ°æ£¨WBY£©2.0\¶þ²ã²àÃæÖ§³Å°å.SLDPRT
2025-09-10 08:41:23,950 INFO  CommonSwOperations.cs: 245 - Loading component with PID PF     ???5u`l?N??O	?- 1 @ ?^?v;`??_ M i d 3 6 0 Hr            ]  
2025-09-10 08:41:23,970 INFO  CommonSwOperations.cs: 254 - Successfully loaded component C:\Users\hj\Desktop\AGVÐ¡³µ¹¤Òµ°æ£¨WBY£©2.0\AGVÐ¡³µ¹¤Òµ°æ£¨WBY£©2.0\µç³Ø²Ö£¨²à£©.SLDPRT
2025-09-10 08:41:23,970 INFO  CommonSwOperations.cs: 245 - Loading component with PID PF     ???5u`l?N?MR	?- 1 @ ?^?v;`??_ M i d 3 6 0 Hr            p  
2025-09-10 08:41:23,970 INFO  CommonSwOperations.cs: 254 - Successfully loaded component C:\Users\hj\Desktop\AGVÐ¡³µ¹¤Òµ°æ£¨WBY£©2.0\AGVÐ¡³µ¹¤Òµ°æ£¨WBY£©2.0\µç³Ø²Ö£¨Ç°£©.SLDPRT
2025-09-10 08:41:23,971 INFO  CommonSwOperations.cs: 245 - Loading component with PID PF     ???5u`l?N??^	?- 1 @ ?^?v;`??_ M i d 3 6 0 Hr            l  
2025-09-10 08:41:23,971 INFO  CommonSwOperations.cs: 254 - Successfully loaded component C:\Users\hj\Desktop\AGVÐ¡³µ¹¤Òµ°æ£¨WBY£©2.0\AGVÐ¡³µ¹¤Òµ°æ£¨WBY£©2.0\µç³Ø²Ö£¨µ×£©.SLDPRT
2025-09-10 08:41:23,971 INFO  CommonSwOperations.cs: 245 - Loading component with PID PF     ???5u`l?N??O	?- 2 @ ?^?v;`??_ M i d 3 6 0 Hr            ^  
2025-09-10 08:41:23,971 INFO  CommonSwOperations.cs: 254 - Successfully loaded component C:\Users\hj\Desktop\AGVÐ¡³µ¹¤Òµ°æ£¨WBY£©2.0\AGVÐ¡³µ¹¤Òµ°æ£¨WBY£©2.0\µç³Ø²Ö£¨²à£©.SLDPRT
2025-09-10 08:41:23,971 INFO  CommonSwOperations.cs: 245 - Loading component with PID PF     ????R:_K{- 1 8 @ ?^?v;`??_ M i d 3 6 0 Hr            9  
2025-09-10 08:41:23,972 INFO  CommonSwOperations.cs: 254 - Successfully loaded component C:\Users\hj\Desktop\AGVÐ¡³µ¹¤Òµ°æ£¨WBY£©2.0\AGVÐ¡³µ¹¤Òµ°æ£¨WBY£©2.0\¼ÓÇ¿½î.SLDPRT
2025-09-10 08:41:23,972 INFO  CommonSwOperations.cs: 245 - Loading component with PID PF     ???5u`l?N?T	?- 1 @ ?^?v;`??_ M i d 3 6 0 Hr            \  
2025-09-10 08:41:23,972 INFO  CommonSwOperations.cs: 254 - Successfully loaded component C:\Users\hj\Desktop\AGVÐ¡³µ¹¤Òµ°æ£¨WBY£©2.0\AGVÐ¡³µ¹¤Òµ°æ£¨WBY£©2.0\µç³Ø²Ö£¨ºó£©.SLDPRT
2025-09-10 08:41:23,972 INFO  CommonSwOperations.cs: 245 - Loading component with PID PF     ????NB\?Ob?/e?dg- 5 @ ?^?v;`??_ M i d 3 6 0 Hr            ?  
2025-09-10 08:41:23,972 INFO  CommonSwOperations.cs: 254 - Successfully loaded component C:\Users\hj\Desktop\AGVÐ¡³µ¹¤Òµ°æ£¨WBY£©2.0\AGVÐ¡³µ¹¤Òµ°æ£¨WBY£©2.0\¶þ²ã²àÃæÖ§³Å°å.SLDPRT
2025-09-10 08:41:23,972 INFO  CommonSwOperations.cs: 245 - Loading component with PID PF     ????NB\?Ob?/e?dg- 1 @ ?^?v;`??_ M i d 3 6 0 Hr            ?  
2025-09-10 08:41:23,973 INFO  CommonSwOperations.cs: 254 - Successfully loaded component C:\Users\hj\Desktop\AGVÐ¡³µ¹¤Òµ°æ£¨WBY£©2.0\AGVÐ¡³µ¹¤Òµ°æ£¨WBY£©2.0\¶þ²ã²àÃæÖ§³Å°å.SLDPRT
2025-09-10 08:41:23,973 INFO  CommonSwOperations.cs: 245 - Loading component with PID PF     ????NB\?Ob?/e?dg- 6 @ ?^?v;`??_ M i d 3 6 0 Hr            ?  
2025-09-10 08:41:23,973 INFO  CommonSwOperations.cs: 254 - Successfully loaded component C:\Users\hj\Desktop\AGVÐ¡³µ¹¤Òµ°æ£¨WBY£©2.0\AGVÐ¡³µ¹¤Òµ°æ£¨WBY£©2.0\¶þ²ã²àÃæÖ§³Å°å.SLDPRT
2025-09-10 08:41:23,973 INFO  CommonSwOperations.cs: 245 - Loading component with PID PF     ????e?~EQ5u!jWW2 - 1 @ ?^?v;`??_ M i d 3 6 0 Hr            ?  
2025-09-10 08:41:23,973 INFO  CommonSwOperations.cs: 254 - Successfully loaded component C:\Users\hj\Desktop\AGVÐ¡³µ¹¤Òµ°æ£¨WBY£©2.0\AGVÐ¡³µ¹¤Òµ°æ£¨WBY£©2.0\ÎÞÏß³äµçÄ£¿é2.SLDASM
2025-09-10 08:41:23,974 INFO  CommonSwOperations.cs: 245 - Loading component with PID PF     ????NB\?Ob?/e?dg- 8 @ ?^?v;`??_ M i d 3 6 0 Hr            ?  
2025-09-10 08:41:23,974 INFO  CommonSwOperations.cs: 254 - Successfully loaded component C:\Users\hj\Desktop\AGVÐ¡³µ¹¤Òµ°æ£¨WBY£©2.0\AGVÐ¡³µ¹¤Òµ°æ£¨WBY£©2.0\¶þ²ã²àÃæÖ§³Å°å.SLDPRT
2025-09-10 08:41:23,974 INFO  CommonSwOperations.cs: 245 - Loading component with PID PF     ???5u`l?N?MR	?- 2 @ ?^?v;`??_ M i d 3 6 0 Hr            t  
2025-09-10 08:41:23,974 INFO  CommonSwOperations.cs: 254 - Successfully loaded component C:\Users\hj\Desktop\AGVÐ¡³µ¹¤Òµ°æ£¨WBY£©2.0\AGVÐ¡³µ¹¤Òµ°æ£¨WBY£©2.0\µç³Ø²Ö£¨Ç°£©.SLDPRT
2025-09-10 08:41:23,974 INFO  CommonSwOperations.cs: 245 - Loading component with PID PF     ???O\U^- 1 @ ?^?v;`??_ M i d 3 6 0 Hr            U  
2025-09-10 08:41:23,974 INFO  CommonSwOperations.cs: 254 - Successfully loaded component C:\Users\hj\Desktop\AGVÐ¡³µ¹¤Òµ°æ£¨WBY£©2.0\AGVÐ¡³µ¹¤Òµ°æ£¨WBY£©2.0\ÆÁÄ».SLDPRT
2025-09-10 08:41:23,975 INFO  CommonSwOperations.cs: 245 - Loading component with PID PF     ??????WPg3 0 3 0 - 3 0 0 - 5 @ ?^?v;`??_ M i d 3 6 0 Hr            ?  
2025-09-10 08:41:23,975 INFO  CommonSwOperations.cs: 254 - Successfully loaded component C:\Users\hj\Desktop\AGVÐ¡³µ¹¤Òµ°æ£¨WBY£©2.0\AGVÐ¡³µ¹¤Òµ°æ£¨WBY£©2.0\ÂÁÐÍ²Ä3030-300.SLDPRT
2025-09-10 08:41:23,975 INFO  CommonSwOperations.cs: 245 - Loading component with PID PF     ???!aj???Q?hVM 4 - 1 2   D 1 5 - H 1 0 - 2 @ ?^?v;`??_ M i d 3 6 0 Hr            ?  
2025-09-10 08:41:23,975 INFO  CommonSwOperations.cs: 254 - Successfully loaded component C:\Users\hj\Desktop\AGVÐ¡³µ¹¤Òµ°æ£¨WBY£©2.0\AGVÐ¡³µ¹¤Òµ°æ£¨WBY£©2.0\Ïð½º¼õÕðÆ÷M4-12 D15-H10.SLDPRT
2025-09-10 08:41:23,975 INFO  CommonSwOperations.cs: 245 - Loading component with PID PF     ??? _sQ?V?[g- 1 @ ?^?v;`??_ M i d 3 6 0 Hr            ?  
2025-09-10 08:41:23,976 INFO  CommonSwOperations.cs: 254 - Successfully loaded component C:\Users\hj\Desktop\AGVÐ¡³µ¹¤Òµ°æ£¨WBY£©2.0\AGVÐ¡³µ¹¤Òµ°æ£¨WBY£©2.0\¿ª¹Ø¹Ì¶¨°å.SLDPRT
2025-09-10 08:41:23,976 INFO  CommonSwOperations.cs: 245 - Loading component with PID PF     ??????WPg3 0 3 0 - 3 0 0 - 4 @ ?^?v;`??_ M i d 3 6 0 Hr            \  
2025-09-10 08:41:23,976 INFO  CommonSwOperations.cs: 254 - Successfully loaded component C:\Users\hj\Desktop\AGVÐ¡³µ¹¤Òµ°æ£¨WBY£©2.0\AGVÐ¡³µ¹¤Òµ°æ£¨WBY£©2.0\ÂÁÐÍ²Ä3030-300.SLDPRT
2025-09-10 08:41:23,976 INFO  CommonSwOperations.cs: 245 - Loading component with PID PF     ??????WPg3 0 3 0 - 3 0 0 - 8 @ ?^?v;`??_ M i d 3 6 0 Hr              
2025-09-10 08:41:23,976 INFO  CommonSwOperations.cs: 254 - Successfully loaded component C:\Users\hj\Desktop\AGVÐ¡³µ¹¤Òµ°æ£¨WBY£©2.0\AGVÐ¡³µ¹¤Òµ°æ£¨WBY£©2.0\ÂÁÐÍ²Ä3030-300.SLDPRT
2025-09-10 08:41:23,976 INFO  CommonSwOperations.cs: 245 - Loading component with PID PF     ??????WPg3 0 3 0 - 3 0 0 - 6 @ ?^?v;`??_ M i d 3 6 0 Hr            ?  
2025-09-10 08:41:23,977 INFO  CommonSwOperations.cs: 254 - Successfully loaded component C:\Users\hj\Desktop\AGVÐ¡³µ¹¤Òµ°æ£¨WBY£©2.0\AGVÐ¡³µ¹¤Òµ°æ£¨WBY£©2.0\ÂÁÐÍ²Ä3030-300.SLDPRT
2025-09-10 08:41:23,977 INFO  CommonSwOperations.cs: 245 - Loading component with PID PF     ???O\U^?V?[g- 2 @ ?^?v;`??_ M i d 3 6 0 Hr            ?  
2025-09-10 08:41:23,977 INFO  CommonSwOperations.cs: 254 - Successfully loaded component C:\Users\hj\Desktop\AGVÐ¡³µ¹¤Òµ°æ£¨WBY£©2.0\AGVÐ¡³µ¹¤Òµ°æ£¨WBY£©2.0\ÆÁÄ»¹Ì¶¨°å.SLDPRT
2025-09-10 08:41:23,977 INFO  CommonSwOperations.cs: 245 - Loading component with PID PF     ???!aj???Q?hVM 4 - 1 2   D 1 5 - H 1 0 - 1 @ ?^?v;`??_ M i d 3 6 0 Hr            ?  
2025-09-10 08:41:23,977 INFO  CommonSwOperations.cs: 254 - Successfully loaded component C:\Users\hj\Desktop\AGVÐ¡³µ¹¤Òµ°æ£¨WBY£©2.0\AGVÐ¡³µ¹¤Òµ°æ£¨WBY£©2.0\Ïð½º¼õÕðÆ÷M4-12 D15-H10.SLDPRT
2025-09-10 08:41:23,977 INFO  CommonSwOperations.cs: 245 - Loading component with PID PF     ??????WPg3 0 3 0 - 1 0 0 0 - 1 @ ?^?v;`??_ M i d 3 6 0 Hr            ?  
2025-09-10 08:41:23,978 INFO  CommonSwOperations.cs: 254 - Successfully loaded component C:\Users\hj\Desktop\AGVÐ¡³µ¹¤Òµ°æ£¨WBY£©2.0\AGVÐ¡³µ¹¤Òµ°æ£¨WBY£©2.0\ÂÁÐÍ²Ä3030-1000.SLDPRT
2025-09-10 08:41:23,978 INFO  CommonSwOperations.cs: 245 - Loading component with PID PF     ???O\U^?V?[g- 1 @ ?^?v;`??_ M i d 3 6 0 Hr            ?  
2025-09-10 08:41:23,978 INFO  CommonSwOperations.cs: 254 - Successfully loaded component C:\Users\hj\Desktop\AGVÐ¡³µ¹¤Òµ°æ£¨WBY£©2.0\AGVÐ¡³µ¹¤Òµ°æ£¨WBY£©2.0\ÆÁÄ»¹Ì¶¨°å.SLDPRT
2025-09-10 08:41:23,979 INFO  CommonSwOperations.cs: 245 - Loading component with PID PF     ??????WPg3 0 3 0 - 3 0 0 - 7 @ ?^?v;`??_ M i d 3 6 0 Hr            	  
2025-09-10 08:41:23,979 INFO  CommonSwOperations.cs: 254 - Successfully loaded component C:\Users\hj\Desktop\AGVÐ¡³µ¹¤Òµ°æ£¨WBY£©2.0\AGVÐ¡³µ¹¤Òµ°æ£¨WBY£©2.0\ÂÁÐÍ²Ä3030-300.SLDPRT
2025-09-10 08:41:23,979 INFO  CommonSwOperations.cs: 245 - Loading component with PID PF     ??????WPg3 0 3 0 - 1 0 0 0 - 2 @ ?^?v;`??_ M i d 3 6 0 Hr            ?  
2025-09-10 08:41:23,979 INFO  CommonSwOperations.cs: 254 - Successfully loaded component C:\Users\hj\Desktop\AGVÐ¡³µ¹¤Òµ°æ£¨WBY£©2.0\AGVÐ¡³µ¹¤Òµ°æ£¨WBY£©2.0\ÂÁÐÍ²Ä3030-1000.SLDPRT
2025-09-10 08:41:23,979 INFO  CommonSwOperations.cs: 245 - Loading component with PID PF     ????n??k5u:g- 1 @ ?^?v;`??_ M i d 3 6 0 Hr/ Z L L G 6 5 A S M 2 5 0 - 4 0 9 6   V 2 . 0 US?Qt?. s t p - 1 @ n??k5u:g/ 6 _ 5 C - B Z _ A S M _ A S M . s t p - 1 @ Z L L G 6 5 A S M 2 5 0 - 4 0 9 6   V 2 . 0 US?Qt?. s t p / 6 _ 5 C U N - C I _ A S M _ A S M . s t p - 1 @ 6 _ 5 C - B Z _ A S M _ A S M . s t p / M A N I F O L D _ S O L I D _ B R E P _ 6 6 9 9 . s t p - 1 @ 6 _ 5 C U N - C I _ A S M _ A S M . s t p             F               
2025-09-10 08:41:23,980 INFO  CommonSwOperations.cs: 254 - Successfully loaded component C:\Users\hj\AppData\Local\Temp\swx280256\IC~~\MANIFOLD_SOLID_BREP_6699.stp.SLDPRT
2025-09-10 08:41:23,980 INFO  CommonSwOperations.cs: 245 - Loading component with PID PF     ????n??k5u:g- 1 @ ?^?v;`??_ M i d 3 6 0 Hr/ Z L L G 6 5 A S M 2 5 0 - 4 0 9 6   V 2 . 0 US?Qt?. s t p - 1 @ n??k5u:g/ 5 G - s h u a n g . 1 . s t p - 1 @ Z L L G 6 5 A S M 2 5 0 - 4 0 9 6   V 2 . 0 US?Qt?. s t p / 5 G - s h u a n g _ 1 . 1 . s t p - 1 @ 5 G - s h u a n g . 1 . s t p             F            
2025-09-10 08:41:23,980 INFO  CommonSwOperations.cs: 254 - Successfully loaded component C:\Users\hj\AppData\Local\Temp\swx280256\IC~~\5G-shuang_1.1.stp.SLDPRT
2025-09-10 08:41:23,980 INFO  CommonSwOperations.cs: 245 - Loading component with PID PF     ???fn??k5u:g- 1 @ ?^?v;`??_ M i d 3 6 0 Hr/ Z L L G 6 5 A S M 2 5 0 - 4 0 9 6   V 2 . 0 US?Qt?. s t p - 1 @ n??k5u:g/ ???N1 . 1 . 2 . 1 . s t p - 1 @ Z L L G 6 5 A S M 2 5 0 - 4 0 9 6   V 2 . 0 US?Qt?. s t p             F         
2025-09-10 08:41:23,981 INFO  CommonSwOperations.cs: 254 - Successfully loaded component C:\Users\hj\AppData\Local\Temp\swx280256\IC~~\Áã¼þ1.1.2.1.stp.SLDPRT
2025-09-10 08:41:23,981 INFO  CommonSwOperations.cs: 245 - Loading component with PID PF     ???dn??k5u:g- 1 @ ?^?v;`??_ M i d 3 6 0 Hr/ Z L L G 6 5 A S M 2 5 0 - 4 0 9 6   V 2 . 0 US?Qt?. s t p - 1 @ n??k5u:g/ P a r t 1 . 2 . s t p - 1 @ Z L L G 6 5 A S M 2 5 0 - 4 0 9 6   V 2 . 0 US?Qt?. s t p             F         
2025-09-10 08:41:23,981 INFO  CommonSwOperations.cs: 254 - Successfully loaded component C:\Users\hj\AppData\Local\Temp\swx280256\IC~~\Part1.2.stp.SLDPRT
2025-09-10 08:41:23,981 INFO  CommonSwOperations.cs: 245 - Loading component with PID PF     ????n??k5u:g- 1 @ ?^?v;`??_ M i d 3 6 0 Hr/ Z L L G 6 5 A S M 2 5 0 - 4 0 9 6   V 2 . 0 US?Qt?. s t p - 1 @ n??k5u:g/ 5 G - s h u a n g . 1 . s t p - 1 @ Z L L G 6 5 A S M 2 5 0 - 4 0 9 6   V 2 . 0 US?Qt?. s t p / ???N1 . 1 . 2 . s t p - 1 @ 5 G - s h u a n g . 1 . s t p             F            
2025-09-10 08:41:23,981 INFO  CommonSwOperations.cs: 254 - Successfully loaded component C:\Users\hj\AppData\Local\Temp\swx280256\IC~~\Áã¼þ1.1.2.stp.SLDPRT
2025-09-10 08:41:23,982 INFO  CommonSwOperations.cs: 245 - Loading component with PID PF     ????n??k5u:g- 1 @ ?^?v;`??_ M i d 3 6 0 Hr/ Z L L G 6 5 A S M 2 5 0 - 4 0 9 6   V 2 . 0 US?Qt?. s t p - 1 @ n??k5u:g/ 5 G - s h u a n g . 1 . s t p - 1 @ Z L L G 6 5 A S M 2 5 0 - 4 0 9 6   V 2 . 0 US?Qt?. s t p / 5 c u n - 1 . 1 . s t p - 1 @ 5 G - s h u a n g . 1 . s t p             F            
2025-09-10 08:41:23,982 INFO  CommonSwOperations.cs: 254 - Successfully loaded component C:\Users\hj\AppData\Local\Temp\swx280256\IC~~\5cun-1.1.stp.SLDPRT
2025-09-10 08:41:23,982 INFO  CommonSwOperations.cs: 245 - Loading component with PID PF     ????n??k5u:g- 2 @ ?^?v;`??_ M i d 3 6 0 Hr/ Z L L G 6 5 A S M 2 5 0 - 4 0 9 6   V 2 . 0 US?Qt?. s t p - 1 @ n??k5u:g/ 6 _ 5 C - B Z _ A S M _ A S M . s t p - 1 @ Z L L G 6 5 A S M 2 5 0 - 4 0 9 6   V 2 . 0 US?Qt?. s t p / 6 _ 5 C U N - C I _ A S M _ A S M . s t p - 1 @ 6 _ 5 C - B Z _ A S M _ A S M . s t p / M A N I F O L D _ S O L I D _ B R E P _ 6 6 9 9 . s t p - 1 @ 6 _ 5 C U N - C I _ A S M _ A S M . s t p             G               
2025-09-10 08:41:23,982 INFO  CommonSwOperations.cs: 254 - Successfully loaded component C:\Users\hj\AppData\Local\Temp\swx280256\IC~~\MANIFOLD_SOLID_BREP_6699.stp.SLDPRT
2025-09-10 08:41:23,982 INFO  CommonSwOperations.cs: 245 - Loading component with PID PF     ????n??k5u:g- 2 @ ?^?v;`??_ M i d 3 6 0 Hr/ Z L L G 6 5 A S M 2 5 0 - 4 0 9 6   V 2 . 0 US?Qt?. s t p - 1 @ n??k5u:g/ 5 G - s h u a n g . 1 . s t p - 1 @ Z L L G 6 5 A S M 2 5 0 - 4 0 9 6   V 2 . 0 US?Qt?. s t p / 5 G - s h u a n g _ 1 . 1 . s t p - 1 @ 5 G - s h u a n g . 1 . s t p             G            
2025-09-10 08:41:23,983 INFO  CommonSwOperations.cs: 254 - Successfully loaded component C:\Users\hj\AppData\Local\Temp\swx280256\IC~~\5G-shuang_1.1.stp.SLDPRT
2025-09-10 08:41:23,983 INFO  CommonSwOperations.cs: 245 - Loading component with PID PF     ????n??k5u:g- 2 @ ?^?v;`??_ M i d 3 6 0 Hr/ Z L L G 6 5 A S M 2 5 0 - 4 0 9 6   V 2 . 0 US?Qt?. s t p - 1 @ n??k5u:g/ 5 G - s h u a n g . 1 . s t p - 1 @ Z L L G 6 5 A S M 2 5 0 - 4 0 9 6   V 2 . 0 US?Qt?. s t p / ???N1 . 1 . 2 . s t p - 1 @ 5 G - s h u a n g . 1 . s t p             G            
2025-09-10 08:41:23,983 INFO  CommonSwOperations.cs: 254 - Successfully loaded component C:\Users\hj\AppData\Local\Temp\swx280256\IC~~\Áã¼þ1.1.2.stp.SLDPRT
2025-09-10 08:41:23,983 INFO  CommonSwOperations.cs: 245 - Loading component with PID PF     ????n??k5u:g- 2 @ ?^?v;`??_ M i d 3 6 0 Hr/ Z L L G 6 5 A S M 2 5 0 - 4 0 9 6   V 2 . 0 US?Qt?. s t p - 1 @ n??k5u:g/ 5 G - s h u a n g . 1 . s t p - 1 @ Z L L G 6 5 A S M 2 5 0 - 4 0 9 6   V 2 . 0 US?Qt?. s t p / 5 c u n - 1 . 1 . s t p - 1 @ 5 G - s h u a n g . 1 . s t p             G            
2025-09-10 08:41:23,983 INFO  CommonSwOperations.cs: 254 - Successfully loaded component C:\Users\hj\AppData\Local\Temp\swx280256\IC~~\5cun-1.1.stp.SLDPRT
2025-09-10 08:41:23,984 INFO  CommonSwOperations.cs: 245 - Loading component with PID PF     ???fn??k5u:g- 2 @ ?^?v;`??_ M i d 3 6 0 Hr/ Z L L G 6 5 A S M 2 5 0 - 4 0 9 6   V 2 . 0 US?Qt?. s t p - 1 @ n??k5u:g/ ???N1 . 1 . 2 . 1 . s t p - 1 @ Z L L G 6 5 A S M 2 5 0 - 4 0 9 6   V 2 . 0 US?Qt?. s t p             G         
2025-09-10 08:41:23,984 INFO  CommonSwOperations.cs: 254 - Successfully loaded component C:\Users\hj\AppData\Local\Temp\swx280256\IC~~\Áã¼þ1.1.2.1.stp.SLDPRT
2025-09-10 08:41:23,984 INFO  CommonSwOperations.cs: 245 - Loading component with PID PF     ???dn??k5u:g- 2 @ ?^?v;`??_ M i d 3 6 0 Hr/ Z L L G 6 5 A S M 2 5 0 - 4 0 9 6   V 2 . 0 US?Qt?. s t p - 1 @ n??k5u:g/ P a r t 1 . 2 . s t p - 1 @ Z L L G 6 5 A S M 2 5 0 - 4 0 9 6   V 2 . 0 US?Qt?. s t p             G         
2025-09-10 08:41:23,984 INFO  CommonSwOperations.cs: 254 - Successfully loaded component C:\Users\hj\AppData\Local\Temp\swx280256\IC~~\Part1.2.stp.SLDPRT
2025-09-10 08:41:23,985 INFO  CommonSwOperations.cs: 245 - Loading component with PID PF     ???3E - C L H J 7 5 - N - 2 @ ?^?v;`??_ M i d 3 6 0 Hr/ E - C L H J 7 5 - N _ p - 1 @ E - C L H J 7 5 - N             E     
2025-09-10 08:41:23,985 INFO  CommonSwOperations.cs: 254 - Successfully loaded component C:\Users\hj\Desktop\AGVÐ¡³µ¹¤Òµ°æ£¨WBY£©2.0\AGVÐ¡³µ¹¤Òµ°æ£¨WBY£©2.0\ÍòÏòÂÖ\SOLIDWORKS\E-CLHJ75-N_p.sldprt
2025-09-10 08:41:23,985 INFO  CommonSwOperations.cs: 245 - Loading component with PID PF     ???3E - C L H J 7 5 - N - 1 @ ?^?v;`??_ M i d 3 6 0 Hr/ E - C L H J 7 5 - N _ p - 1 @ E - C L H J 7 5 - N             )     
2025-09-10 08:41:23,985 INFO  CommonSwOperations.cs: 254 - Successfully loaded component C:\Users\hj\Desktop\AGVÐ¡³µ¹¤Òµ°æ£¨WBY£©2.0\AGVÐ¡³µ¹¤Òµ°æ£¨WBY£©2.0\ÍòÏòÂÖ\SOLIDWORKS\E-CLHJ75-N_p.sldprt
2025-09-10 08:41:23,985 INFO  CommonSwOperations.cs: 245 - Loading component with PID PF     ???M i d 3 6 0 ?V?[?^- 1 @ ?^?v;`??_ M i d 3 6 0 Hr            ?  
2025-09-10 08:41:23,986 INFO  CommonSwOperations.cs: 254 - Successfully loaded component C:\Users\hj\Desktop\AGVÐ¡³µ¹¤Òµ°æ£¨WBY£©2.0\AGVÐ¡³µ¹¤Òµ°æ£¨WBY£©2.0\Mid360¹Ì¶¨×ù.SLDPRT
2025-09-10 08:41:23,986 INFO  CommonSwOperations.cs: 230 - Loaded 85 components for link base_link
2025-09-10 08:41:23,986 INFO  CommonSwOperations.cs: 221 - Loading SolidWorks components for left_wheel_Link from C:\Users\hj\Desktop\AGVÐ¡³µ¹¤Òµ°æ£¨WBY£©2.0\AGVÐ¡³µ¹¤Òµ°æ£¨WBY£©2.0\µ×ÅÌ×Ü×°_Mid360°æ.SLDASM
2025-09-10 08:41:23,986 INFO  CommonSwOperations.cs: 245 - Loading component with PID PF     ????n??k5u:g- 2 @ ?^?v;`??_ M i d 3 6 0 Hr/ Z L L G 6 5 A S M 2 5 0 - 4 0 9 6   V 2 . 0 US?Qt?. s t p - 1 @ n??k5u:g/ 6 _ 5 C - B Z _ A S M _ A S M . s t p - 1 @ Z L L G 6 5 A S M 2 5 0 - 4 0 9 6   V 2 . 0 US?Qt?. s t p / M A N I F O L D _ S O L I D _ B R E P _ 6 6 9 7 _ 1 _ 1 . s t p - 1 @ 6 _ 5 C - B Z _ A S M _ A S M . s t p             G            
2025-09-10 08:41:23,986 INFO  CommonSwOperations.cs: 254 - Successfully loaded component C:\Users\hj\AppData\Local\Temp\swx280256\IC~~\MANIFOLD_SOLID_BREP_6697_1_1.stp.SLDPRT
2025-09-10 08:41:23,986 INFO  CommonSwOperations.cs: 245 - Loading component with PID PF     ????n??k5u:g- 2 @ ?^?v;`??_ M i d 3 6 0 Hr/ Z L L G 6 5 A S M 2 5 0 - 4 0 9 6   V 2 . 0 US?Qt?. s t p - 1 @ n??k5u:g/ 6 _ 5 C - B Z _ A S M _ A S M . s t p - 1 @ Z L L G 6 5 A S M 2 5 0 - 4 0 9 6   V 2 . 0 US?Qt?. s t p / 6 _ 5 C U N - C I _ A S M _ A S M . s t p - 1 @ 6 _ 5 C - B Z _ A S M _ A S M . s t p / M A N I F O L D _ S O L I D _ B R E P _ 6 7 0 1 . s t p - 1 @ 6 _ 5 C U N - C I _ A S M _ A S M . s t p             G               
2025-09-10 08:41:23,987 INFO  CommonSwOperations.cs: 254 - Successfully loaded component C:\Users\hj\AppData\Local\Temp\swx280256\IC~~\MANIFOLD_SOLID_BREP_6701.stp.SLDPRT
2025-09-10 08:41:23,987 INFO  CommonSwOperations.cs: 245 - Loading component with PID PF     ????n??k5u:g- 2 @ ?^?v;`??_ M i d 3 6 0 Hr/ Z L L G 6 5 A S M 2 5 0 - 4 0 9 6   V 2 . 0 US?Qt?. s t p - 1 @ n??k5u:g/ 6 _ 5 C - B Z _ A S M _ A S M . s t p - 1 @ Z L L G 6 5 A S M 2 5 0 - 4 0 9 6   V 2 . 0 US?Qt?. s t p / 6 _ 5 C U N - C I _ A S M _ A S M . s t p - 1 @ 6 _ 5 C - B Z _ A S M _ A S M . s t p / M A N I F O L D _ S O L I D _ B R E P _ 6 7 0 0 . s t p - 1 @ 6 _ 5 C U N - C I _ A S M _ A S M . s t p             G               
2025-09-10 08:41:23,987 INFO  CommonSwOperations.cs: 254 - Successfully loaded component C:\Users\hj\AppData\Local\Temp\swx280256\IC~~\MANIFOLD_SOLID_BREP_6700.stp.SLDPRT
2025-09-10 08:41:23,987 INFO  CommonSwOperations.cs: 230 - Loaded 3 components for link left_wheel_Link
2025-09-10 08:41:23,987 INFO  CommonSwOperations.cs: 221 - Loading SolidWorks components for right_wheel_Link from C:\Users\hj\Desktop\AGVÐ¡³µ¹¤Òµ°æ£¨WBY£©2.0\AGVÐ¡³µ¹¤Òµ°æ£¨WBY£©2.0\µ×ÅÌ×Ü×°_Mid360°æ.SLDASM
2025-09-10 08:41:23,987 INFO  CommonSwOperations.cs: 245 - Loading component with PID PF     ????n??k5u:g- 1 @ ?^?v;`??_ M i d 3 6 0 Hr/ Z L L G 6 5 A S M 2 5 0 - 4 0 9 6   V 2 . 0 US?Qt?. s t p - 1 @ n??k5u:g/ 6 _ 5 C - B Z _ A S M _ A S M . s t p - 1 @ Z L L G 6 5 A S M 2 5 0 - 4 0 9 6   V 2 . 0 US?Qt?. s t p / M A N I F O L D _ S O L I D _ B R E P _ 6 6 9 7 _ 1 _ 1 . s t p - 1 @ 6 _ 5 C - B Z _ A S M _ A S M . s t p             F            
2025-09-10 08:41:23,988 INFO  CommonSwOperations.cs: 254 - Successfully loaded component C:\Users\hj\AppData\Local\Temp\swx280256\IC~~\MANIFOLD_SOLID_BREP_6697_1_1.stp.SLDPRT
2025-09-10 08:41:23,988 INFO  CommonSwOperations.cs: 245 - Loading component with PID PF     ????n??k5u:g- 1 @ ?^?v;`??_ M i d 3 6 0 Hr/ Z L L G 6 5 A S M 2 5 0 - 4 0 9 6   V 2 . 0 US?Qt?. s t p - 1 @ n??k5u:g/ 6 _ 5 C - B Z _ A S M _ A S M . s t p - 1 @ Z L L G 6 5 A S M 2 5 0 - 4 0 9 6   V 2 . 0 US?Qt?. s t p / 6 _ 5 C U N - C I _ A S M _ A S M . s t p - 1 @ 6 _ 5 C - B Z _ A S M _ A S M . s t p / M A N I F O L D _ S O L I D _ B R E P _ 6 7 0 0 . s t p - 1 @ 6 _ 5 C U N - C I _ A S M _ A S M . s t p             F               
2025-09-10 08:41:23,988 INFO  CommonSwOperations.cs: 254 - Successfully loaded component C:\Users\hj\AppData\Local\Temp\swx280256\IC~~\MANIFOLD_SOLID_BREP_6700.stp.SLDPRT
2025-09-10 08:41:23,988 INFO  CommonSwOperations.cs: 245 - Loading component with PID PF     ????n??k5u:g- 1 @ ?^?v;`??_ M i d 3 6 0 Hr/ Z L L G 6 5 A S M 2 5 0 - 4 0 9 6   V 2 . 0 US?Qt?. s t p - 1 @ n??k5u:g/ 6 _ 5 C - B Z _ A S M _ A S M . s t p - 1 @ Z L L G 6 5 A S M 2 5 0 - 4 0 9 6   V 2 . 0 US?Qt?. s t p / 6 _ 5 C U N - C I _ A S M _ A S M . s t p - 1 @ 6 _ 5 C - B Z _ A S M _ A S M . s t p / M A N I F O L D _ S O L I D _ B R E P _ 6 7 0 1 . s t p - 1 @ 6 _ 5 C U N - C I _ A S M _ A S M . s t p             F               
2025-09-10 08:41:23,988 INFO  CommonSwOperations.cs: 254 - Successfully loaded component C:\Users\hj\AppData\Local\Temp\swx280256\IC~~\MANIFOLD_SOLID_BREP_6701.stp.SLDPRT
2025-09-10 08:41:23,989 INFO  CommonSwOperations.cs: 230 - Loaded 3 components for link right_wheel_Link
2025-09-10 08:41:23,989 INFO  CommonSwOperations.cs: 221 - Loading SolidWorks components for lf_Link from C:\Users\hj\Desktop\AGVÐ¡³µ¹¤Òµ°æ£¨WBY£©2.0\AGVÐ¡³µ¹¤Òµ°æ£¨WBY£©2.0\µ×ÅÌ×Ü×°_Mid360°æ.SLDASM
2025-09-10 08:41:23,989 INFO  CommonSwOperations.cs: 245 - Loading component with PID PF     ???3E - C L H J 7 5 - N - 2 @ ?^?v;`??_ M i d 3 6 0 Hr/ E - C L H J 7 5 - N _ b - 1 @ E - C L H J 7 5 - N             E     
2025-09-10 08:41:23,989 INFO  CommonSwOperations.cs: 254 - Successfully loaded component C:\Users\hj\Desktop\AGVÐ¡³µ¹¤Òµ°æ£¨WBY£©2.0\AGVÐ¡³µ¹¤Òµ°æ£¨WBY£©2.0\ÍòÏòÂÖ\SOLIDWORKS\E-CLHJ75-N_b.sldprt
2025-09-10 08:41:23,989 INFO  CommonSwOperations.cs: 230 - Loaded 1 components for link lf_Link
2025-09-10 08:41:23,989 INFO  CommonSwOperations.cs: 221 - Loading SolidWorks components for lf_wheel_Link from C:\Users\hj\Desktop\AGVÐ¡³µ¹¤Òµ°æ£¨WBY£©2.0\AGVÐ¡³µ¹¤Òµ°æ£¨WBY£©2.0\µ×ÅÌ×Ü×°_Mid360°æ.SLDASM
2025-09-10 08:41:23,989 INFO  CommonSwOperations.cs: 245 - Loading component with PID PF     ???3E - C L H J 7 5 - N - 2 @ ?^?v;`??_ M i d 3 6 0 Hr/ E - C L H J 7 5 - N _ w - 1 @ E - C L H J 7 5 - N             E     
2025-09-10 08:41:23,990 INFO  CommonSwOperations.cs: 254 - Successfully loaded component C:\Users\hj\Desktop\AGVÐ¡³µ¹¤Òµ°æ£¨WBY£©2.0\AGVÐ¡³µ¹¤Òµ°æ£¨WBY£©2.0\ÍòÏòÂÖ\SOLIDWORKS\E-CLHJ75-N_w.sldprt
2025-09-10 08:41:23,990 INFO  CommonSwOperations.cs: 230 - Loaded 1 components for link lf_wheel_Link
2025-09-10 08:41:23,990 INFO  CommonSwOperations.cs: 221 - Loading SolidWorks components for rf_Link from C:\Users\hj\Desktop\AGVÐ¡³µ¹¤Òµ°æ£¨WBY£©2.0\AGVÐ¡³µ¹¤Òµ°æ£¨WBY£©2.0\µ×ÅÌ×Ü×°_Mid360°æ.SLDASM
2025-09-10 08:41:23,990 INFO  CommonSwOperations.cs: 245 - Loading component with PID PF     ???3E - C L H J 7 5 - N - 1 @ ?^?v;`??_ M i d 3 6 0 Hr/ E - C L H J 7 5 - N _ b - 1 @ E - C L H J 7 5 - N             )     
2025-09-10 08:41:23,990 INFO  CommonSwOperations.cs: 254 - Successfully loaded component C:\Users\hj\Desktop\AGVÐ¡³µ¹¤Òµ°æ£¨WBY£©2.0\AGVÐ¡³µ¹¤Òµ°æ£¨WBY£©2.0\ÍòÏòÂÖ\SOLIDWORKS\E-CLHJ75-N_b.sldprt
2025-09-10 08:41:23,991 INFO  CommonSwOperations.cs: 230 - Loaded 1 components for link rf_Link
2025-09-10 08:41:23,991 INFO  CommonSwOperations.cs: 221 - Loading SolidWorks components for rf_wheel_Link from C:\Users\hj\Desktop\AGVÐ¡³µ¹¤Òµ°æ£¨WBY£©2.0\AGVÐ¡³µ¹¤Òµ°æ£¨WBY£©2.0\µ×ÅÌ×Ü×°_Mid360°æ.SLDASM
2025-09-10 08:41:23,991 INFO  CommonSwOperations.cs: 245 - Loading component with PID PF     ???3E - C L H J 7 5 - N - 1 @ ?^?v;`??_ M i d 3 6 0 Hr/ E - C L H J 7 5 - N _ w - 1 @ E - C L H J 7 5 - N             )     
2025-09-10 08:41:23,991 INFO  CommonSwOperations.cs: 254 - Successfully loaded component C:\Users\hj\Desktop\AGVÐ¡³µ¹¤Òµ°æ£¨WBY£©2.0\AGVÐ¡³µ¹¤Òµ°æ£¨WBY£©2.0\ÍòÏòÂÖ\SOLIDWORKS\E-CLHJ75-N_w.sldprt
2025-09-10 08:41:23,991 INFO  CommonSwOperations.cs: 230 - Loaded 1 components for link rf_wheel_Link
2025-09-10 08:41:23,991 INFO  CommonSwOperations.cs: 221 - Loading SolidWorks components for lidar_link from C:\Users\hj\Desktop\AGVÐ¡³µ¹¤Òµ°æ£¨WBY£©2.0\AGVÐ¡³µ¹¤Òµ°æ£¨WBY£©2.0\µ×ÅÌ×Ü×°_Mid360°æ.SLDASM
2025-09-10 08:41:23,991 INFO  CommonSwOperations.cs: 245 - Loading component with PID PF     ???m i d - 3 6 0 - a s m - 1 @ ?^?v;`??_ M i d 3 6 0 Hr            ?  
2025-09-10 08:41:23,992 INFO  CommonSwOperations.cs: 254 - Successfully loaded component C:\Users\hj\Desktop\AGVÐ¡³µ¹¤Òµ°æ£¨WBY£©2.0\AGVÐ¡³µ¹¤Òµ°æ£¨WBY£©2.0\mid-360-asm.SLDASM
2025-09-10 08:41:23,992 INFO  CommonSwOperations.cs: 230 - Loaded 1 components for link lidar_link
2025-09-10 08:41:23,992 INFO  CommonSwOperations.cs: 221 - Loading SolidWorks components for gyro_link from C:\Users\hj\Desktop\AGVÐ¡³µ¹¤Òµ°æ£¨WBY£©2.0\AGVÐ¡³µ¹¤Òµ°æ£¨WBY£©2.0\µ×ÅÌ×Ü×°_Mid360°æ.SLDASM
2025-09-10 08:41:23,992 INFO  CommonSwOperations.cs: 245 - Loading component with PID PF     ???/?`?[!jWW_ 2?4lHrN 1 0 0 W P ( N 2 0 0 W P _ N 3 0 0 W P ) ?[7b?V- 1 @ ?^?v;`??_ M i d 3 6 0 Hr            ?  
2025-09-10 08:41:23,992 INFO  CommonSwOperations.cs: 254 - Successfully loaded component C:\Users\hj\Desktop\AGVÐ¡³µ¹¤Òµ°æ£¨WBY£©2.0\AGVÐ¡³µ¹¤Òµ°æ£¨WBY£©2.0\¹ßµ¼Ä£¿é_·ÀË®°æN100WP(N200WP_N300WP)¿Í»§Í¼.SLDPRT
2025-09-10 08:41:23,992 INFO  CommonSwOperations.cs: 230 - Loaded 1 components for link gyro_link
2025-09-10 08:41:26,383 INFO  SwAddin.cs: 344 - Showing property manager
2025-09-10 08:41:44,386 INFO  ExportPropertyManager.cs: 1136 - OnNumberBoxTrackingCompleted called. This method no longer throws an Exception. It just silently does nothing. Ok, except for this logging message
2025-09-10 08:41:51,655 INFO  ExportPropertyManager.cs: 1018 - OnComboboxSelectionChanged called. This method no longer throws an Exception. It just silently does nothing. Ok, except for this logging message
2025-09-10 08:41:53,148 INFO  ExportPropertyManager.cs: 1018 - OnComboboxSelectionChanged called. This method no longer throws an Exception. It just silently does nothing. Ok, except for this logging message
2025-09-10 08:41:57,540 INFO  ExportPropertyManager.cs: 1018 - OnComboboxSelectionChanged called. This method no longer throws an Exception. It just silently does nothing. Ok, except for this logging message
2025-09-10 08:41:59,085 INFO  ExportPropertyManager.cs: 1018 - OnComboboxSelectionChanged called. This method no longer throws an Exception. It just silently does nothing. Ok, except for this logging message
2025-09-10 08:42:03,047 INFO  ExportPropertyManager.cs: 1018 - OnComboboxSelectionChanged called. This method no longer throws an Exception. It just silently does nothing. Ok, except for this logging message
2025-09-10 08:42:04,624 INFO  ExportPropertyManager.cs: 1018 - OnComboboxSelectionChanged called. This method no longer throws an Exception. It just silently does nothing. Ok, except for this logging message
2025-09-10 08:42:09,252 INFO  ExportPropertyManager.cs: 1018 - OnComboboxSelectionChanged called. This method no longer throws an Exception. It just silently does nothing. Ok, except for this logging message
2025-09-10 08:42:10,662 INFO  ExportPropertyManager.cs: 1018 - OnComboboxSelectionChanged called. This method no longer throws an Exception. It just silently does nothing. Ok, except for this logging message
2025-09-10 08:42:14,303 INFO  ExportPropertyManager.cs: 1018 - OnComboboxSelectionChanged called. This method no longer throws an Exception. It just silently does nothing. Ok, except for this logging message
2025-09-10 08:42:15,838 INFO  ExportPropertyManager.cs: 1018 - OnComboboxSelectionChanged called. This method no longer throws an Exception. It just silently does nothing. Ok, except for this logging message
2025-09-10 08:42:20,115 INFO  ExportPropertyManager.cs: 1018 - OnComboboxSelectionChanged called. This method no longer throws an Exception. It just silently does nothing. Ok, except for this logging message
2025-09-10 08:42:21,934 INFO  ExportPropertyManager.cs: 1018 - OnComboboxSelectionChanged called. This method no longer throws an Exception. It just silently does nothing. Ok, except for this logging message
2025-09-10 08:42:26,180 INFO  ExportPropertyManager.cs: 1018 - OnComboboxSelectionChanged called. This method no longer throws an Exception. It just silently does nothing. Ok, except for this logging message
2025-09-10 08:42:27,635 INFO  ExportPropertyManager.cs: 1018 - OnComboboxSelectionChanged called. This method no longer throws an Exception. It just silently does nothing. Ok, except for this logging message
2025-09-10 08:42:32,918 INFO  ExportPropertyManager.cs: 1018 - OnComboboxSelectionChanged called. This method no longer throws an Exception. It just silently does nothing. Ok, except for this logging message
2025-09-10 08:42:35,855 INFO  ExportPropertyManager.cs: 1018 - OnComboboxSelectionChanged called. This method no longer throws an Exception. It just silently does nothing. Ok, except for this logging message
2025-09-10 08:43:02,011 INFO  ExportPropertyManager.cs: 1018 - OnComboboxSelectionChanged called. This method no longer throws an Exception. It just silently does nothing. Ok, except for this logging message
2025-09-10 08:43:04,151 INFO  ExportPropertyManager.cs: 1018 - OnComboboxSelectionChanged called. This method no longer throws an Exception. It just silently does nothing. Ok, except for this logging message
2025-09-10 08:43:06,429 INFO  ExportPropertyManager.cs: 1018 - OnComboboxSelectionChanged called. This method no longer throws an Exception. It just silently does nothing. Ok, except for this logging message
2025-09-10 08:43:16,548 INFO  ExportPropertyManager.cs: 1018 - OnComboboxSelectionChanged called. This method no longer throws an Exception. It just silently does nothing. Ok, except for this logging message
2025-09-10 08:43:19,518 INFO  ExportPropertyManager.cs: 1018 - OnComboboxSelectionChanged called. This method no longer throws an Exception. It just silently does nothing. Ok, except for this logging message
2025-09-10 08:43:33,789 INFO  ExportPropertyManager.cs: 1018 - OnComboboxSelectionChanged called. This method no longer throws an Exception. It just silently does nothing. Ok, except for this logging message
2025-09-10 08:43:35,973 INFO  ExportPropertyManager.cs: 1018 - OnComboboxSelectionChanged called. This method no longer throws an Exception. It just silently does nothing. Ok, except for this logging message
2025-09-10 08:43:50,323 INFO  ExportPropertyManager.cs: 1018 - OnComboboxSelectionChanged called. This method no longer throws an Exception. It just silently does nothing. Ok, except for this logging message
2025-09-10 08:44:04,221 INFO  ExportPropertyManager.cs: 1018 - OnComboboxSelectionChanged called. This method no longer throws an Exception. It just silently does nothing. Ok, except for this logging message
2025-09-10 08:44:05,675 INFO  ExportPropertyManager.cs: 1018 - OnComboboxSelectionChanged called. This method no longer throws an Exception. It just silently does nothing. Ok, except for this logging message
2025-09-10 08:44:07,229 INFO  ExportPropertyManager.cs: 1018 - OnComboboxSelectionChanged called. This method no longer throws an Exception. It just silently does nothing. Ok, except for this logging message
2025-09-10 08:44:20,845 INFO  ExportPropertyManager.cs: 1018 - OnComboboxSelectionChanged called. This method no longer throws an Exception. It just silently does nothing. Ok, except for this logging message
2025-09-10 08:44:33,540 INFO  ExportPropertyManager.cs: 1018 - OnComboboxSelectionChanged called. This method no longer throws an Exception. It just silently does nothing. Ok, except for this logging message
2025-09-10 08:44:37,054 INFO  ExportPropertyManager.cs: 1018 - OnComboboxSelectionChanged called. This method no longer throws an Exception. It just silently does nothing. Ok, except for this logging message
2025-09-10 08:44:39,879 INFO  ExportPropertyManager.cs: 1018 - OnComboboxSelectionChanged called. This method no longer throws an Exception. It just silently does nothing. Ok, except for this logging message
2025-09-10 08:44:43,396 INFO  ExportPropertyManager.cs: 1018 - OnComboboxSelectionChanged called. This method no longer throws an Exception. It just silently does nothing. Ok, except for this logging message
2025-09-10 08:44:46,171 INFO  ExportPropertyManager.cs: 1018 - OnComboboxSelectionChanged called. This method no longer throws an Exception. It just silently does nothing. Ok, except for this logging message
2025-09-10 08:44:49,325 INFO  ExportPropertyManager.cs: 1018 - OnComboboxSelectionChanged called. This method no longer throws an Exception. It just silently does nothing. Ok, except for this logging message
2025-09-10 08:46:48,137 INFO  ExportPropertyManager.cs: 422 - Configuration saved
2025-09-10 08:46:48,145 INFO  ConfigurationSerialization.cs: 276 - URDF Configuration found
<Link z:Id="i1" xmlns="http://schemas.datacontract.org/2004/07/SW2URDF" xmlns:i="http://www.w3.org/2001/XMLSchema-instance" xmlns:z="http://schemas.microsoft.com/2003/10/Serialization/"><Attributes><Attribute z:Id="i2"><AttributeType>name</AttributeType><IsRequired>true</IsRequired><Value i:type="a:string" xmlns:a="http://www.w3.org/2001/XMLSchema">base_link</Value></Attribute></Attributes><ChildElements><URDFElement z:Id="i3" i:type="Inertial"><Attributes/><ChildElements><URDFElement z:Id="i4" i:type="Origin"><Attributes><Attribute z:Id="i5"><AttributeType>xyz</AttributeType><IsRequired>true</IsRequired><Value i:type="a:ArrayOfdouble" xmlns:a="http://schemas.microsoft.com/2003/10/Serialization/Arrays"><a:double>0.18150805064388537</a:double><a:double>-0.0004794508119103924</a:double><a:double>0.22234280245785115</a:double></Value></Attribute><Attribute z:Id="i6"><AttributeType>rpy</AttributeType><IsRequired>true</IsRequired><Value i:type="a:ArrayOfdouble" xmlns:a="http://schemas.microsoft.com/2003/10/Serialization/Arrays"><a:double>0</a:double><a:double>0</a:double><a:double>0</a:double></Value></Attribute></Attributes><ChildElements/><ElementName>origin</ElementName><required>false</required><RPYAttribute z:Ref="i6"/><XYZAttribute z:Ref="i5"/><isCustomized>false</isCustomized></URDFElement><URDFElement z:Id="i7" i:type="Mass"><Attributes><Attribute z:Id="i8"><AttributeType>value</AttributeType><IsRequired>true</IsRequired><Value i:type="a:double" xmlns:a="http://www.w3.org/2001/XMLSchema">13.443297507664827</Value></Attribute></Attributes><ChildElements/><ElementName>mass</ElementName><required>false</required><ValueAttribute z:Ref="i8"/></URDFElement><URDFElement z:Id="i9" i:type="Inertia"><Attributes><Attribute z:Id="i10"><AttributeType>ixx</AttributeType><IsRequired>true</IsRequired><Value i:type="a:double" xmlns:a="http://www.w3.org/2001/XMLSchema">0.28164858628336104</Value></Attribute><Attribute z:Id="i11"><AttributeType>ixy</AttributeType><IsRequired>true</IsRequired><Value i:type="a:double" xmlns:a="http://www.w3.org/2001/XMLSchema">0.00012588712911322666</Value></Attribute><Attribute z:Id="i12"><AttributeType>ixz</AttributeType><IsRequired>true</IsRequired><Value i:type="a:double" xmlns:a="http://www.w3.org/2001/XMLSchema">0.0013750082500362411</Value></Attribute><Attribute z:Id="i13"><AttributeType>iyy</AttributeType><IsRequired>true</IsRequired><Value i:type="a:double" xmlns:a="http://www.w3.org/2001/XMLSchema">0.27510072324414692</Value></Attribute><Attribute z:Id="i14"><AttributeType>iyz</AttributeType><IsRequired>true</IsRequired><Value i:type="a:double" xmlns:a="http://www.w3.org/2001/XMLSchema">-1.9257940804252346E-05</Value></Attribute><Attribute z:Id="i15"><AttributeType>izz</AttributeType><IsRequired>true</IsRequired><Value i:type="a:double" xmlns:a="http://www.w3.org/2001/XMLSchema">0.18796558298456004</Value></Attribute></Attributes><ChildElements/><ElementName>inertia</ElementName><required>false</required><IxxAttribute z:Ref="i10"/><IxyAttribute z:Ref="i11"/><IxzAttribute z:Ref="i12"/><IyyAttribute z:Ref="i13"/><IyzAttribute z:Ref="i14"/><IzzAttribute z:Ref="i15"/></URDFElement></ChildElements><ElementName>inertial</ElementName><required>false</required><Inertia z:Ref="i9"/><Mass z:Ref="i7"/><Origin z:Ref="i4"/></URDFElement><URDFElement z:Id="i16" i:type="Visual"><Attributes/><ChildElements><URDFElement z:Id="i17" i:type="Origin"><Attributes><Attribute z:Id="i18"><AttributeType>xyz</AttributeType><IsRequired>true</IsRequired><Value i:type="a:ArrayOfdouble" xmlns:a="http://schemas.microsoft.com/2003/10/Serialization/Arrays"><a:double>0</a:double><a:double>0</a:double><a:double>0</a:double></Value></Attribute><Attribute z:Id="i19"><AttributeType>rpy</AttributeType><IsRequired>true</IsRequired><Value i:type="a:ArrayOfdouble" xmlns:a="http://schemas.microsoft.com/2003/10/Serialization/Arrays"><a:double>0</a:double><a:double>0</a:double><a:double>0</a:double></Value></Attribute></Attributes><ChildElements/><ElementName>origin</ElementName><required>false</required><RPYAttribute z:Ref="i19"/><XYZAttribute z:Ref="i18"/><isCustomized>false</isCustomized></URDFElement><URDFElement z:Id="i20" i:type="Geometry"><Attributes/><ChildElements><URDFElement z:Id="i21" i:type="Mesh"><Attributes><Attribute z:Id="i22"><AttributeType>filename</AttributeType><IsRequired>true</IsRequired><Value i:nil="true"/></Attribute></Attributes><ChildElements/><ElementName>mesh</ElementName><required>false</required><FilenameAttribute z:Ref="i22"/></URDFElement></ChildElements><ElementName>geometry</ElementName><required>true</required><Mesh z:Ref="i21"/></URDFElement><URDFElement z:Id="i23" i:type="Material"><Attributes><Attribute z:Id="i24"><AttributeType>name</AttributeType><IsRequired>true</IsRequired><Value i:type="a:string" xmlns:a="http://www.w3.org/2001/XMLSchema"/></Attribute></Attributes><ChildElements><URDFElement z:Id="i25" i:type="Color"><Attributes><Attribute z:Id="i26"><AttributeType>rgba</AttributeType><IsRequired>true</IsRequired><Value i:type="a:ArrayOfdouble" xmlns:a="http://schemas.microsoft.com/2003/10/Serialization/Arrays"><a:double>0.77647058823529413</a:double><a:double>0.75686274509803919</a:double><a:double>0.73725490196078436</a:double><a:double>1</a:double></Value></Attribute></Attributes><ChildElements/><ElementName>color</ElementName><required>false</required><RGBAAttribute z:Ref="i26"/></URDFElement><URDFElement z:Id="i27" i:type="Texture"><Attributes><Attribute z:Id="i28"><AttributeType>filename</AttributeType><IsRequired>true</IsRequired><Value i:nil="true"/></Attribute></Attributes><ChildElements/><ElementName>texture</ElementName><required>false</required><FilenameAttribute z:Ref="i28"/><wFilename/></URDFElement></ChildElements><ElementName>material</ElementName><required>false</required><Color z:Ref="i25"/><NameAttribute z:Ref="i24"/><Texture z:Ref="i27"/></URDFElement></ChildElements><ElementName>visual</ElementName><required>false</required><Geometry z:Ref="i20"/><Material z:Ref="i23"/><Origin z:Ref="i17"/></URDFElement><URDFElement z:Id="i29" i:type="Collision"><Attributes/><ChildElements><URDFElement z:Id="i30" i:type="Origin"><Attributes><Attribute z:Id="i31"><AttributeType>xyz</AttributeType><IsRequired>true</IsRequired><Value i:type="a:ArrayOfdouble" xmlns:a="http://schemas.microsoft.com/2003/10/Serialization/Arrays"><a:double>0</a:double><a:double>0</a:double><a:double>0</a:double></Value></Attribute><Attribute z:Id="i32"><AttributeType>rpy</AttributeType><IsRequired>true</IsRequired><Value i:type="a:ArrayOfdouble" xmlns:a="http://schemas.microsoft.com/2003/10/Serialization/Arrays"><a:double>0</a:double><a:double>0</a:double><a:double>0</a:double></Value></Attribute></Attributes><ChildElements/><ElementName>origin</ElementName><required>false</required><RPYAttribute z:Ref="i32"/><XYZAttribute z:Ref="i31"/><isCustomized>false</isCustomized></URDFElement><URDFElement z:Id="i33" i:type="Geometry"><Attributes/><ChildElements><URDFElement z:Id="i34" i:type="Mesh"><Attributes><Attribute z:Id="i35"><AttributeType>filename</AttributeType><IsRequired>true</IsRequired><Value i:nil="true"/></Attribute></Attributes><ChildElements/><ElementName>mesh</ElementName><required>false</required><FilenameAttribute z:Ref="i35"/></URDFElement></ChildElements><ElementName>geometry</ElementName><required>true</required><Mesh z:Ref="i34"/></URDFElement></ChildElements><ElementName>collision</ElementName><required>false</required><Geometry z:Ref="i33"/><Origin z:Ref="i30"/></URDFElement><URDFElement z:Id="i36" i:type="Joint"><Attributes><Attribute z:Id="i37"><AttributeType>name</AttributeType><IsRequired>true</IsRequired><Value i:type="a:string" xmlns:a="http://www.w3.org/2001/XMLSchema"/></Attribute><Attribute z:Id="i38"><AttributeType>type</AttributeType><IsRequired>true</IsRequired><Value i:type="a:string" xmlns:a="http://www.w3.org/2001/XMLSchema"/></Attribute></Attributes><ChildElements><URDFElement z:Id="i39" i:type="Origin"><Attributes><Attribute z:Id="i40"><AttributeType>xyz</AttributeType><IsRequired>true</IsRequired><Value i:type="a:ArrayOfdouble" xmlns:a="http://schemas.microsoft.com/2003/10/Serialization/Arrays"><a:double>0</a:double><a:double>0</a:double><a:double>0</a:double></Value></Attribute><Attribute z:Id="i41"><AttributeType>rpy</AttributeType><IsRequired>true</IsRequired><Value i:type="a:ArrayOfdouble" xmlns:a="http://schemas.microsoft.com/2003/10/Serialization/Arrays"><a:double>0</a:double><a:double>0</a:double><a:double>0</a:double></Value></Attribute></Attributes><ChildElements/><ElementName>origin</ElementName><required>false</required><RPYAttribute z:Ref="i41"/><XYZAttribute z:Ref="i40"/><isCustomized>false</isCustomized></URDFElement><URDFElement z:Id="i42" i:type="ParentLink"><Attributes><Attribute z:Id="i43"><AttributeType>link</AttributeType><IsRequired>true</IsRequired><Value i:type="a:string" xmlns:a="http://www.w3.org/2001/XMLSchema"/></Attribute></Attributes><ChildElements/><ElementName>parent</ElementName><required>true</required><NameAttribute z:Ref="i43"/></URDFElement><URDFElement z:Id="i44" i:type="ChildLink"><Attributes><Attribute z:Id="i45"><AttributeType>link</AttributeType><IsRequired>true</IsRequired><Value i:type="a:string" xmlns:a="http://www.w3.org/2001/XMLSchema"/></Attribute></Attributes><ChildElements/><ElementName>child</ElementName><required>true</required><NameAttribute z:Ref="i45"/></URDFElement><URDFElement z:Id="i46" i:type="Axis"><Attributes><Attribute z:Id="i47"><AttributeType>xyz</AttributeType><IsRequired>true</IsRequired><Value i:type="a:ArrayOfdouble" xmlns:a="http://schemas.microsoft.com/2003/10/Serialization/Arrays"><a:double>0</a:double><a:double>0</a:double><a:double>0</a:double></Value></Attribute></Attributes><ChildElements/><ElementName>axis</ElementName><required>false</required><XYZAttribute z:Ref="i47"/></URDFElement><URDFElement z:Id="i48" i:type="Limit"><Attributes><Attribute z:Id="i49"><AttributeType>lower</AttributeType><IsRequired>false</IsRequired><Value i:nil="true"/></Attribute><Attribute z:Id="i50"><AttributeType>upper</AttributeType><IsRequired>false</IsRequired><Value i:nil="true"/></Attribute><Attribute z:Id="i51"><AttributeType>effort</AttributeType><IsRequired>true</IsRequired><Value i:nil="true"/></Attribute><Attribute z:Id="i52"><AttributeType>velocity</AttributeType><IsRequired>true</IsRequired><Value i:nil="true"/></Attribute></Attributes><ChildElements/><ElementName>limit</ElementName><required>false</required><EffortAttribute z:Ref="i51"/><LowerAttribute z:Ref="i49"/><UpperAttribute z:Ref="i50"/><VelocityAttribute z:Ref="i52"/></URDFElement><URDFElement z:Id="i53" i:type="Calibration"><Attributes><Attribute z:Id="i54"><AttributeType>rising</AttributeType><IsRequired>false</IsRequired><Value i:nil="true"/></Attribute><Attribute z:Id="i55"><AttributeType>falling</AttributeType><IsRequired>false</IsRequired><Value i:nil="true"/></Attribute></Attributes><ChildElements/><ElementName>calibration</ElementName><required>false</required><FallingAttribute z:Ref="i55"/><RisingAttribute z:Ref="i54"/></URDFElement><URDFElement z:Id="i56" i:type="Dynamics"><Attributes><Attribute z:Id="i57"><AttributeType>damping</AttributeType><IsRequired>false</IsRequired><Value i:nil="true"/></Attribute><Attribute z:Id="i58"><AttributeType>friction</AttributeType><IsRequired>false</IsRequired><Value i:nil="true"/></Attribute></Attributes><ChildElements/><ElementName>dynamics</ElementName><required>false</required><DampingAttribute z:Ref="i57"/><FrictionAttribute z:Ref="i58"/></URDFElement><URDFElement z:Id="i59" i:type="SafetyController"><Attributes><Attribute z:Id="i60"><AttributeType>soft_upper_limit</AttributeType><IsRequired>false</IsRequired><Value i:nil="true"/></Attribute><Attribute z:Id="i61"><AttributeType>soft_lower_limit</AttributeType><IsRequired>false</IsRequired><Value i:nil="true"/></Attribute><Attribute z:Id="i62"><AttributeType>k_position</AttributeType><IsRequired>false</IsRequired><Value i:nil="true"/></Attribute><Attribute z:Id="i63"><AttributeType>k_velocity</AttributeType><IsRequired>true</IsRequired><Value i:nil="true"/></Attribute></Attributes><ChildElements/><ElementName>safety_controller</ElementName><required>false</required><KPositionAttribute z:Ref="i62"/><KVelocityAttribute z:Ref="i63"/><SoftLowerAttribute z:Ref="i61"/><SoftUpperAttribute z:Ref="i60"/></URDFElement><URDFElement z:Id="i64" i:type="Mimic"><Attributes><Attribute z:Id="i65"><AttributeType>joint</AttributeType><IsRequired>true</IsRequired><Value i:nil="true"/></Attribute><Attribute z:Id="i66"><AttributeType>multiplier</AttributeType><IsRequired>false</IsRequired><Value i:nil="true"/></Attribute><Attribute z:Id="i67"><AttributeType>offset</AttributeType><IsRequired>false</IsRequired><Value i:nil="true"/></Attribute></Attributes><ChildElements/><ElementName>mimic</ElementName><required>false</required><JointNameAttribute z:Ref="i65"/><MultiplierAttribute z:Ref="i66"/><OffsetAttribute z:Ref="i67"/></URDFElement></ChildElements><ElementName>joint</ElementName><required>false</required><Axis z:Ref="i46"/><AxisName/><Calibration z:Ref="i53"/><Child z:Ref="i44"/><CoordinateSystemName>Origin_global</CoordinateSystemName><Dynamics z:Ref="i56"/><Limit z:Ref="i48"/><Mimic z:Ref="i64"/><NameAttribute z:Ref="i37"/><Origin z:Ref="i39"/><Parent z:Ref="i42"/><Safety z:Ref="i59"/><TypeAttribute z:Ref="i38"/></URDFElement></ChildElements><ElementName>link</ElementName><required>true</required><Children><Link z:Id="i68"><Attributes><Attribute z:Id="i69"><AttributeType>name</AttributeType><IsRequired>true</IsRequired><Value i:type="a:string" xmlns:a="http://www.w3.org/2001/XMLSchema">left_wheel_Link</Value></Attribute></Attributes><ChildElements><URDFElement z:Id="i70" i:type="Inertial"><Attributes/><ChildElements><URDFElement z:Id="i71" i:type="Origin"><Attributes><Attribute z:Id="i72"><AttributeType>xyz</AttributeType><IsRequired>true</IsRequired><Value i:type="a:ArrayOfdouble" xmlns:a="http://schemas.microsoft.com/2003/10/Serialization/Arrays"><a:double>5.6509876333876718E-08</a:double><a:double>-0.00010754159839171384</a:double><a:double>3.1067551917217731E-07</a:double></Value></Attribute><Attribute z:Id="i73"><AttributeType>rpy</AttributeType><IsRequired>true</IsRequired><Value i:type="a:ArrayOfdouble" xmlns:a="http://schemas.microsoft.com/2003/10/Serialization/Arrays"><a:double>0</a:double><a:double>0</a:double><a:double>0</a:double></Value></Attribute></Attributes><ChildElements/><ElementName>origin</ElementName><required>false</required><RPYAttribute z:Ref="i73"/><XYZAttribute z:Ref="i72"/><isCustomized>false</isCustomized></URDFElement><URDFElement z:Id="i74" i:type="Mass"><Attributes><Attribute z:Id="i75"><AttributeType>value</AttributeType><IsRequired>true</IsRequired><Value i:type="a:double" xmlns:a="http://www.w3.org/2001/XMLSchema">0.91395795888233677</Value></Attribute></Attributes><ChildElements/><ElementName>mass</ElementName><required>false</required><ValueAttribute z:Ref="i75"/></URDFElement><URDFElement z:Id="i76" i:type="Inertia"><Attributes><Attribute z:Id="i77"><AttributeType>ixx</AttributeType><IsRequired>true</IsRequired><Value i:type="a:double" xmlns:a="http://www.w3.org/2001/XMLSchema">0.0015655439913776145</Value></Attribute><Attribute z:Id="i78"><AttributeType>ixy</AttributeType><IsRequired>true</IsRequired><Value i:type="a:double" xmlns:a="http://www.w3.org/2001/XMLSchema">-7.840527367838067E-10</Value></Attribute><Attribute z:Id="i79"><AttributeType>ixz</AttributeType><IsRequired>true</IsRequired><Value i:type="a:double" xmlns:a="http://www.w3.org/2001/XMLSchema">2.6839364578144073E-09</Value></Attribute><Attribute z:Id="i80"><AttributeType>iyy</AttributeType><IsRequired>true</IsRequired><Value i:type="a:double" xmlns:a="http://www.w3.org/2001/XMLSchema">0.0029530133410898374</Value></Attribute><Attribute z:Id="i81"><AttributeType>iyz</AttributeType><IsRequired>true</IsRequired><Value i:type="a:double" xmlns:a="http://www.w3.org/2001/XMLSchema">-2.2142536415225181E-09</Value></Attribute><Attribute z:Id="i82"><AttributeType>izz</AttributeType><IsRequired>true</IsRequired><Value i:type="a:double" xmlns:a="http://www.w3.org/2001/XMLSchema">0.0015655620511138869</Value></Attribute></Attributes><ChildElements/><ElementName>inertia</ElementName><required>false</required><IxxAttribute z:Ref="i77"/><IxyAttribute z:Ref="i78"/><IxzAttribute z:Ref="i79"/><IyyAttribute z:Ref="i80"/><IyzAttribute z:Ref="i81"/><IzzAttribute z:Ref="i82"/></URDFElement></ChildElements><ElementName>inertial</ElementName><required>false</required><Inertia z:Ref="i76"/><Mass z:Ref="i74"/><Origin z:Ref="i71"/></URDFElement><URDFElement z:Id="i83" i:type="Visual"><Attributes/><ChildElements><URDFElement z:Id="i84" i:type="Origin"><Attributes><Attribute z:Id="i85"><AttributeType>xyz</AttributeType><IsRequired>true</IsRequired><Value i:type="a:ArrayOfdouble" xmlns:a="http://schemas.microsoft.com/2003/10/Serialization/Arrays"><a:double>0</a:double><a:double>0</a:double><a:double>0</a:double></Value></Attribute><Attribute z:Id="i86"><AttributeType>rpy</AttributeType><IsRequired>true</IsRequired><Value i:type="a:ArrayOfdouble" xmlns:a="http://schemas.microsoft.com/2003/10/Serialization/Arrays"><a:double>0</a:double><a:double>0</a:double><a:double>0</a:double></Value></Attribute></Attributes><ChildElements/><ElementName>origin</ElementName><required>false</required><RPYAttribute z:Ref="i86"/><XYZAttribute z:Ref="i85"/><isCustomized>false</isCustomized></URDFElement><URDFElement z:Id="i87" i:type="Geometry"><Attributes/><ChildElements><URDFElement z:Id="i88" i:type="Mesh"><Attributes><Attribute z:Id="i89"><AttributeType>filename</AttributeType><IsRequired>true</IsRequired><Value i:nil="true"/></Attribute></Attributes><ChildElements/><ElementName>mesh</ElementName><required>false</required><FilenameAttribute z:Ref="i89"/></URDFElement></ChildElements><ElementName>geometry</ElementName><required>true</required><Mesh z:Ref="i88"/></URDFElement><URDFElement z:Id="i90" i:type="Material"><Attributes><Attribute z:Id="i91"><AttributeType>name</AttributeType><IsRequired>true</IsRequired><Value i:type="a:string" xmlns:a="http://www.w3.org/2001/XMLSchema"/></Attribute></Attributes><ChildElements><URDFElement z:Id="i92" i:type="Color"><Attributes><Attribute z:Id="i93"><AttributeType>rgba</AttributeType><IsRequired>true</IsRequired><Value i:type="a:ArrayOfdouble" xmlns:a="http://schemas.microsoft.com/2003/10/Serialization/Arrays"><a:double>0.792156862745098</a:double><a:double>0.81960784313725488</a:double><a:double>0.93333333333333335</a:double><a:double>1</a:double></Value></Attribute></Attributes><ChildElements/><ElementName>color</ElementName><required>false</required><RGBAAttribute z:Ref="i93"/></URDFElement><URDFElement z:Id="i94" i:type="Texture"><Attributes><Attribute z:Id="i95"><AttributeType>filename</AttributeType><IsRequired>true</IsRequired><Value i:nil="true"/></Attribute></Attributes><ChildElements/><ElementName>texture</ElementName><required>false</required><FilenameAttribute z:Ref="i95"/><wFilename/></URDFElement></ChildElements><ElementName>material</ElementName><required>false</required><Color z:Ref="i92"/><NameAttribute z:Ref="i91"/><Texture z:Ref="i94"/></URDFElement></ChildElements><ElementName>visual</ElementName><required>false</required><Geometry z:Ref="i87"/><Material z:Ref="i90"/><Origin z:Ref="i84"/></URDFElement><URDFElement z:Id="i96" i:type="Collision"><Attributes/><ChildElements><URDFElement z:Id="i97" i:type="Origin"><Attributes><Attribute z:Id="i98"><AttributeType>xyz</AttributeType><IsRequired>true</IsRequired><Value i:type="a:ArrayOfdouble" xmlns:a="http://schemas.microsoft.com/2003/10/Serialization/Arrays"><a:double>0</a:double><a:double>0</a:double><a:double>0</a:double></Value></Attribute><Attribute z:Id="i99"><AttributeType>rpy</AttributeType><IsRequired>true</IsRequired><Value i:type="a:ArrayOfdouble" xmlns:a="http://schemas.microsoft.com/2003/10/Serialization/Arrays"><a:double>0</a:double><a:double>0</a:double><a:double>0</a:double></Value></Attribute></Attributes><ChildElements/><ElementName>origin</ElementName><required>false</required><RPYAttribute z:Ref="i99"/><XYZAttribute z:Ref="i98"/><isCustomized>false</isCustomized></URDFElement><URDFElement z:Id="i100" i:type="Geometry"><Attributes/><ChildElements><URDFElement z:Id="i101" i:type="Mesh"><Attributes><Attribute z:Id="i102"><AttributeType>filename</AttributeType><IsRequired>true</IsRequired><Value i:nil="true"/></Attribute></Attributes><ChildElements/><ElementName>mesh</ElementName><required>false</required><FilenameAttribute z:Ref="i102"/></URDFElement></ChildElements><ElementName>geometry</ElementName><required>true</required><Mesh z:Ref="i101"/></URDFElement></ChildElements><ElementName>collision</ElementName><required>false</required><Geometry z:Ref="i100"/><Origin z:Ref="i97"/></URDFElement><URDFElement z:Id="i103" i:type="Joint"><Attributes><Attribute z:Id="i104"><AttributeType>name</AttributeType><IsRequired>true</IsRequired><Value i:type="a:string" xmlns:a="http://www.w3.org/2001/XMLSchema">left_wheel_joint</Value></Attribute><Attribute z:Id="i105"><AttributeType>type</AttributeType><IsRequired>true</IsRequired><Value i:type="a:string" xmlns:a="http://www.w3.org/2001/XMLSchema">continuous</Value></Attribute></Attributes><ChildElements><URDFElement z:Id="i106" i:type="Origin"><Attributes><Attribute z:Id="i107"><AttributeType>xyz</AttributeType><IsRequired>true</IsRequired><Value i:type="a:ArrayOfdouble" xmlns:a="http://schemas.microsoft.com/2003/10/Serialization/Arrays"><a:double>5E-05</a:double><a:double>0.2146</a:double><a:double>-0.002</a:double></Value></Attribute><Attribute z:Id="i108"><AttributeType>rpy</AttributeType><IsRequired>true</IsRequired><Value i:type="a:ArrayOfdouble" xmlns:a="http://schemas.microsoft.com/2003/10/Serialization/Arrays"><a:double>0</a:double><a:double>0</a:double><a:double>0</a:double></Value></Attribute></Attributes><ChildElements/><ElementName>origin</ElementName><required>false</required><RPYAttribute z:Ref="i108"/><XYZAttribute z:Ref="i107"/><isCustomized>false</isCustomized></URDFElement><URDFElement z:Id="i109" i:type="ParentLink"><Attributes><Attribute z:Id="i110"><AttributeType>link</AttributeType><IsRequired>true</IsRequired><Value i:type="a:string" xmlns:a="http://www.w3.org/2001/XMLSchema">base_link</Value></Attribute></Attributes><ChildElements/><ElementName>parent</ElementName><required>true</required><NameAttribute z:Ref="i110"/></URDFElement><URDFElement z:Id="i111" i:type="ChildLink"><Attributes><Attribute z:Id="i112"><AttributeType>link</AttributeType><IsRequired>true</IsRequired><Value i:type="a:string" xmlns:a="http://www.w3.org/2001/XMLSchema">left_wheel_Link</Value></Attribute></Attributes><ChildElements/><ElementName>child</ElementName><required>true</required><NameAttribute z:Ref="i112"/></URDFElement><URDFElement z:Id="i113" i:type="Axis"><Attributes><Attribute z:Id="i114"><AttributeType>xyz</AttributeType><IsRequired>true</IsRequired><Value i:type="a:ArrayOfdouble" xmlns:a="http://schemas.microsoft.com/2003/10/Serialization/Arrays"><a:double>0.00023299</a:double><a:double>1</a:double><a:double>0</a:double></Value></Attribute></Attributes><ChildElements/><ElementName>axis</ElementName><required>false</required><XYZAttribute z:Ref="i114"/></URDFElement><URDFElement z:Id="i115" i:type="Limit"><Attributes><Attribute z:Id="i116"><AttributeType>lower</AttributeType><IsRequired>false</IsRequired><Value i:nil="true"/></Attribute><Attribute z:Id="i117"><AttributeType>upper</AttributeType><IsRequired>false</IsRequired><Value i:nil="true"/></Attribute><Attribute z:Id="i118"><AttributeType>effort</AttributeType><IsRequired>true</IsRequired><Value i:nil="true"/></Attribute><Attribute z:Id="i119"><AttributeType>velocity</AttributeType><IsRequired>true</IsRequired><Value i:nil="true"/></Attribute></Attributes><ChildElements/><ElementName>limit</ElementName><required>false</required><EffortAttribute z:Ref="i118"/><LowerAttribute z:Ref="i116"/><UpperAttribute z:Ref="i117"/><VelocityAttribute z:Ref="i119"/></URDFElement><URDFElement z:Id="i120" i:type="Calibration"><Attributes><Attribute z:Id="i121"><AttributeType>rising</AttributeType><IsRequired>false</IsRequired><Value i:nil="true"/></Attribute><Attribute z:Id="i122"><AttributeType>falling</AttributeType><IsRequired>false</IsRequired><Value i:nil="true"/></Attribute></Attributes><ChildElements/><ElementName>calibration</ElementName><required>false</required><FallingAttribute z:Ref="i122"/><RisingAttribute z:Ref="i121"/></URDFElement><URDFElement z:Id="i123" i:type="Dynamics"><Attributes><Attribute z:Id="i124"><AttributeType>damping</AttributeType><IsRequired>false</IsRequired><Value i:nil="true"/></Attribute><Attribute z:Id="i125"><AttributeType>friction</AttributeType><IsRequired>false</IsRequired><Value i:nil="true"/></Attribute></Attributes><ChildElements/><ElementName>dynamics</ElementName><required>false</required><DampingAttribute z:Ref="i124"/><FrictionAttribute z:Ref="i125"/></URDFElement><URDFElement z:Id="i126" i:type="SafetyController"><Attributes><Attribute z:Id="i127"><AttributeType>soft_upper_limit</AttributeType><IsRequired>false</IsRequired><Value i:nil="true"/></Attribute><Attribute z:Id="i128"><AttributeType>soft_lower_limit</AttributeType><IsRequired>false</IsRequired><Value i:nil="true"/></Attribute><Attribute z:Id="i129"><AttributeType>k_position</AttributeType><IsRequired>false</IsRequired><Value i:nil="true"/></Attribute><Attribute z:Id="i130"><AttributeType>k_velocity</AttributeType><IsRequired>true</IsRequired><Value i:nil="true"/></Attribute></Attributes><ChildElements/><ElementName>safety_controller</ElementName><required>false</required><KPositionAttribute z:Ref="i129"/><KVelocityAttribute z:Ref="i130"/><SoftLowerAttribute z:Ref="i128"/><SoftUpperAttribute z:Ref="i127"/></URDFElement><URDFElement z:Id="i131" i:type="Mimic"><Attributes><Attribute z:Id="i132"><AttributeType>joint</AttributeType><IsRequired>true</IsRequired><Value i:nil="true"/></Attribute><Attribute z:Id="i133"><AttributeType>multiplier</AttributeType><IsRequired>false</IsRequired><Value i:nil="true"/></Attribute><Attribute z:Id="i134"><AttributeType>offset</AttributeType><IsRequired>false</IsRequired><Value i:nil="true"/></Attribute></Attributes><ChildElements/><ElementName>mimic</ElementName><required>false</required><JointNameAttribute z:Ref="i132"/><MultiplierAttribute z:Ref="i133"/><OffsetAttribute z:Ref="i134"/></URDFElement></ChildElements><ElementName>joint</ElementName><required>false</required><Axis z:Ref="i113"/><AxisName>??????????????????</AxisName><Calibration z:Ref="i120"/><Child z:Ref="i111"/><CoordinateSystemName>?????????????????????</CoordinateSystemName><Dynamics z:Ref="i123"/><Limit z:Ref="i115"/><Mimic z:Ref="i131"/><NameAttribute z:Ref="i104"/><Origin z:Ref="i106"/><Parent z:Ref="i109"/><Safety z:Ref="i126"/><TypeAttribute z:Ref="i105"/></URDFElement></ChildElements><ElementName>link</ElementName><required>true</required><Children/><Collision z:Ref="i96"/><Inertial z:Ref="i70"/><Joint z:Ref="i103"/><NameAttribute z:Ref="i69"/><Parent z:Ref="i1"/><STLQualityFine>false</STLQualityFine><SWComponentPIDs xmlns:a="http://schemas.microsoft.com/2003/10/Serialization/Arrays"><a:base64Binary>UEYAAAUAAAD//v+jbo/CazV1OmctADIAQACVXth2O2DFiF8ATQBpAGQAMwA2ADAASHIvAFoATABMAEcANgA1AEEAUwBNADIANQAwAC0ANAAwADkANgAgAFYAMgAuADAAVVP6UXSPLgBzAHQAcAAtADEAQABuj8JrNXU6Zy8ANgBfADUAQwAtAEIAWgBfAEEAUwBNAF8AQQBTAE0ALgBzAHQAcAAtADEAQABaAEwATABHADYANQBBAFMATQAyADUAMAAtADQAMAA5ADYAIABWADIALgAwAFVT+lF0jy4AcwB0AHAALwBNAEEATgBJAEYATwBMAEQAXwBTAE8ATABJAEQAXwBCAFIARQBQAF8ANgA2ADkANwBfADEAXwAxAC4AcwB0AHAALQAxAEAANgBfADUAQwAtAEIAWgBfAEEAUwBNAF8AQQBTAE0ALgBzAHQAcAAEAAAAEAAAAAEAAAAEAAAARwAAABkAAAARAAAAEwAAAA==</a:base64Binary><a:base64Binary>UEYAAAUAAAD//v/Nbo/CazV1OmctADIAQACVXth2O2DFiF8ATQBpAGQAMwA2ADAASHIvAFoATABMAEcANgA1AEEAUwBNADIANQAwAC0ANAAwADkANgAgAFYAMgAuADAAVVP6UXSPLgBzAHQAcAAtADEAQABuj8JrNXU6Zy8ANgBfADUAQwAtAEIAWgBfAEEAUwBNAF8AQQBTAE0ALgBzAHQAcAAtADEAQABaAEwATABHADYANQBBAFMATQAyADUAMAAtADQAMAA5ADYAIABWADIALgAwAFVT+lF0jy4AcwB0AHAALwA2AF8ANQBDAFUATgAtAEMASQBfAEEAUwBNAF8AQQBTAE0ALgBzAHQAcAAtADEAQAA2AF8ANQBDAC0AQgBaAF8AQQBTAE0AXwBBAFMATQAuAHMAdABwAC8ATQBBAE4ASQBGAE8ATABEAF8AUwBPAEwASQBEAF8AQgBSAEUAUABfADYANwAwADEALgBzAHQAcAAtADEAQAA2AF8ANQBDAFUATgAtAEMASQBfAEEAUwBNAF8AQQBTAE0ALgBzAHQAcAAEAAAAEAAAAAEAAAAFAAAARwAAABkAAAARAAAAEQAAABYAAAA=</a:base64Binary><a:base64Binary>UEYAAAUAAAD//v/Nbo/CazV1OmctADIAQACVXth2O2DFiF8ATQBpAGQAMwA2ADAASHIvAFoATABMAEcANgA1AEEAUwBNADIANQAwAC0ANAAwADkANgAgAFYAMgAuADAAVVP6UXSPLgBzAHQAcAAtADEAQABuj8JrNXU6Zy8ANgBfADUAQwAtAEIAWgBfAEEAUwBNAF8AQQBTAE0ALgBzAHQAcAAtADEAQABaAEwATABHADYANQBBAFMATQAyADUAMAAtADQAMAA5ADYAIABWADIALgAwAFVT+lF0jy4AcwB0AHAALwA2AF8ANQBDAFUATgAtAEMASQBfAEEAUwBNAF8AQQBTAE0ALgBzAHQAcAAtADEAQAA2AF8ANQBDAC0AQgBaAF8AQQBTAE0AXwBBAFMATQAuAHMAdABwAC8ATQBBAE4ASQBGAE8ATABEAF8AUwBPAEwASQBEAF8AQgBSAEUAUABfADYANwAwADAALgBzAHQAcAAtADEAQAA2AF8ANQBDAFUATgAtAEMASQBfAEEAUwBNAF8AQQBTAE0ALgBzAHQAcAAEAAAAEAAAAAEAAAAFAAAARwAAABkAAAARAAAAEQAAABUAAAA=</a:base64Binary></SWComponentPIDs><SWMainComponentPID i:nil="true"/><Visual z:Ref="i83"/><isFixedFrame>false</isFixedFrame><isIncomplete>false</isIncomplete></Link><Link z:Id="i135"><Attributes><Attribute z:Id="i136"><AttributeType>name</AttributeType><IsRequired>true</IsRequired><Value i:type="a:string" xmlns:a="http://www.w3.org/2001/XMLSchema">right_wheel_Link</Value></Attribute></Attributes><ChildElements><URDFElement z:Id="i137" i:type="Inertial"><Attributes/><ChildElements><URDFElement z:Id="i138" i:type="Origin"><Attributes><Attribute z:Id="i139"><AttributeType>xyz</AttributeType><IsRequired>true</IsRequired><Value i:type="a:ArrayOfdouble" xmlns:a="http://schemas.microsoft.com/2003/10/Serialization/Arrays"><a:double>-5.6509876333876718E-08</a:double><a:double>0.00010754159839165139</a:double><a:double>3.1067551918128461E-07</a:double></Value></Attribute><Attribute z:Id="i140"><AttributeType>rpy</AttributeType><IsRequired>true</IsRequired><Value i:type="a:ArrayOfdouble" xmlns:a="http://schemas.microsoft.com/2003/10/Serialization/Arrays"><a:double>0</a:double><a:double>0</a:double><a:double>0</a:double></Value></Attribute></Attributes><ChildElements/><ElementName>origin</ElementName><required>false</required><RPYAttribute z:Ref="i140"/><XYZAttribute z:Ref="i139"/><isCustomized>false</isCustomized></URDFElement><URDFElement z:Id="i141" i:type="Mass"><Attributes><Attribute z:Id="i142"><AttributeType>value</AttributeType><IsRequired>true</IsRequired><Value i:type="a:double" xmlns:a="http://www.w3.org/2001/XMLSchema">0.91395795888233655</Value></Attribute></Attributes><ChildElements/><ElementName>mass</ElementName><required>false</required><ValueAttribute z:Ref="i142"/></URDFElement><URDFElement z:Id="i143" i:type="Inertia"><Attributes><Attribute z:Id="i144"><AttributeType>ixx</AttributeType><IsRequired>true</IsRequired><Value i:type="a:double" xmlns:a="http://www.w3.org/2001/XMLSchema">0.0015655439913776139</Value></Attribute><Attribute z:Id="i145"><AttributeType>ixy</AttributeType><IsRequired>true</IsRequired><Value i:type="a:double" xmlns:a="http://www.w3.org/2001/XMLSchema">-7.8405273681109332E-10</Value></Attribute><Attribute z:Id="i146"><AttributeType>ixz</AttributeType><IsRequired>true</IsRequired><Value i:type="a:double" xmlns:a="http://www.w3.org/2001/XMLSchema">-2.6839364581080023E-09</Value></Attribute><Attribute z:Id="i147"><AttributeType>iyy</AttributeType><IsRequired>true</IsRequired><Value i:type="a:double" xmlns:a="http://www.w3.org/2001/XMLSchema">0.0029530133410898361</Value></Attribute><Attribute z:Id="i148"><AttributeType>iyz</AttributeType><IsRequired>true</IsRequired><Value i:type="a:double" xmlns:a="http://www.w3.org/2001/XMLSchema">2.2142536414020029E-09</Value></Attribute><Attribute z:Id="i149"><AttributeType>izz</AttributeType><IsRequired>true</IsRequired><Value i:type="a:double" xmlns:a="http://www.w3.org/2001/XMLSchema">0.0015655620511138872</Value></Attribute></Attributes><ChildElements/><ElementName>inertia</ElementName><required>false</required><IxxAttribute z:Ref="i144"/><IxyAttribute z:Ref="i145"/><IxzAttribute z:Ref="i146"/><IyyAttribute z:Ref="i147"/><IyzAttribute z:Ref="i148"/><IzzAttribute z:Ref="i149"/></URDFElement></ChildElements><ElementName>inertial</ElementName><required>false</required><Inertia z:Ref="i143"/><Mass z:Ref="i141"/><Origin z:Ref="i138"/></URDFElement><URDFElement z:Id="i150" i:type="Visual"><Attributes/><ChildElements><URDFElement z:Id="i151" i:type="Origin"><Attributes><Attribute z:Id="i152"><AttributeType>xyz</AttributeType><IsRequired>true</IsRequired><Value i:type="a:ArrayOfdouble" xmlns:a="http://schemas.microsoft.com/2003/10/Serialization/Arrays"><a:double>0</a:double><a:double>0</a:double><a:double>0</a:double></Value></Attribute><Attribute z:Id="i153"><AttributeType>rpy</AttributeType><IsRequired>true</IsRequired><Value i:type="a:ArrayOfdouble" xmlns:a="http://schemas.microsoft.com/2003/10/Serialization/Arrays"><a:double>0</a:double><a:double>0</a:double><a:double>0</a:double></Value></Attribute></Attributes><ChildElements/><ElementName>origin</ElementName><required>false</required><RPYAttribute z:Ref="i153"/><XYZAttribute z:Ref="i152"/><isCustomized>false</isCustomized></URDFElement><URDFElement z:Id="i154" i:type="Geometry"><Attributes/><ChildElements><URDFElement z:Id="i155" i:type="Mesh"><Attributes><Attribute z:Id="i156"><AttributeType>filename</AttributeType><IsRequired>true</IsRequired><Value i:nil="true"/></Attribute></Attributes><ChildElements/><ElementName>mesh</ElementName><required>false</required><FilenameAttribute z:Ref="i156"/></URDFElement></ChildElements><ElementName>geometry</ElementName><required>true</required><Mesh z:Ref="i155"/></URDFElement><URDFElement z:Id="i157" i:type="Material"><Attributes><Attribute z:Id="i158"><AttributeType>name</AttributeType><IsRequired>true</IsRequired><Value i:type="a:string" xmlns:a="http://www.w3.org/2001/XMLSchema"/></Attribute></Attributes><ChildElements><URDFElement z:Id="i159" i:type="Color"><Attributes><Attribute z:Id="i160"><AttributeType>rgba</AttributeType><IsRequired>true</IsRequired><Value i:type="a:ArrayOfdouble" xmlns:a="http://schemas.microsoft.com/2003/10/Serialization/Arrays"><a:double>0.792156862745098</a:double><a:double>0.81960784313725488</a:double><a:double>0.93333333333333335</a:double><a:double>1</a:double></Value></Attribute></Attributes><ChildElements/><ElementName>color</ElementName><required>false</required><RGBAAttribute z:Ref="i160"/></URDFElement><URDFElement z:Id="i161" i:type="Texture"><Attributes><Attribute z:Id="i162"><AttributeType>filename</AttributeType><IsRequired>true</IsRequired><Value i:nil="true"/></Attribute></Attributes><ChildElements/><ElementName>texture</ElementName><required>false</required><FilenameAttribute z:Ref="i162"/><wFilename/></URDFElement></ChildElements><ElementName>material</ElementName><required>false</required><Color z:Ref="i159"/><NameAttribute z:Ref="i158"/><Texture z:Ref="i161"/></URDFElement></ChildElements><ElementName>visual</ElementName><required>false</required><Geometry z:Ref="i154"/><Material z:Ref="i157"/><Origin z:Ref="i151"/></URDFElement><URDFElement z:Id="i163" i:type="Collision"><Attributes/><ChildElements><URDFElement z:Id="i164" i:type="Origin"><Attributes><Attribute z:Id="i165"><AttributeType>xyz</AttributeType><IsRequired>true</IsRequired><Value i:type="a:ArrayOfdouble" xmlns:a="http://schemas.microsoft.com/2003/10/Serialization/Arrays"><a:double>0</a:double><a:double>0</a:double><a:double>0</a:double></Value></Attribute><Attribute z:Id="i166"><AttributeType>rpy</AttributeType><IsRequired>true</IsRequired><Value i:type="a:ArrayOfdouble" xmlns:a="http://schemas.microsoft.com/2003/10/Serialization/Arrays"><a:double>0</a:double><a:double>0</a:double><a:double>0</a:double></Value></Attribute></Attributes><ChildElements/><ElementName>origin</ElementName><required>false</required><RPYAttribute z:Ref="i166"/><XYZAttribute z:Ref="i165"/><isCustomized>false</isCustomized></URDFElement><URDFElement z:Id="i167" i:type="Geometry"><Attributes/><ChildElements><URDFElement z:Id="i168" i:type="Mesh"><Attributes><Attribute z:Id="i169"><AttributeType>filename</AttributeType><IsRequired>true</IsRequired><Value i:nil="true"/></Attribute></Attributes><ChildElements/><ElementName>mesh</ElementName><required>false</required><FilenameAttribute z:Ref="i169"/></URDFElement></ChildElements><ElementName>geometry</ElementName><required>true</required><Mesh z:Ref="i168"/></URDFElement></ChildElements><ElementName>collision</ElementName><required>false</required><Geometry z:Ref="i167"/><Origin z:Ref="i164"/></URDFElement><URDFElement z:Id="i170" i:type="Joint"><Attributes><Attribute z:Id="i171"><AttributeType>name</AttributeType><IsRequired>true</IsRequired><Value i:type="a:string" xmlns:a="http://www.w3.org/2001/XMLSchema">right_wheel_joint</Value></Attribute><Attribute z:Id="i172"><AttributeType>type</AttributeType><IsRequired>true</IsRequired><Value i:type="a:string" xmlns:a="http://www.w3.org/2001/XMLSchema">continuous</Value></Attribute></Attributes><ChildElements><URDFElement z:Id="i173" i:type="Origin"><Attributes><Attribute z:Id="i174"><AttributeType>xyz</AttributeType><IsRequired>true</IsRequired><Value i:type="a:ArrayOfdouble" xmlns:a="http://schemas.microsoft.com/2003/10/Serialization/Arrays"><a:double>-5E-05</a:double><a:double>-0.2146</a:double><a:double>-0.002</a:double></Value></Attribute><Attribute z:Id="i175"><AttributeType>rpy</AttributeType><IsRequired>true</IsRequired><Value i:type="a:ArrayOfdouble" xmlns:a="http://schemas.microsoft.com/2003/10/Serialization/Arrays"><a:double>0</a:double><a:double>0</a:double><a:double>0</a:double></Value></Attribute></Attributes><ChildElements/><ElementName>origin</ElementName><required>false</required><RPYAttribute z:Ref="i175"/><XYZAttribute z:Ref="i174"/><isCustomized>false</isCustomized></URDFElement><URDFElement z:Id="i176" i:type="ParentLink"><Attributes><Attribute z:Id="i177"><AttributeType>link</AttributeType><IsRequired>true</IsRequired><Value i:type="a:string" xmlns:a="http://www.w3.org/2001/XMLSchema">base_link</Value></Attribute></Attributes><ChildElements/><ElementName>parent</ElementName><required>true</required><NameAttribute z:Ref="i177"/></URDFElement><URDFElement z:Id="i178" i:type="ChildLink"><Attributes><Attribute z:Id="i179"><AttributeType>link</AttributeType><IsRequired>true</IsRequired><Value i:type="a:string" xmlns:a="http://www.w3.org/2001/XMLSchema">right_wheel_Link</Value></Attribute></Attributes><ChildElements/><ElementName>child</ElementName><required>true</required><NameAttribute z:Ref="i179"/></URDFElement><URDFElement z:Id="i180" i:type="Axis"><Attributes><Attribute z:Id="i181"><AttributeType>xyz</AttributeType><IsRequired>true</IsRequired><Value i:type="a:ArrayOfdouble" xmlns:a="http://schemas.microsoft.com/2003/10/Serialization/Arrays"><a:double>0.00023299</a:double><a:double>1</a:double><a:double>0</a:double></Value></Attribute></Attributes><ChildElements/><ElementName>axis</ElementName><required>false</required><XYZAttribute z:Ref="i181"/></URDFElement><URDFElement z:Id="i182" i:type="Limit"><Attributes><Attribute z:Id="i183"><AttributeType>lower</AttributeType><IsRequired>false</IsRequired><Value i:nil="true"/></Attribute><Attribute z:Id="i184"><AttributeType>upper</AttributeType><IsRequired>false</IsRequired><Value i:nil="true"/></Attribute><Attribute z:Id="i185"><AttributeType>effort</AttributeType><IsRequired>true</IsRequired><Value i:nil="true"/></Attribute><Attribute z:Id="i186"><AttributeType>velocity</AttributeType><IsRequired>true</IsRequired><Value i:nil="true"/></Attribute></Attributes><ChildElements/><ElementName>limit</ElementName><required>false</required><EffortAttribute z:Ref="i185"/><LowerAttribute z:Ref="i183"/><UpperAttribute z:Ref="i184"/><VelocityAttribute z:Ref="i186"/></URDFElement><URDFElement z:Id="i187" i:type="Calibration"><Attributes><Attribute z:Id="i188"><AttributeType>rising</AttributeType><IsRequired>false</IsRequired><Value i:nil="true"/></Attribute><Attribute z:Id="i189"><AttributeType>falling</AttributeType><IsRequired>false</IsRequired><Value i:nil="true"/></Attribute></Attributes><ChildElements/><ElementName>calibration</ElementName><required>false</required><FallingAttribute z:Ref="i189"/><RisingAttribute z:Ref="i188"/></URDFElement><URDFElement z:Id="i190" i:type="Dynamics"><Attributes><Attribute z:Id="i191"><AttributeType>damping</AttributeType><IsRequired>false</IsRequired><Value i:nil="true"/></Attribute><Attribute z:Id="i192"><AttributeType>friction</AttributeType><IsRequired>false</IsRequired><Value i:nil="true"/></Attribute></Attributes><ChildElements/><ElementName>dynamics</ElementName><required>false</required><DampingAttribute z:Ref="i191"/><FrictionAttribute z:Ref="i192"/></URDFElement><URDFElement z:Id="i193" i:type="SafetyController"><Attributes><Attribute z:Id="i194"><AttributeType>soft_upper_limit</AttributeType><IsRequired>false</IsRequired><Value i:nil="true"/></Attribute><Attribute z:Id="i195"><AttributeType>soft_lower_limit</AttributeType><IsRequired>false</IsRequired><Value i:nil="true"/></Attribute><Attribute z:Id="i196"><AttributeType>k_position</AttributeType><IsRequired>false</IsRequired><Value i:nil="true"/></Attribute><Attribute z:Id="i197"><AttributeType>k_velocity</AttributeType><IsRequired>true</IsRequired><Value i:nil="true"/></Attribute></Attributes><ChildElements/><ElementName>safety_controller</ElementName><required>false</required><KPositionAttribute z:Ref="i196"/><KVelocityAttribute z:Ref="i197"/><SoftLowerAttribute z:Ref="i195"/><SoftUpperAttribute z:Ref="i194"/></URDFElement><URDFElement z:Id="i198" i:type="Mimic"><Attributes><Attribute z:Id="i199"><AttributeType>joint</AttributeType><IsRequired>true</IsRequired><Value i:nil="true"/></Attribute><Attribute z:Id="i200"><AttributeType>multiplier</AttributeType><IsRequired>false</IsRequired><Value i:nil="true"/></Attribute><Attribute z:Id="i201"><AttributeType>offset</AttributeType><IsRequired>false</IsRequired><Value i:nil="true"/></Attribute></Attributes><ChildElements/><ElementName>mimic</ElementName><required>false</required><JointNameAttribute z:Ref="i199"/><MultiplierAttribute z:Ref="i200"/><OffsetAttribute z:Ref="i201"/></URDFElement></ChildElements><ElementName>joint</ElementName><required>false</required><Axis z:Ref="i180"/><AxisName>??????????????????</AxisName><Calibration z:Ref="i187"/><Child z:Ref="i178"/><CoordinateSystemName>?????????????????????</CoordinateSystemName><Dynamics z:Ref="i190"/><Limit z:Ref="i182"/><Mimic z:Ref="i198"/><NameAttribute z:Ref="i171"/><Origin z:Ref="i173"/><Parent z:Ref="i176"/><Safety z:Ref="i193"/><TypeAttribute z:Ref="i172"/></URDFElement></ChildElements><ElementName>link</ElementName><required>true</required><Children/><Collision z:Ref="i163"/><Inertial z:Ref="i137"/><Joint z:Ref="i170"/><NameAttribute z:Ref="i136"/><Parent z:Ref="i1"/><STLQualityFine>false</STLQualityFine><SWComponentPIDs xmlns:a="http://schemas.microsoft.com/2003/10/Serialization/Arrays"><a:base64Binary>UEYAAAUAAAD//v+jbo/CazV1OmctADEAQACVXth2O2DFiF8ATQBpAGQAMwA2ADAASHIvAFoATABMAEcANgA1AEEAUwBNADIANQAwAC0ANAAwADkANgAgAFYAMgAuADAAVVP6UXSPLgBzAHQAcAAtADEAQABuj8JrNXU6Zy8ANgBfADUAQwAtAEIAWgBfAEEAUwBNAF8AQQBTAE0ALgBzAHQAcAAtADEAQABaAEwATABHADYANQBBAFMATQAyADUAMAAtADQAMAA5ADYAIABWADIALgAwAFVT+lF0jy4AcwB0AHAALwBNAEEATgBJAEYATwBMAEQAXwBTAE8ATABJAEQAXwBCAFIARQBQAF8ANgA2ADkANwBfADEAXwAxAC4AcwB0AHAALQAxAEAANgBfADUAQwAtAEIAWgBfAEEAUwBNAF8AQQBTAE0ALgBzAHQAcAAEAAAAEAAAAAEAAAAEAAAARgAAABkAAAARAAAAEwAAAA==</a:base64Binary><a:base64Binary>UEYAAAUAAAD//v/Nbo/CazV1OmctADEAQACVXth2O2DFiF8ATQBpAGQAMwA2ADAASHIvAFoATABMAEcANgA1AEEAUwBNADIANQAwAC0ANAAwADkANgAgAFYAMgAuADAAVVP6UXSPLgBzAHQAcAAtADEAQABuj8JrNXU6Zy8ANgBfADUAQwAtAEIAWgBfAEEAUwBNAF8AQQBTAE0ALgBzAHQAcAAtADEAQABaAEwATABHADYANQBBAFMATQAyADUAMAAtADQAMAA5ADYAIABWADIALgAwAFVT+lF0jy4AcwB0AHAALwA2AF8ANQBDAFUATgAtAEMASQBfAEEAUwBNAF8AQQBTAE0ALgBzAHQAcAAtADEAQAA2AF8ANQBDAC0AQgBaAF8AQQBTAE0AXwBBAFMATQAuAHMAdABwAC8ATQBBAE4ASQBGAE8ATABEAF8AUwBPAEwASQBEAF8AQgBSAEUAUABfADYANwAwADAALgBzAHQAcAAtADEAQAA2AF8ANQBDAFUATgAtAEMASQBfAEEAUwBNAF8AQQBTAE0ALgBzAHQAcAAEAAAAEAAAAAEAAAAFAAAARgAAABkAAAARAAAAEQAAABUAAAA=</a:base64Binary><a:base64Binary>UEYAAAUAAAD//v/Nbo/CazV1OmctADEAQACVXth2O2DFiF8ATQBpAGQAMwA2ADAASHIvAFoATABMAEcANgA1AEEAUwBNADIANQAwAC0ANAAwADkANgAgAFYAMgAuADAAVVP6UXSPLgBzAHQAcAAtADEAQABuj8JrNXU6Zy8ANgBfADUAQwAtAEIAWgBfAEEAUwBNAF8AQQBTAE0ALgBzAHQAcAAtADEAQABaAEwATABHADYANQBBAFMATQAyADUAMAAtADQAMAA5ADYAIABWADIALgAwAFVT+lF0jy4AcwB0AHAALwA2AF8ANQBDAFUATgAtAEMASQBfAEEAUwBNAF8AQQBTAE0ALgBzAHQAcAAtADEAQAA2AF8ANQBDAC0AQgBaAF8AQQBTAE0AXwBBAFMATQAuAHMAdABwAC8ATQBBAE4ASQBGAE8ATABEAF8AUwBPAEwASQBEAF8AQgBSAEUAUABfADYANwAwADEALgBzAHQAcAAtADEAQAA2AF8ANQBDAFUATgAtAEMASQBfAEEAUwBNAF8AQQBTAE0ALgBzAHQAcAAEAAAAEAAAAAEAAAAFAAAARgAAABkAAAARAAAAEQAAABYAAAA=</a:base64Binary></SWComponentPIDs><SWMainComponentPID i:nil="true"/><Visual z:Ref="i150"/><isFixedFrame>false</isFixedFrame><isIncomplete>false</isIncomplete></Link><Link z:Id="i202"><Attributes><Attribute z:Id="i203"><AttributeType>name</AttributeType><IsRequired>true</IsRequired><Value i:type="a:string" xmlns:a="http://www.w3.org/2001/XMLSchema">lf_Link</Value></Attribute></Attributes><ChildElements><URDFElement z:Id="i204" i:type="Inertial"><Attributes/><ChildElements><URDFElement z:Id="i205" i:type="Origin"><Attributes><Attribute z:Id="i206"><AttributeType>xyz</AttributeType><IsRequired>true</IsRequired><Value i:type="a:ArrayOfdouble" xmlns:a="http://schemas.microsoft.com/2003/10/Serialization/Arrays"><a:double>0.0047843948653408519</a:double><a:double>-0.00019494050385537864</a:double><a:double>-0.020089741575926735</a:double></Value></Attribute><Attribute z:Id="i207"><AttributeType>rpy</AttributeType><IsRequired>true</IsRequired><Value i:type="a:ArrayOfdouble" xmlns:a="http://schemas.microsoft.com/2003/10/Serialization/Arrays"><a:double>0</a:double><a:double>0</a:double><a:double>0</a:double></Value></Attribute></Attributes><ChildElements/><ElementName>origin</ElementName><required>false</required><RPYAttribute z:Ref="i207"/><XYZAttribute z:Ref="i206"/><isCustomized>false</isCustomized></URDFElement><URDFElement z:Id="i208" i:type="Mass"><Attributes><Attribute z:Id="i209"><AttributeType>value</AttributeType><IsRequired>true</IsRequired><Value i:type="a:double" xmlns:a="http://www.w3.org/2001/XMLSchema">0.076433185256144329</Value></Attribute></Attributes><ChildElements/><ElementName>mass</ElementName><required>false</required><ValueAttribute z:Ref="i209"/></URDFElement><URDFElement z:Id="i210" i:type="Inertia"><Attributes><Attribute z:Id="i211"><AttributeType>ixx</AttributeType><IsRequired>true</IsRequired><Value i:type="a:double" xmlns:a="http://www.w3.org/2001/XMLSchema">6.3870777023600922E-05</Value></Attribute><Attribute z:Id="i212"><AttributeType>ixy</AttributeType><IsRequired>true</IsRequired><Value i:type="a:double" xmlns:a="http://www.w3.org/2001/XMLSchema">2.871225191566476E-07</Value></Attribute><Attribute z:Id="i213"><AttributeType>ixz</AttributeType><IsRequired>true</IsRequired><Value i:type="a:double" xmlns:a="http://www.w3.org/2001/XMLSchema">1.040977405790937E-05</Value></Attribute><Attribute z:Id="i214"><AttributeType>iyy</AttributeType><IsRequired>true</IsRequired><Value i:type="a:double" xmlns:a="http://www.w3.org/2001/XMLSchema">5.8001018091224945E-05</Value></Attribute><Attribute z:Id="i215"><AttributeType>iyz</AttributeType><IsRequired>true</IsRequired><Value i:type="a:double" xmlns:a="http://www.w3.org/2001/XMLSchema">-5.2740637032001079E-07</Value></Attribute><Attribute z:Id="i216"><AttributeType>izz</AttributeType><IsRequired>true</IsRequired><Value i:type="a:double" xmlns:a="http://www.w3.org/2001/XMLSchema">5.4010396952726311E-05</Value></Attribute></Attributes><ChildElements/><ElementName>inertia</ElementName><required>false</required><IxxAttribute z:Ref="i211"/><IxyAttribute z:Ref="i212"/><IxzAttribute z:Ref="i213"/><IyyAttribute z:Ref="i214"/><IyzAttribute z:Ref="i215"/><IzzAttribute z:Ref="i216"/></URDFElement></ChildElements><ElementName>inertial</ElementName><required>false</required><Inertia z:Ref="i210"/><Mass z:Ref="i208"/><Origin z:Ref="i205"/></URDFElement><URDFElement z:Id="i217" i:type="Visual"><Attributes/><ChildElements><URDFElement z:Id="i218" i:type="Origin"><Attributes><Attribute z:Id="i219"><AttributeType>xyz</AttributeType><IsRequired>true</IsRequired><Value i:type="a:ArrayOfdouble" xmlns:a="http://schemas.microsoft.com/2003/10/Serialization/Arrays"><a:double>0</a:double><a:double>0</a:double><a:double>0</a:double></Value></Attribute><Attribute z:Id="i220"><AttributeType>rpy</AttributeType><IsRequired>true</IsRequired><Value i:type="a:ArrayOfdouble" xmlns:a="http://schemas.microsoft.com/2003/10/Serialization/Arrays"><a:double>0</a:double><a:double>0</a:double><a:double>0</a:double></Value></Attribute></Attributes><ChildElements/><ElementName>origin</ElementName><required>false</required><RPYAttribute z:Ref="i220"/><XYZAttribute z:Ref="i219"/><isCustomized>false</isCustomized></URDFElement><URDFElement z:Id="i221" i:type="Geometry"><Attributes/><ChildElements><URDFElement z:Id="i222" i:type="Mesh"><Attributes><Attribute z:Id="i223"><AttributeType>filename</AttributeType><IsRequired>true</IsRequired><Value i:nil="true"/></Attribute></Attributes><ChildElements/><ElementName>mesh</ElementName><required>false</required><FilenameAttribute z:Ref="i223"/></URDFElement></ChildElements><ElementName>geometry</ElementName><required>true</required><Mesh z:Ref="i222"/></URDFElement><URDFElement z:Id="i224" i:type="Material"><Attributes><Attribute z:Id="i225"><AttributeType>name</AttributeType><IsRequired>true</IsRequired><Value i:type="a:string" xmlns:a="http://www.w3.org/2001/XMLSchema"/></Attribute></Attributes><ChildElements><URDFElement z:Id="i226" i:type="Color"><Attributes><Attribute z:Id="i227"><AttributeType>rgba</AttributeType><IsRequired>true</IsRequired><Value i:type="a:ArrayOfdouble" xmlns:a="http://schemas.microsoft.com/2003/10/Serialization/Arrays"><a:double>0.75686274509803919</a:double><a:double>0.76862745098039209</a:double><a:double>0.75294117647058822</a:double><a:double>1</a:double></Value></Attribute></Attributes><ChildElements/><ElementName>color</ElementName><required>false</required><RGBAAttribute z:Ref="i227"/></URDFElement><URDFElement z:Id="i228" i:type="Texture"><Attributes><Attribute z:Id="i229"><AttributeType>filename</AttributeType><IsRequired>true</IsRequired><Value i:nil="true"/></Attribute></Attributes><ChildElements/><ElementName>texture</ElementName><required>false</required><FilenameAttribute z:Ref="i229"/><wFilename/></URDFElement></ChildElements><ElementName>material</ElementName><required>false</required><Color z:Ref="i226"/><NameAttribute z:Ref="i225"/><Texture z:Ref="i228"/></URDFElement></ChildElements><ElementName>visual</ElementName><required>false</required><Geometry z:Ref="i221"/><Material z:Ref="i224"/><Origin z:Ref="i218"/></URDFElement><URDFElement z:Id="i230" i:type="Collision"><Attributes/><ChildElements><URDFElement z:Id="i231" i:type="Origin"><Attributes><Attribute z:Id="i232"><AttributeType>xyz</AttributeType><IsRequired>true</IsRequired><Value i:type="a:ArrayOfdouble" xmlns:a="http://schemas.microsoft.com/2003/10/Serialization/Arrays"><a:double>0</a:double><a:double>0</a:double><a:double>0</a:double></Value></Attribute><Attribute z:Id="i233"><AttributeType>rpy</AttributeType><IsRequired>true</IsRequired><Value i:type="a:ArrayOfdouble" xmlns:a="http://schemas.microsoft.com/2003/10/Serialization/Arrays"><a:double>0</a:double><a:double>0</a:double><a:double>0</a:double></Value></Attribute></Attributes><ChildElements/><ElementName>origin</ElementName><required>false</required><RPYAttribute z:Ref="i233"/><XYZAttribute z:Ref="i232"/><isCustomized>false</isCustomized></URDFElement><URDFElement z:Id="i234" i:type="Geometry"><Attributes/><ChildElements><URDFElement z:Id="i235" i:type="Mesh"><Attributes><Attribute z:Id="i236"><AttributeType>filename</AttributeType><IsRequired>true</IsRequired><Value i:nil="true"/></Attribute></Attributes><ChildElements/><ElementName>mesh</ElementName><required>false</required><FilenameAttribute z:Ref="i236"/></URDFElement></ChildElements><ElementName>geometry</ElementName><required>true</required><Mesh z:Ref="i235"/></URDFElement></ChildElements><ElementName>collision</ElementName><required>false</required><Geometry z:Ref="i234"/><Origin z:Ref="i231"/></URDFElement><URDFElement z:Id="i237" i:type="Joint"><Attributes><Attribute z:Id="i238"><AttributeType>name</AttributeType><IsRequired>true</IsRequired><Value i:type="a:string" xmlns:a="http://www.w3.org/2001/XMLSchema">lf_joint</Value></Attribute><Attribute z:Id="i239"><AttributeType>type</AttributeType><IsRequired>true</IsRequired><Value i:type="a:string" xmlns:a="http://www.w3.org/2001/XMLSchema">continuous</Value></Attribute></Attributes><ChildElements><URDFElement z:Id="i240" i:type="Origin"><Attributes><Attribute z:Id="i241"><AttributeType>xyz</AttributeType><IsRequired>true</IsRequired><Value i:type="a:ArrayOfdouble" xmlns:a="http://schemas.microsoft.com/2003/10/Serialization/Arrays"><a:double>0.3818</a:double><a:double>0.17675</a:double><a:double>0.0052475</a:double></Value></Attribute><Attribute z:Id="i242"><AttributeType>rpy</AttributeType><IsRequired>true</IsRequired><Value i:type="a:ArrayOfdouble" xmlns:a="http://schemas.microsoft.com/2003/10/Serialization/Arrays"><a:double>0</a:double><a:double>0</a:double><a:double>0</a:double></Value></Attribute></Attributes><ChildElements/><ElementName>origin</ElementName><required>false</required><RPYAttribute z:Ref="i242"/><XYZAttribute z:Ref="i241"/><isCustomized>false</isCustomized></URDFElement><URDFElement z:Id="i243" i:type="ParentLink"><Attributes><Attribute z:Id="i244"><AttributeType>link</AttributeType><IsRequired>true</IsRequired><Value i:type="a:string" xmlns:a="http://www.w3.org/2001/XMLSchema">base_link</Value></Attribute></Attributes><ChildElements/><ElementName>parent</ElementName><required>true</required><NameAttribute z:Ref="i244"/></URDFElement><URDFElement z:Id="i245" i:type="ChildLink"><Attributes><Attribute z:Id="i246"><AttributeType>link</AttributeType><IsRequired>true</IsRequired><Value i:type="a:string" xmlns:a="http://www.w3.org/2001/XMLSchema">lf_Link</Value></Attribute></Attributes><ChildElements/><ElementName>child</ElementName><required>true</required><NameAttribute z:Ref="i246"/></URDFElement><URDFElement z:Id="i247" i:type="Axis"><Attributes><Attribute z:Id="i248"><AttributeType>xyz</AttributeType><IsRequired>true</IsRequired><Value i:type="a:ArrayOfdouble" xmlns:a="http://schemas.microsoft.com/2003/10/Serialization/Arrays"><a:double>0</a:double><a:double>0</a:double><a:double>-1</a:double></Value></Attribute></Attributes><ChildElements/><ElementName>axis</ElementName><required>false</required><XYZAttribute z:Ref="i248"/></URDFElement><URDFElement z:Id="i249" i:type="Limit"><Attributes><Attribute z:Id="i250"><AttributeType>lower</AttributeType><IsRequired>false</IsRequired><Value i:nil="true"/></Attribute><Attribute z:Id="i251"><AttributeType>upper</AttributeType><IsRequired>false</IsRequired><Value i:nil="true"/></Attribute><Attribute z:Id="i252"><AttributeType>effort</AttributeType><IsRequired>true</IsRequired><Value i:nil="true"/></Attribute><Attribute z:Id="i253"><AttributeType>velocity</AttributeType><IsRequired>true</IsRequired><Value i:nil="true"/></Attribute></Attributes><ChildElements/><ElementName>limit</ElementName><required>false</required><EffortAttribute z:Ref="i252"/><LowerAttribute z:Ref="i250"/><UpperAttribute z:Ref="i251"/><VelocityAttribute z:Ref="i253"/></URDFElement><URDFElement z:Id="i254" i:type="Calibration"><Attributes><Attribute z:Id="i255"><AttributeType>rising</AttributeType><IsRequired>false</IsRequired><Value i:nil="true"/></Attribute><Attribute z:Id="i256"><AttributeType>falling</AttributeType><IsRequired>false</IsRequired><Value i:nil="true"/></Attribute></Attributes><ChildElements/><ElementName>calibration</ElementName><required>false</required><FallingAttribute z:Ref="i256"/><RisingAttribute z:Ref="i255"/></URDFElement><URDFElement z:Id="i257" i:type="Dynamics"><Attributes><Attribute z:Id="i258"><AttributeType>damping</AttributeType><IsRequired>false</IsRequired><Value i:nil="true"/></Attribute><Attribute z:Id="i259"><AttributeType>friction</AttributeType><IsRequired>false</IsRequired><Value i:nil="true"/></Attribute></Attributes><ChildElements/><ElementName>dynamics</ElementName><required>false</required><DampingAttribute z:Ref="i258"/><FrictionAttribute z:Ref="i259"/></URDFElement><URDFElement z:Id="i260" i:type="SafetyController"><Attributes><Attribute z:Id="i261"><AttributeType>soft_upper_limit</AttributeType><IsRequired>false</IsRequired><Value i:nil="true"/></Attribute><Attribute z:Id="i262"><AttributeType>soft_lower_limit</AttributeType><IsRequired>false</IsRequired><Value i:nil="true"/></Attribute><Attribute z:Id="i263"><AttributeType>k_position</AttributeType><IsRequired>false</IsRequired><Value i:nil="true"/></Attribute><Attribute z:Id="i264"><AttributeType>k_velocity</AttributeType><IsRequired>true</IsRequired><Value i:nil="true"/></Attribute></Attributes><ChildElements/><ElementName>safety_controller</ElementName><required>false</required><KPositionAttribute z:Ref="i263"/><KVelocityAttribute z:Ref="i264"/><SoftLowerAttribute z:Ref="i262"/><SoftUpperAttribute z:Ref="i261"/></URDFElement><URDFElement z:Id="i265" i:type="Mimic"><Attributes><Attribute z:Id="i266"><AttributeType>joint</AttributeType><IsRequired>true</IsRequired><Value i:nil="true"/></Attribute><Attribute z:Id="i267"><AttributeType>multiplier</AttributeType><IsRequired>false</IsRequired><Value i:nil="true"/></Attribute><Attribute z:Id="i268"><AttributeType>offset</AttributeType><IsRequired>false</IsRequired><Value i:nil="true"/></Attribute></Attributes><ChildElements/><ElementName>mimic</ElementName><required>false</required><JointNameAttribute z:Ref="i266"/><MultiplierAttribute z:Ref="i267"/><OffsetAttribute z:Ref="i268"/></URDFElement></ChildElements><ElementName>joint</ElementName><required>false</required><Axis z:Ref="i247"/><AxisName>??????????????????5</AxisName><Calibration z:Ref="i254"/><Child z:Ref="i245"/><CoordinateSystemName>??????????????????5</CoordinateSystemName><Dynamics z:Ref="i257"/><Limit z:Ref="i249"/><Mimic z:Ref="i265"/><NameAttribute z:Ref="i238"/><Origin z:Ref="i240"/><Parent z:Ref="i243"/><Safety z:Ref="i260"/><TypeAttribute z:Ref="i239"/></URDFElement></ChildElements><ElementName>link</ElementName><required>true</required><Children><Link z:Id="i269"><Attributes><Attribute z:Id="i270"><AttributeType>name</AttributeType><IsRequired>true</IsRequired><Value i:type="a:string" xmlns:a="http://www.w3.org/2001/XMLSchema">lf_wheel_Link</Value></Attribute></Attributes><ChildElements><URDFElement z:Id="i271" i:type="Inertial"><Attributes/><ChildElements><URDFElement z:Id="i272" i:type="Origin"><Attributes><Attribute z:Id="i273"><AttributeType>xyz</AttributeType><IsRequired>true</IsRequired><Value i:type="a:ArrayOfdouble" xmlns:a="http://schemas.microsoft.com/2003/10/Serialization/Arrays"><a:double>-2.386272388021915E-07</a:double><a:double>-1.4580375795603118E-10</a:double><a:double>-5.8242737854818927E-08</a:double></Value></Attribute><Attribute z:Id="i274"><AttributeType>rpy</AttributeType><IsRequired>true</IsRequired><Value i:type="a:ArrayOfdouble" xmlns:a="http://schemas.microsoft.com/2003/10/Serialization/Arrays"><a:double>0</a:double><a:double>0</a:double><a:double>0</a:double></Value></Attribute></Attributes><ChildElements/><ElementName>origin</ElementName><required>false</required><RPYAttribute z:Ref="i274"/><XYZAttribute z:Ref="i273"/><isCustomized>false</isCustomized></URDFElement><URDFElement z:Id="i275" i:type="Mass"><Attributes><Attribute z:Id="i276"><AttributeType>value</AttributeType><IsRequired>true</IsRequired><Value i:type="a:double" xmlns:a="http://www.w3.org/2001/XMLSchema">0.1504676377503511</Value></Attribute></Attributes><ChildElements/><ElementName>mass</ElementName><required>false</required><ValueAttribute z:Ref="i276"/></URDFElement><URDFElement z:Id="i277" i:type="Inertia"><Attributes><Attribute z:Id="i278"><AttributeType>ixx</AttributeType><IsRequired>true</IsRequired><Value i:type="a:double" xmlns:a="http://www.w3.org/2001/XMLSchema">7.0425987480744409E-05</Value></Attribute><Attribute z:Id="i279"><AttributeType>ixy</AttributeType><IsRequired>true</IsRequired><Value i:type="a:double" xmlns:a="http://www.w3.org/2001/XMLSchema">2.5531455858405459E-13</Value></Attribute><Attribute z:Id="i280"><AttributeType>ixz</AttributeType><IsRequired>true</IsRequired><Value i:type="a:double" xmlns:a="http://www.w3.org/2001/XMLSchema">-6.7518873005722594E-12</Value></Attribute><Attribute z:Id="i281"><AttributeType>iyy</AttributeType><IsRequired>true</IsRequired><Value i:type="a:double" xmlns:a="http://www.w3.org/2001/XMLSchema">0.00010833387040612208</Value></Attribute><Attribute z:Id="i282"><AttributeType>iyz</AttributeType><IsRequired>true</IsRequired><Value i:type="a:double" xmlns:a="http://www.w3.org/2001/XMLSchema">2.6232252667032034E-10</Value></Attribute><Attribute z:Id="i283"><AttributeType>izz</AttributeType><IsRequired>true</IsRequired><Value i:type="a:double" xmlns:a="http://www.w3.org/2001/XMLSchema">7.0430149980169575E-05</Value></Attribute></Attributes><ChildElements/><ElementName>inertia</ElementName><required>false</required><IxxAttribute z:Ref="i278"/><IxyAttribute z:Ref="i279"/><IxzAttribute z:Ref="i280"/><IyyAttribute z:Ref="i281"/><IyzAttribute z:Ref="i282"/><IzzAttribute z:Ref="i283"/></URDFElement></ChildElements><ElementName>inertial</ElementName><required>false</required><Inertia z:Ref="i277"/><Mass z:Ref="i275"/><Origin z:Ref="i272"/></URDFElement><URDFElement z:Id="i284" i:type="Visual"><Attributes/><ChildElements><URDFElement z:Id="i285" i:type="Origin"><Attributes><Attribute z:Id="i286"><AttributeType>xyz</AttributeType><IsRequired>true</IsRequired><Value i:type="a:ArrayOfdouble" xmlns:a="http://schemas.microsoft.com/2003/10/Serialization/Arrays"><a:double>0</a:double><a:double>0</a:double><a:double>0</a:double></Value></Attribute><Attribute z:Id="i287"><AttributeType>rpy</AttributeType><IsRequired>true</IsRequired><Value i:type="a:ArrayOfdouble" xmlns:a="http://schemas.microsoft.com/2003/10/Serialization/Arrays"><a:double>0</a:double><a:double>0</a:double><a:double>0</a:double></Value></Attribute></Attributes><ChildElements/><ElementName>origin</ElementName><required>false</required><RPYAttribute z:Ref="i287"/><XYZAttribute z:Ref="i286"/><isCustomized>false</isCustomized></URDFElement><URDFElement z:Id="i288" i:type="Geometry"><Attributes/><ChildElements><URDFElement z:Id="i289" i:type="Mesh"><Attributes><Attribute z:Id="i290"><AttributeType>filename</AttributeType><IsRequired>true</IsRequired><Value i:nil="true"/></Attribute></Attributes><ChildElements/><ElementName>mesh</ElementName><required>false</required><FilenameAttribute z:Ref="i290"/></URDFElement></ChildElements><ElementName>geometry</ElementName><required>true</required><Mesh z:Ref="i289"/></URDFElement><URDFElement z:Id="i291" i:type="Material"><Attributes><Attribute z:Id="i292"><AttributeType>name</AttributeType><IsRequired>true</IsRequired><Value i:type="a:string" xmlns:a="http://www.w3.org/2001/XMLSchema"/></Attribute></Attributes><ChildElements><URDFElement z:Id="i293" i:type="Color"><Attributes><Attribute z:Id="i294"><AttributeType>rgba</AttributeType><IsRequired>true</IsRequired><Value i:type="a:ArrayOfdouble" xmlns:a="http://schemas.microsoft.com/2003/10/Serialization/Arrays"><a:double>0.75686274509803919</a:double><a:double>0.76862745098039209</a:double><a:double>0.75294117647058822</a:double><a:double>1</a:double></Value></Attribute></Attributes><ChildElements/><ElementName>color</ElementName><required>false</required><RGBAAttribute z:Ref="i294"/></URDFElement><URDFElement z:Id="i295" i:type="Texture"><Attributes><Attribute z:Id="i296"><AttributeType>filename</AttributeType><IsRequired>true</IsRequired><Value i:nil="true"/></Attribute></Attributes><ChildElements/><ElementName>texture</ElementName><required>false</required><FilenameAttribute z:Ref="i296"/><wFilename/></URDFElement></ChildElements><ElementName>material</ElementName><required>false</required><Color z:Ref="i293"/><NameAttribute z:Ref="i292"/><Texture z:Ref="i295"/></URDFElement></ChildElements><ElementName>visual</ElementName><required>false</required><Geometry z:Ref="i288"/><Material z:Ref="i291"/><Origin z:Ref="i285"/></URDFElement><URDFElement z:Id="i297" i:type="Collision"><Attributes/><ChildElements><URDFElement z:Id="i298" i:type="Origin"><Attributes><Attribute z:Id="i299"><AttributeType>xyz</AttributeType><IsRequired>true</IsRequired><Value i:type="a:ArrayOfdouble" xmlns:a="http://schemas.microsoft.com/2003/10/Serialization/Arrays"><a:double>0</a:double><a:double>0</a:double><a:double>0</a:double></Value></Attribute><Attribute z:Id="i300"><AttributeType>rpy</AttributeType><IsRequired>true</IsRequired><Value i:type="a:ArrayOfdouble" xmlns:a="http://schemas.microsoft.com/2003/10/Serialization/Arrays"><a:double>0</a:double><a:double>0</a:double><a:double>0</a:double></Value></Attribute></Attributes><ChildElements/><ElementName>origin</ElementName><required>false</required><RPYAttribute z:Ref="i300"/><XYZAttribute z:Ref="i299"/><isCustomized>false</isCustomized></URDFElement><URDFElement z:Id="i301" i:type="Geometry"><Attributes/><ChildElements><URDFElement z:Id="i302" i:type="Mesh"><Attributes><Attribute z:Id="i303"><AttributeType>filename</AttributeType><IsRequired>true</IsRequired><Value i:nil="true"/></Attribute></Attributes><ChildElements/><ElementName>mesh</ElementName><required>false</required><FilenameAttribute z:Ref="i303"/></URDFElement></ChildElements><ElementName>geometry</ElementName><required>true</required><Mesh z:Ref="i302"/></URDFElement></ChildElements><ElementName>collision</ElementName><required>false</required><Geometry z:Ref="i301"/><Origin z:Ref="i298"/></URDFElement><URDFElement z:Id="i304" i:type="Joint"><Attributes><Attribute z:Id="i305"><AttributeType>name</AttributeType><IsRequired>true</IsRequired><Value i:type="a:string" xmlns:a="http://www.w3.org/2001/XMLSchema">lf_wheel_joint</Value></Attribute><Attribute z:Id="i306"><AttributeType>type</AttributeType><IsRequired>true</IsRequired><Value i:type="a:string" xmlns:a="http://www.w3.org/2001/XMLSchema">continuous</Value></Attribute></Attributes><ChildElements><URDFElement z:Id="i307" i:type="Origin"><Attributes><Attribute z:Id="i308"><AttributeType>xyz</AttributeType><IsRequired>true</IsRequired><Value i:type="a:ArrayOfdouble" xmlns:a="http://schemas.microsoft.com/2003/10/Serialization/Arrays"><a:double>0.024001</a:double><a:double>0</a:double><a:double>-0.055747</a:double></Value></Attribute><Attribute z:Id="i309"><AttributeType>rpy</AttributeType><IsRequired>true</IsRequired><Value i:type="a:ArrayOfdouble" xmlns:a="http://schemas.microsoft.com/2003/10/Serialization/Arrays"><a:double>0</a:double><a:double>0</a:double><a:double>0</a:double></Value></Attribute></Attributes><ChildElements/><ElementName>origin</ElementName><required>false</required><RPYAttribute z:Ref="i309"/><XYZAttribute z:Ref="i308"/><isCustomized>false</isCustomized></URDFElement><URDFElement z:Id="i310" i:type="ParentLink"><Attributes><Attribute z:Id="i311"><AttributeType>link</AttributeType><IsRequired>true</IsRequired><Value i:type="a:string" xmlns:a="http://www.w3.org/2001/XMLSchema">lf_Link</Value></Attribute></Attributes><ChildElements/><ElementName>parent</ElementName><required>true</required><NameAttribute z:Ref="i311"/></URDFElement><URDFElement z:Id="i312" i:type="ChildLink"><Attributes><Attribute z:Id="i313"><AttributeType>link</AttributeType><IsRequired>true</IsRequired><Value i:type="a:string" xmlns:a="http://www.w3.org/2001/XMLSchema">lf_wheel_Link</Value></Attribute></Attributes><ChildElements/><ElementName>child</ElementName><required>true</required><NameAttribute z:Ref="i313"/></URDFElement><URDFElement z:Id="i314" i:type="Axis"><Attributes><Attribute z:Id="i315"><AttributeType>xyz</AttributeType><IsRequired>true</IsRequired><Value i:type="a:ArrayOfdouble" xmlns:a="http://schemas.microsoft.com/2003/10/Serialization/Arrays"><a:double>0</a:double><a:double>1</a:double><a:double>0</a:double></Value></Attribute></Attributes><ChildElements/><ElementName>axis</ElementName><required>false</required><XYZAttribute z:Ref="i315"/></URDFElement><URDFElement z:Id="i316" i:type="Limit"><Attributes><Attribute z:Id="i317"><AttributeType>lower</AttributeType><IsRequired>false</IsRequired><Value i:nil="true"/></Attribute><Attribute z:Id="i318"><AttributeType>upper</AttributeType><IsRequired>false</IsRequired><Value i:nil="true"/></Attribute><Attribute z:Id="i319"><AttributeType>effort</AttributeType><IsRequired>true</IsRequired><Value i:nil="true"/></Attribute><Attribute z:Id="i320"><AttributeType>velocity</AttributeType><IsRequired>true</IsRequired><Value i:nil="true"/></Attribute></Attributes><ChildElements/><ElementName>limit</ElementName><required>false</required><EffortAttribute z:Ref="i319"/><LowerAttribute z:Ref="i317"/><UpperAttribute z:Ref="i318"/><VelocityAttribute z:Ref="i320"/></URDFElement><URDFElement z:Id="i321" i:type="Calibration"><Attributes><Attribute z:Id="i322"><AttributeType>rising</AttributeType><IsRequired>false</IsRequired><Value i:nil="true"/></Attribute><Attribute z:Id="i323"><AttributeType>falling</AttributeType><IsRequired>false</IsRequired><Value i:nil="true"/></Attribute></Attributes><ChildElements/><ElementName>calibration</ElementName><required>false</required><FallingAttribute z:Ref="i323"/><RisingAttribute z:Ref="i322"/></URDFElement><URDFElement z:Id="i324" i:type="Dynamics"><Attributes><Attribute z:Id="i325"><AttributeType>damping</AttributeType><IsRequired>false</IsRequired><Value i:nil="true"/></Attribute><Attribute z:Id="i326"><AttributeType>friction</AttributeType><IsRequired>false</IsRequired><Value i:nil="true"/></Attribute></Attributes><ChildElements/><ElementName>dynamics</ElementName><required>false</required><DampingAttribute z:Ref="i325"/><FrictionAttribute z:Ref="i326"/></URDFElement><URDFElement z:Id="i327" i:type="SafetyController"><Attributes><Attribute z:Id="i328"><AttributeType>soft_upper_limit</AttributeType><IsRequired>false</IsRequired><Value i:nil="true"/></Attribute><Attribute z:Id="i329"><AttributeType>soft_lower_limit</AttributeType><IsRequired>false</IsRequired><Value i:nil="true"/></Attribute><Attribute z:Id="i330"><AttributeType>k_position</AttributeType><IsRequired>false</IsRequired><Value i:nil="true"/></Attribute><Attribute z:Id="i331"><AttributeType>k_velocity</AttributeType><IsRequired>true</IsRequired><Value i:nil="true"/></Attribute></Attributes><ChildElements/><ElementName>safety_controller</ElementName><required>false</required><KPositionAttribute z:Ref="i330"/><KVelocityAttribute z:Ref="i331"/><SoftLowerAttribute z:Ref="i329"/><SoftUpperAttribute z:Ref="i328"/></URDFElement><URDFElement z:Id="i332" i:type="Mimic"><Attributes><Attribute z:Id="i333"><AttributeType>joint</AttributeType><IsRequired>true</IsRequired><Value i:nil="true"/></Attribute><Attribute z:Id="i334"><AttributeType>multiplier</AttributeType><IsRequired>false</IsRequired><Value i:nil="true"/></Attribute><Attribute z:Id="i335"><AttributeType>offset</AttributeType><IsRequired>false</IsRequired><Value i:nil="true"/></Attribute></Attributes><ChildElements/><ElementName>mimic</ElementName><required>false</required><JointNameAttribute z:Ref="i333"/><MultiplierAttribute z:Ref="i334"/><OffsetAttribute z:Ref="i335"/></URDFElement></ChildElements><ElementName>joint</ElementName><required>false</required><Axis z:Ref="i314"/><AxisName>?????????????????????3</AxisName><Calibration z:Ref="i321"/><Child z:Ref="i312"/><CoordinateSystemName>?????????????????????3</CoordinateSystemName><Dynamics z:Ref="i324"/><Limit z:Ref="i316"/><Mimic z:Ref="i332"/><NameAttribute z:Ref="i305"/><Origin z:Ref="i307"/><Parent z:Ref="i310"/><Safety z:Ref="i327"/><TypeAttribute z:Ref="i306"/></URDFElement></ChildElements><ElementName>link</ElementName><required>true</required><Children/><Collision z:Ref="i297"/><Inertial z:Ref="i271"/><Joint z:Ref="i304"/><NameAttribute z:Ref="i270"/><Parent z:Ref="i202"/><STLQualityFine>false</STLQualityFine><SWComponentPIDs xmlns:a="http://schemas.microsoft.com/2003/10/Serialization/Arrays"><a:base64Binary>UEYAAAUAAAD//v8zRQAtAEMATABIAEoANwA1AC0ATgAtADIAQACVXth2O2DFiF8ATQBpAGQAMwA2ADAASHIvAEUALQBDAEwASABKADcANQAtAE4AXwB3AC0AMQBAAEUALQBDAEwASABKADcANQAtAE4ABAAAABAAAAABAAAAAgAAAEUIAAAVAAAA</a:base64Binary></SWComponentPIDs><SWMainComponentPID i:nil="true"/><Visual z:Ref="i284"/><isFixedFrame>false</isFixedFrame><isIncomplete>false</isIncomplete></Link></Children><Collision z:Ref="i230"/><Inertial z:Ref="i204"/><Joint z:Ref="i237"/><NameAttribute z:Ref="i203"/><Parent z:Ref="i1"/><STLQualityFine>false</STLQualityFine><SWComponentPIDs xmlns:a="http://schemas.microsoft.com/2003/10/Serialization/Arrays"><a:base64Binary>UEYAAAUAAAD//v8zRQAtAEMATABIAEoANwA1AC0ATgAtADIAQACVXth2O2DFiF8ATQBpAGQAMwA2ADAASHIvAEUALQBDAEwASABKADcANQAtAE4AXwBiAC0AMQBAAEUALQBDAEwASABKADcANQAtAE4ABAAAABAAAAABAAAAAgAAAEUIAAAUAAAA</a:base64Binary></SWComponentPIDs><SWMainComponentPID i:nil="true"/><Visual z:Ref="i217"/><isFixedFrame>false</isFixedFrame><isIncomplete>false</isIncomplete></Link><Link z:Id="i336"><Attributes><Attribute z:Id="i337"><AttributeType>name</AttributeType><IsRequired>true</IsRequired><Value i:type="a:string" xmlns:a="http://www.w3.org/2001/XMLSchema">rf_Link</Value></Attribute></Attributes><ChildElements><URDFElement z:Id="i338" i:type="Inertial"><Attributes/><ChildElements><URDFElement z:Id="i339" i:type="Origin"><Attributes><Attribute z:Id="i340"><AttributeType>xyz</AttributeType><IsRequired>true</IsRequired><Value i:type="a:ArrayOfdouble" xmlns:a="http://schemas.microsoft.com/2003/10/Serialization/Arrays"><a:double>-0.0047843948653409074</a:double><a:double>0.00019494050385544109</a:double><a:double>-0.020089741575926693</a:double></Value></Attribute><Attribute z:Id="i341"><AttributeType>rpy</AttributeType><IsRequired>true</IsRequired><Value i:type="a:ArrayOfdouble" xmlns:a="http://schemas.microsoft.com/2003/10/Serialization/Arrays"><a:double>0</a:double><a:double>0</a:double><a:double>0</a:double></Value></Attribute></Attributes><ChildElements/><ElementName>origin</ElementName><required>false</required><RPYAttribute z:Ref="i341"/><XYZAttribute z:Ref="i340"/><isCustomized>false</isCustomized></URDFElement><URDFElement z:Id="i342" i:type="Mass"><Attributes><Attribute z:Id="i343"><AttributeType>value</AttributeType><IsRequired>true</IsRequired><Value i:type="a:double" xmlns:a="http://www.w3.org/2001/XMLSchema">0.076433185256144245</Value></Attribute></Attributes><ChildElements/><ElementName>mass</ElementName><required>false</required><ValueAttribute z:Ref="i343"/></URDFElement><URDFElement z:Id="i344" i:type="Inertia"><Attributes><Attribute z:Id="i345"><AttributeType>ixx</AttributeType><IsRequired>true</IsRequired><Value i:type="a:double" xmlns:a="http://www.w3.org/2001/XMLSchema">6.3870777023600746E-05</Value></Attribute><Attribute z:Id="i346"><AttributeType>ixy</AttributeType><IsRequired>true</IsRequired><Value i:type="a:double" xmlns:a="http://www.w3.org/2001/XMLSchema">2.8712251915661875E-07</Value></Attribute><Attribute z:Id="i347"><AttributeType>ixz</AttributeType><IsRequired>true</IsRequired><Value i:type="a:double" xmlns:a="http://www.w3.org/2001/XMLSchema">-1.0409774057909429E-05</Value></Attribute><Attribute z:Id="i348"><AttributeType>iyy</AttributeType><IsRequired>true</IsRequired><Value i:type="a:double" xmlns:a="http://www.w3.org/2001/XMLSchema">5.8001018091224674E-05</Value></Attribute><Attribute z:Id="i349"><AttributeType>iyz</AttributeType><IsRequired>true</IsRequired><Value i:type="a:double" xmlns:a="http://www.w3.org/2001/XMLSchema">5.2740637032008321E-07</Value></Attribute><Attribute z:Id="i350"><AttributeType>izz</AttributeType><IsRequired>true</IsRequired><Value i:type="a:double" xmlns:a="http://www.w3.org/2001/XMLSchema">5.4010396952726121E-05</Value></Attribute></Attributes><ChildElements/><ElementName>inertia</ElementName><required>false</required><IxxAttribute z:Ref="i345"/><IxyAttribute z:Ref="i346"/><IxzAttribute z:Ref="i347"/><IyyAttribute z:Ref="i348"/><IyzAttribute z:Ref="i349"/><IzzAttribute z:Ref="i350"/></URDFElement></ChildElements><ElementName>inertial</ElementName><required>false</required><Inertia z:Ref="i344"/><Mass z:Ref="i342"/><Origin z:Ref="i339"/></URDFElement><URDFElement z:Id="i351" i:type="Visual"><Attributes/><ChildElements><URDFElement z:Id="i352" i:type="Origin"><Attributes><Attribute z:Id="i353"><AttributeType>xyz</AttributeType><IsRequired>true</IsRequired><Value i:type="a:ArrayOfdouble" xmlns:a="http://schemas.microsoft.com/2003/10/Serialization/Arrays"><a:double>0</a:double><a:double>0</a:double><a:double>0</a:double></Value></Attribute><Attribute z:Id="i354"><AttributeType>rpy</AttributeType><IsRequired>true</IsRequired><Value i:type="a:ArrayOfdouble" xmlns:a="http://schemas.microsoft.com/2003/10/Serialization/Arrays"><a:double>0</a:double><a:double>0</a:double><a:double>0</a:double></Value></Attribute></Attributes><ChildElements/><ElementName>origin</ElementName><required>false</required><RPYAttribute z:Ref="i354"/><XYZAttribute z:Ref="i353"/><isCustomized>false</isCustomized></URDFElement><URDFElement z:Id="i355" i:type="Geometry"><Attributes/><ChildElements><URDFElement z:Id="i356" i:type="Mesh"><Attributes><Attribute z:Id="i357"><AttributeType>filename</AttributeType><IsRequired>true</IsRequired><Value i:nil="true"/></Attribute></Attributes><ChildElements/><ElementName>mesh</ElementName><required>false</required><FilenameAttribute z:Ref="i357"/></URDFElement></ChildElements><ElementName>geometry</ElementName><required>true</required><Mesh z:Ref="i356"/></URDFElement><URDFElement z:Id="i358" i:type="Material"><Attributes><Attribute z:Id="i359"><AttributeType>name</AttributeType><IsRequired>true</IsRequired><Value i:type="a:string" xmlns:a="http://www.w3.org/2001/XMLSchema"/></Attribute></Attributes><ChildElements><URDFElement z:Id="i360" i:type="Color"><Attributes><Attribute z:Id="i361"><AttributeType>rgba</AttributeType><IsRequired>true</IsRequired><Value i:type="a:ArrayOfdouble" xmlns:a="http://schemas.microsoft.com/2003/10/Serialization/Arrays"><a:double>0.75686274509803919</a:double><a:double>0.76862745098039209</a:double><a:double>0.75294117647058822</a:double><a:double>1</a:double></Value></Attribute></Attributes><ChildElements/><ElementName>color</ElementName><required>false</required><RGBAAttribute z:Ref="i361"/></URDFElement><URDFElement z:Id="i362" i:type="Texture"><Attributes><Attribute z:Id="i363"><AttributeType>filename</AttributeType><IsRequired>true</IsRequired><Value i:nil="true"/></Attribute></Attributes><ChildElements/><ElementName>texture</ElementName><required>false</required><FilenameAttribute z:Ref="i363"/><wFilename/></URDFElement></ChildElements><ElementName>material</ElementName><required>false</required><Color z:Ref="i360"/><NameAttribute z:Ref="i359"/><Texture z:Ref="i362"/></URDFElement></ChildElements><ElementName>visual</ElementName><required>false</required><Geometry z:Ref="i355"/><Material z:Ref="i358"/><Origin z:Ref="i352"/></URDFElement><URDFElement z:Id="i364" i:type="Collision"><Attributes/><ChildElements><URDFElement z:Id="i365" i:type="Origin"><Attributes><Attribute z:Id="i366"><AttributeType>xyz</AttributeType><IsRequired>true</IsRequired><Value i:type="a:ArrayOfdouble" xmlns:a="http://schemas.microsoft.com/2003/10/Serialization/Arrays"><a:double>0</a:double><a:double>0</a:double><a:double>0</a:double></Value></Attribute><Attribute z:Id="i367"><AttributeType>rpy</AttributeType><IsRequired>true</IsRequired><Value i:type="a:ArrayOfdouble" xmlns:a="http://schemas.microsoft.com/2003/10/Serialization/Arrays"><a:double>0</a:double><a:double>0</a:double><a:double>0</a:double></Value></Attribute></Attributes><ChildElements/><ElementName>origin</ElementName><required>false</required><RPYAttribute z:Ref="i367"/><XYZAttribute z:Ref="i366"/><isCustomized>false</isCustomized></URDFElement><URDFElement z:Id="i368" i:type="Geometry"><Attributes/><ChildElements><URDFElement z:Id="i369" i:type="Mesh"><Attributes><Attribute z:Id="i370"><AttributeType>filename</AttributeType><IsRequired>true</IsRequired><Value i:nil="true"/></Attribute></Attributes><ChildElements/><ElementName>mesh</ElementName><required>false</required><FilenameAttribute z:Ref="i370"/></URDFElement></ChildElements><ElementName>geometry</ElementName><required>true</required><Mesh z:Ref="i369"/></URDFElement></ChildElements><ElementName>collision</ElementName><required>false</required><Geometry z:Ref="i368"/><Origin z:Ref="i365"/></URDFElement><URDFElement z:Id="i371" i:type="Joint"><Attributes><Attribute z:Id="i372"><AttributeType>name</AttributeType><IsRequired>true</IsRequired><Value i:type="a:string" xmlns:a="http://www.w3.org/2001/XMLSchema">rf_joint</Value></Attribute><Attribute z:Id="i373"><AttributeType>type</AttributeType><IsRequired>true</IsRequired><Value i:type="a:string" xmlns:a="http://www.w3.org/2001/XMLSchema">continuous</Value></Attribute></Attributes><ChildElements><URDFElement z:Id="i374" i:type="Origin"><Attributes><Attribute z:Id="i375"><AttributeType>xyz</AttributeType><IsRequired>true</IsRequired><Value i:type="a:ArrayOfdouble" xmlns:a="http://schemas.microsoft.com/2003/10/Serialization/Arrays"><a:double>0.3818</a:double><a:double>-0.17625</a:double><a:double>0.0052475</a:double></Value></Attribute><Attribute z:Id="i376"><AttributeType>rpy</AttributeType><IsRequired>true</IsRequired><Value i:type="a:ArrayOfdouble" xmlns:a="http://schemas.microsoft.com/2003/10/Serialization/Arrays"><a:double>0</a:double><a:double>0</a:double><a:double>0</a:double></Value></Attribute></Attributes><ChildElements/><ElementName>origin</ElementName><required>false</required><RPYAttribute z:Ref="i376"/><XYZAttribute z:Ref="i375"/><isCustomized>false</isCustomized></URDFElement><URDFElement z:Id="i377" i:type="ParentLink"><Attributes><Attribute z:Id="i378"><AttributeType>link</AttributeType><IsRequired>true</IsRequired><Value i:type="a:string" xmlns:a="http://www.w3.org/2001/XMLSchema">base_link</Value></Attribute></Attributes><ChildElements/><ElementName>parent</ElementName><required>true</required><NameAttribute z:Ref="i378"/></URDFElement><URDFElement z:Id="i379" i:type="ChildLink"><Attributes><Attribute z:Id="i380"><AttributeType>link</AttributeType><IsRequired>true</IsRequired><Value i:type="a:string" xmlns:a="http://www.w3.org/2001/XMLSchema">rf_Link</Value></Attribute></Attributes><ChildElements/><ElementName>child</ElementName><required>true</required><NameAttribute z:Ref="i380"/></URDFElement><URDFElement z:Id="i381" i:type="Axis"><Attributes><Attribute z:Id="i382"><AttributeType>xyz</AttributeType><IsRequired>true</IsRequired><Value i:type="a:ArrayOfdouble" xmlns:a="http://schemas.microsoft.com/2003/10/Serialization/Arrays"><a:double>0</a:double><a:double>0</a:double><a:double>-1</a:double></Value></Attribute></Attributes><ChildElements/><ElementName>axis</ElementName><required>false</required><XYZAttribute z:Ref="i382"/></URDFElement><URDFElement z:Id="i383" i:type="Limit"><Attributes><Attribute z:Id="i384"><AttributeType>lower</AttributeType><IsRequired>false</IsRequired><Value i:nil="true"/></Attribute><Attribute z:Id="i385"><AttributeType>upper</AttributeType><IsRequired>false</IsRequired><Value i:nil="true"/></Attribute><Attribute z:Id="i386"><AttributeType>effort</AttributeType><IsRequired>true</IsRequired><Value i:nil="true"/></Attribute><Attribute z:Id="i387"><AttributeType>velocity</AttributeType><IsRequired>true</IsRequired><Value i:nil="true"/></Attribute></Attributes><ChildElements/><ElementName>limit</ElementName><required>false</required><EffortAttribute z:Ref="i386"/><LowerAttribute z:Ref="i384"/><UpperAttribute z:Ref="i385"/><VelocityAttribute z:Ref="i387"/></URDFElement><URDFElement z:Id="i388" i:type="Calibration"><Attributes><Attribute z:Id="i389"><AttributeType>rising</AttributeType><IsRequired>false</IsRequired><Value i:nil="true"/></Attribute><Attribute z:Id="i390"><AttributeType>falling</AttributeType><IsRequired>false</IsRequired><Value i:nil="true"/></Attribute></Attributes><ChildElements/><ElementName>calibration</ElementName><required>false</required><FallingAttribute z:Ref="i390"/><RisingAttribute z:Ref="i389"/></URDFElement><URDFElement z:Id="i391" i:type="Dynamics"><Attributes><Attribute z:Id="i392"><AttributeType>damping</AttributeType><IsRequired>false</IsRequired><Value i:nil="true"/></Attribute><Attribute z:Id="i393"><AttributeType>friction</AttributeType><IsRequired>false</IsRequired><Value i:nil="true"/></Attribute></Attributes><ChildElements/><ElementName>dynamics</ElementName><required>false</required><DampingAttribute z:Ref="i392"/><FrictionAttribute z:Ref="i393"/></URDFElement><URDFElement z:Id="i394" i:type="SafetyController"><Attributes><Attribute z:Id="i395"><AttributeType>soft_upper_limit</AttributeType><IsRequired>false</IsRequired><Value i:nil="true"/></Attribute><Attribute z:Id="i396"><AttributeType>soft_lower_limit</AttributeType><IsRequired>false</IsRequired><Value i:nil="true"/></Attribute><Attribute z:Id="i397"><AttributeType>k_position</AttributeType><IsRequired>false</IsRequired><Value i:nil="true"/></Attribute><Attribute z:Id="i398"><AttributeType>k_velocity</AttributeType><IsRequired>true</IsRequired><Value i:nil="true"/></Attribute></Attributes><ChildElements/><ElementName>safety_controller</ElementName><required>false</required><KPositionAttribute z:Ref="i397"/><KVelocityAttribute z:Ref="i398"/><SoftLowerAttribute z:Ref="i396"/><SoftUpperAttribute z:Ref="i395"/></URDFElement><URDFElement z:Id="i399" i:type="Mimic"><Attributes><Attribute z:Id="i400"><AttributeType>joint</AttributeType><IsRequired>true</IsRequired><Value i:nil="true"/></Attribute><Attribute z:Id="i401"><AttributeType>multiplier</AttributeType><IsRequired>false</IsRequired><Value i:nil="true"/></Attribute><Attribute z:Id="i402"><AttributeType>offset</AttributeType><IsRequired>false</IsRequired><Value i:nil="true"/></Attribute></Attributes><ChildElements/><ElementName>mimic</ElementName><required>false</required><JointNameAttribute z:Ref="i400"/><MultiplierAttribute z:Ref="i401"/><OffsetAttribute z:Ref="i402"/></URDFElement></ChildElements><ElementName>joint</ElementName><required>false</required><Axis z:Ref="i381"/><AxisName>??????????????????6</AxisName><Calibration z:Ref="i388"/><Child z:Ref="i379"/><CoordinateSystemName>??????????????????6</CoordinateSystemName><Dynamics z:Ref="i391"/><Limit z:Ref="i383"/><Mimic z:Ref="i399"/><NameAttribute z:Ref="i372"/><Origin z:Ref="i374"/><Parent z:Ref="i377"/><Safety z:Ref="i394"/><TypeAttribute z:Ref="i373"/></URDFElement></ChildElements><ElementName>link</ElementName><required>true</required><Children><Link z:Id="i403"><Attributes><Attribute z:Id="i404"><AttributeType>name</AttributeType><IsRequired>true</IsRequired><Value i:type="a:string" xmlns:a="http://www.w3.org/2001/XMLSchema">rf_wheel_Link</Value></Attribute></Attributes><ChildElements><URDFElement z:Id="i405" i:type="Inertial"><Attributes/><ChildElements><URDFElement z:Id="i406" i:type="Origin"><Attributes><Attribute z:Id="i407"><AttributeType>xyz</AttributeType><IsRequired>true</IsRequired><Value i:type="a:ArrayOfdouble" xmlns:a="http://schemas.microsoft.com/2003/10/Serialization/Arrays"><a:double>2.3862723885770265E-07</a:double><a:double>1.4580389846863273E-10</a:double><a:double>-5.8242737840941139E-08</a:double></Value></Attribute><Attribute z:Id="i408"><AttributeType>rpy</AttributeType><IsRequired>true</IsRequired><Value i:type="a:ArrayOfdouble" xmlns:a="http://schemas.microsoft.com/2003/10/Serialization/Arrays"><a:double>0</a:double><a:double>0</a:double><a:double>0</a:double></Value></Attribute></Attributes><ChildElements/><ElementName>origin</ElementName><required>false</required><RPYAttribute z:Ref="i408"/><XYZAttribute z:Ref="i407"/><isCustomized>false</isCustomized></URDFElement><URDFElement z:Id="i409" i:type="Mass"><Attributes><Attribute z:Id="i410"><AttributeType>value</AttributeType><IsRequired>true</IsRequired><Value i:type="a:double" xmlns:a="http://www.w3.org/2001/XMLSchema">0.15046763775035266</Value></Attribute></Attributes><ChildElements/><ElementName>mass</ElementName><required>false</required><ValueAttribute z:Ref="i410"/></URDFElement><URDFElement z:Id="i411" i:type="Inertia"><Attributes><Attribute z:Id="i412"><AttributeType>ixx</AttributeType><IsRequired>true</IsRequired><Value i:type="a:double" xmlns:a="http://www.w3.org/2001/XMLSchema">7.04259874807456E-05</Value></Attribute><Attribute z:Id="i413"><AttributeType>ixy</AttributeType><IsRequired>true</IsRequired><Value i:type="a:double" xmlns:a="http://www.w3.org/2001/XMLSchema">2.5531451307056841E-13</Value></Attribute><Attribute z:Id="i414"><AttributeType>ixz</AttributeType><IsRequired>true</IsRequired><Value i:type="a:double" xmlns:a="http://www.w3.org/2001/XMLSchema">6.7518873802313405E-12</Value></Attribute><Attribute z:Id="i415"><AttributeType>iyy</AttributeType><IsRequired>true</IsRequired><Value i:type="a:double" xmlns:a="http://www.w3.org/2001/XMLSchema">0.00010833387040612425</Value></Attribute><Attribute z:Id="i416"><AttributeType>iyz</AttributeType><IsRequired>true</IsRequired><Value i:type="a:double" xmlns:a="http://www.w3.org/2001/XMLSchema">-2.6232252665531968E-10</Value></Attribute><Attribute z:Id="i417"><AttributeType>izz</AttributeType><IsRequired>true</IsRequired><Value i:type="a:double" xmlns:a="http://www.w3.org/2001/XMLSchema">7.0430149980170957E-05</Value></Attribute></Attributes><ChildElements/><ElementName>inertia</ElementName><required>false</required><IxxAttribute z:Ref="i412"/><IxyAttribute z:Ref="i413"/><IxzAttribute z:Ref="i414"/><IyyAttribute z:Ref="i415"/><IyzAttribute z:Ref="i416"/><IzzAttribute z:Ref="i417"/></URDFElement></ChildElements><ElementName>inertial</ElementName><required>false</required><Inertia z:Ref="i411"/><Mass z:Ref="i409"/><Origin z:Ref="i406"/></URDFElement><URDFElement z:Id="i418" i:type="Visual"><Attributes/><ChildElements><URDFElement z:Id="i419" i:type="Origin"><Attributes><Attribute z:Id="i420"><AttributeType>xyz</AttributeType><IsRequired>true</IsRequired><Value i:type="a:ArrayOfdouble" xmlns:a="http://schemas.microsoft.com/2003/10/Serialization/Arrays"><a:double>0</a:double><a:double>0</a:double><a:double>0</a:double></Value></Attribute><Attribute z:Id="i421"><AttributeType>rpy</AttributeType><IsRequired>true</IsRequired><Value i:type="a:ArrayOfdouble" xmlns:a="http://schemas.microsoft.com/2003/10/Serialization/Arrays"><a:double>0</a:double><a:double>0</a:double><a:double>0</a:double></Value></Attribute></Attributes><ChildElements/><ElementName>origin</ElementName><required>false</required><RPYAttribute z:Ref="i421"/><XYZAttribute z:Ref="i420"/><isCustomized>false</isCustomized></URDFElement><URDFElement z:Id="i422" i:type="Geometry"><Attributes/><ChildElements><URDFElement z:Id="i423" i:type="Mesh"><Attributes><Attribute z:Id="i424"><AttributeType>filename</AttributeType><IsRequired>true</IsRequired><Value i:nil="true"/></Attribute></Attributes><ChildElements/><ElementName>mesh</ElementName><required>false</required><FilenameAttribute z:Ref="i424"/></URDFElement></ChildElements><ElementName>geometry</ElementName><required>true</required><Mesh z:Ref="i423"/></URDFElement><URDFElement z:Id="i425" i:type="Material"><Attributes><Attribute z:Id="i426"><AttributeType>name</AttributeType><IsRequired>true</IsRequired><Value i:type="a:string" xmlns:a="http://www.w3.org/2001/XMLSchema"/></Attribute></Attributes><ChildElements><URDFElement z:Id="i427" i:type="Color"><Attributes><Attribute z:Id="i428"><AttributeType>rgba</AttributeType><IsRequired>true</IsRequired><Value i:type="a:ArrayOfdouble" xmlns:a="http://schemas.microsoft.com/2003/10/Serialization/Arrays"><a:double>0.75686274509803919</a:double><a:double>0.76862745098039209</a:double><a:double>0.75294117647058822</a:double><a:double>1</a:double></Value></Attribute></Attributes><ChildElements/><ElementName>color</ElementName><required>false</required><RGBAAttribute z:Ref="i428"/></URDFElement><URDFElement z:Id="i429" i:type="Texture"><Attributes><Attribute z:Id="i430"><AttributeType>filename</AttributeType><IsRequired>true</IsRequired><Value i:nil="true"/></Attribute></Attributes><ChildElements/><ElementName>texture</ElementName><required>false</required><FilenameAttribute z:Ref="i430"/><wFilename/></URDFElement></ChildElements><ElementName>material</ElementName><required>false</required><Color z:Ref="i427"/><NameAttribute z:Ref="i426"/><Texture z:Ref="i429"/></URDFElement></ChildElements><ElementName>visual</ElementName><required>false</required><Geometry z:Ref="i422"/><Material z:Ref="i425"/><Origin z:Ref="i419"/></URDFElement><URDFElement z:Id="i431" i:type="Collision"><Attributes/><ChildElements><URDFElement z:Id="i432" i:type="Origin"><Attributes><Attribute z:Id="i433"><AttributeType>xyz</AttributeType><IsRequired>true</IsRequired><Value i:type="a:ArrayOfdouble" xmlns:a="http://schemas.microsoft.com/2003/10/Serialization/Arrays"><a:double>0</a:double><a:double>0</a:double><a:double>0</a:double></Value></Attribute><Attribute z:Id="i434"><AttributeType>rpy</AttributeType><IsRequired>true</IsRequired><Value i:type="a:ArrayOfdouble" xmlns:a="http://schemas.microsoft.com/2003/10/Serialization/Arrays"><a:double>0</a:double><a:double>0</a:double><a:double>0</a:double></Value></Attribute></Attributes><ChildElements/><ElementName>origin</ElementName><required>false</required><RPYAttribute z:Ref="i434"/><XYZAttribute z:Ref="i433"/><isCustomized>false</isCustomized></URDFElement><URDFElement z:Id="i435" i:type="Geometry"><Attributes/><ChildElements><URDFElement z:Id="i436" i:type="Mesh"><Attributes><Attribute z:Id="i437"><AttributeType>filename</AttributeType><IsRequired>true</IsRequired><Value i:nil="true"/></Attribute></Attributes><ChildElements/><ElementName>mesh</ElementName><required>false</required><FilenameAttribute z:Ref="i437"/></URDFElement></ChildElements><ElementName>geometry</ElementName><required>true</required><Mesh z:Ref="i436"/></URDFElement></ChildElements><ElementName>collision</ElementName><required>false</required><Geometry z:Ref="i435"/><Origin z:Ref="i432"/></URDFElement><URDFElement z:Id="i438" i:type="Joint"><Attributes><Attribute z:Id="i439"><AttributeType>name</AttributeType><IsRequired>true</IsRequired><Value i:type="a:string" xmlns:a="http://www.w3.org/2001/XMLSchema">rf_wheel_joint</Value></Attribute><Attribute z:Id="i440"><AttributeType>type</AttributeType><IsRequired>true</IsRequired><Value i:type="a:string" xmlns:a="http://www.w3.org/2001/XMLSchema">continuous</Value></Attribute></Attributes><ChildElements><URDFElement z:Id="i441" i:type="Origin"><Attributes><Attribute z:Id="i442"><AttributeType>xyz</AttributeType><IsRequired>true</IsRequired><Value i:type="a:ArrayOfdouble" xmlns:a="http://schemas.microsoft.com/2003/10/Serialization/Arrays"><a:double>-0.024001</a:double><a:double>0</a:double><a:double>-0.055747</a:double></Value></Attribute><Attribute z:Id="i443"><AttributeType>rpy</AttributeType><IsRequired>true</IsRequired><Value i:type="a:ArrayOfdouble" xmlns:a="http://schemas.microsoft.com/2003/10/Serialization/Arrays"><a:double>0</a:double><a:double>0</a:double><a:double>0</a:double></Value></Attribute></Attributes><ChildElements/><ElementName>origin</ElementName><required>false</required><RPYAttribute z:Ref="i443"/><XYZAttribute z:Ref="i442"/><isCustomized>false</isCustomized></URDFElement><URDFElement z:Id="i444" i:type="ParentLink"><Attributes><Attribute z:Id="i445"><AttributeType>link</AttributeType><IsRequired>true</IsRequired><Value i:type="a:string" xmlns:a="http://www.w3.org/2001/XMLSchema">rf_Link</Value></Attribute></Attributes><ChildElements/><ElementName>parent</ElementName><required>true</required><NameAttribute z:Ref="i445"/></URDFElement><URDFElement z:Id="i446" i:type="ChildLink"><Attributes><Attribute z:Id="i447"><AttributeType>link</AttributeType><IsRequired>true</IsRequired><Value i:type="a:string" xmlns:a="http://www.w3.org/2001/XMLSchema">rf_wheel_Link</Value></Attribute></Attributes><ChildElements/><ElementName>child</ElementName><required>true</required><NameAttribute z:Ref="i447"/></URDFElement><URDFElement z:Id="i448" i:type="Axis"><Attributes><Attribute z:Id="i449"><AttributeType>xyz</AttributeType><IsRequired>true</IsRequired><Value i:type="a:ArrayOfdouble" xmlns:a="http://schemas.microsoft.com/2003/10/Serialization/Arrays"><a:double>0</a:double><a:double>-1</a:double><a:double>0</a:double></Value></Attribute></Attributes><ChildElements/><ElementName>axis</ElementName><required>false</required><XYZAttribute z:Ref="i449"/></URDFElement><URDFElement z:Id="i450" i:type="Limit"><Attributes><Attribute z:Id="i451"><AttributeType>lower</AttributeType><IsRequired>false</IsRequired><Value i:nil="true"/></Attribute><Attribute z:Id="i452"><AttributeType>upper</AttributeType><IsRequired>false</IsRequired><Value i:nil="true"/></Attribute><Attribute z:Id="i453"><AttributeType>effort</AttributeType><IsRequired>true</IsRequired><Value i:nil="true"/></Attribute><Attribute z:Id="i454"><AttributeType>velocity</AttributeType><IsRequired>true</IsRequired><Value i:nil="true"/></Attribute></Attributes><ChildElements/><ElementName>limit</ElementName><required>false</required><EffortAttribute z:Ref="i453"/><LowerAttribute z:Ref="i451"/><UpperAttribute z:Ref="i452"/><VelocityAttribute z:Ref="i454"/></URDFElement><URDFElement z:Id="i455" i:type="Calibration"><Attributes><Attribute z:Id="i456"><AttributeType>rising</AttributeType><IsRequired>false</IsRequired><Value i:nil="true"/></Attribute><Attribute z:Id="i457"><AttributeType>falling</AttributeType><IsRequired>false</IsRequired><Value i:nil="true"/></Attribute></Attributes><ChildElements/><ElementName>calibration</ElementName><required>false</required><FallingAttribute z:Ref="i457"/><RisingAttribute z:Ref="i456"/></URDFElement><URDFElement z:Id="i458" i:type="Dynamics"><Attributes><Attribute z:Id="i459"><AttributeType>damping</AttributeType><IsRequired>false</IsRequired><Value i:nil="true"/></Attribute><Attribute z:Id="i460"><AttributeType>friction</AttributeType><IsRequired>false</IsRequired><Value i:nil="true"/></Attribute></Attributes><ChildElements/><ElementName>dynamics</ElementName><required>false</required><DampingAttribute z:Ref="i459"/><FrictionAttribute z:Ref="i460"/></URDFElement><URDFElement z:Id="i461" i:type="SafetyController"><Attributes><Attribute z:Id="i462"><AttributeType>soft_upper_limit</AttributeType><IsRequired>false</IsRequired><Value i:nil="true"/></Attribute><Attribute z:Id="i463"><AttributeType>soft_lower_limit</AttributeType><IsRequired>false</IsRequired><Value i:nil="true"/></Attribute><Attribute z:Id="i464"><AttributeType>k_position</AttributeType><IsRequired>false</IsRequired><Value i:nil="true"/></Attribute><Attribute z:Id="i465"><AttributeType>k_velocity</AttributeType><IsRequired>true</IsRequired><Value i:nil="true"/></Attribute></Attributes><ChildElements/><ElementName>safety_controller</ElementName><required>false</required><KPositionAttribute z:Ref="i464"/><KVelocityAttribute z:Ref="i465"/><SoftLowerAttribute z:Ref="i463"/><SoftUpperAttribute z:Ref="i462"/></URDFElement><URDFElement z:Id="i466" i:type="Mimic"><Attributes><Attribute z:Id="i467"><AttributeType>joint</AttributeType><IsRequired>true</IsRequired><Value i:nil="true"/></Attribute><Attribute z:Id="i468"><AttributeType>multiplier</AttributeType><IsRequired>false</IsRequired><Value i:nil="true"/></Attribute><Attribute z:Id="i469"><AttributeType>offset</AttributeType><IsRequired>false</IsRequired><Value i:nil="true"/></Attribute></Attributes><ChildElements/><ElementName>mimic</ElementName><required>false</required><JointNameAttribute z:Ref="i467"/><MultiplierAttribute z:Ref="i468"/><OffsetAttribute z:Ref="i469"/></URDFElement></ChildElements><ElementName>joint</ElementName><required>false</required><Axis z:Ref="i448"/><AxisName>?????????????????????4</AxisName><Calibration z:Ref="i455"/><Child z:Ref="i446"/><CoordinateSystemName>?????????????????????4</CoordinateSystemName><Dynamics z:Ref="i458"/><Limit z:Ref="i450"/><Mimic z:Ref="i466"/><NameAttribute z:Ref="i439"/><Origin z:Ref="i441"/><Parent z:Ref="i444"/><Safety z:Ref="i461"/><TypeAttribute z:Ref="i440"/></URDFElement></ChildElements><ElementName>link</ElementName><required>true</required><Children/><Collision z:Ref="i431"/><Inertial z:Ref="i405"/><Joint z:Ref="i438"/><NameAttribute z:Ref="i404"/><Parent z:Ref="i336"/><STLQualityFine>false</STLQualityFine><SWComponentPIDs xmlns:a="http://schemas.microsoft.com/2003/10/Serialization/Arrays"><a:base64Binary>UEYAAAUAAAD//v8zRQAtAEMATABIAEoANwA1AC0ATgAtADEAQACVXth2O2DFiF8ATQBpAGQAMwA2ADAASHIvAEUALQBDAEwASABKADcANQAtAE4AXwB3AC0AMQBAAEUALQBDAEwASABKADcANQAtAE4ABAAAABAAAAABAAAAAgAAACkIAAAVAAAA</a:base64Binary></SWComponentPIDs><SWMainComponentPID i:nil="true"/><Visual z:Ref="i418"/><isFixedFrame>false</isFixedFrame><isIncomplete>false</isIncomplete></Link></Children><Collision z:Ref="i364"/><Inertial z:Ref="i338"/><Joint z:Ref="i371"/><NameAttribute z:Ref="i337"/><Parent z:Ref="i1"/><STLQualityFine>false</STLQualityFine><SWComponentPIDs xmlns:a="http://schemas.microsoft.com/2003/10/Serialization/Arrays"><a:base64Binary>UEYAAAUAAAD//v8zRQAtAEMATABIAEoANwA1AC0ATgAtADEAQACVXth2O2DFiF8ATQBpAGQAMwA2ADAASHIvAEUALQBDAEwASABKADcANQAtAE4AXwBiAC0AMQBAAEUALQBDAEwASABKADcANQAtAE4ABAAAABAAAAABAAAAAgAAACkIAAAUAAAA</a:base64Binary></SWComponentPIDs><SWMainComponentPID i:nil="true"/><Visual z:Ref="i351"/><isFixedFrame>false</isFixedFrame><isIncomplete>false</isIncomplete></Link><Link z:Id="i470"><Attributes><Attribute z:Id="i471"><AttributeType>name</AttributeType><IsRequired>true</IsRequired><Value i:type="a:string" xmlns:a="http://www.w3.org/2001/XMLSchema">lidar_link</Value></Attribute></Attributes><ChildElements><URDFElement z:Id="i472" i:type="Inertial"><Attributes/><ChildElements><URDFElement z:Id="i473" i:type="Origin"><Attributes><Attribute z:Id="i474"><AttributeType>xyz</AttributeType><IsRequired>true</IsRequired><Value i:type="a:ArrayOfdouble" xmlns:a="http://schemas.microsoft.com/2003/10/Serialization/Arrays"><a:double>-0.00019957453480152348</a:double><a:double>-6.3503248466101336E-06</a:double><a:double>-0.017467393478785231</a:double></Value></Attribute><Attribute z:Id="i475"><AttributeType>rpy</AttributeType><IsRequired>true</IsRequired><Value i:type="a:ArrayOfdouble" xmlns:a="http://schemas.microsoft.com/2003/10/Serialization/Arrays"><a:double>0</a:double><a:double>0</a:double><a:double>0</a:double></Value></Attribute></Attributes><ChildElements/><ElementName>origin</ElementName><required>false</required><RPYAttribute z:Ref="i475"/><XYZAttribute z:Ref="i474"/><isCustomized>false</isCustomized></URDFElement><URDFElement z:Id="i476" i:type="Mass"><Attributes><Attribute z:Id="i477"><AttributeType>value</AttributeType><IsRequired>true</IsRequired><Value i:type="a:double" xmlns:a="http://www.w3.org/2001/XMLSchema">0.14188701649649027</Value></Attribute></Attributes><ChildElements/><ElementName>mass</ElementName><required>false</required><ValueAttribute z:Ref="i477"/></URDFElement><URDFElement z:Id="i478" i:type="Inertia"><Attributes><Attribute z:Id="i479"><AttributeType>ixx</AttributeType><IsRequired>true</IsRequired><Value i:type="a:double" xmlns:a="http://www.w3.org/2001/XMLSchema">4.179750798611573E-05</Value></Attribute><Attribute z:Id="i480"><AttributeType>ixy</AttributeType><IsRequired>true</IsRequired><Value i:type="a:double" xmlns:a="http://www.w3.org/2001/XMLSchema">-5.7071231186102012E-09</Value></Attribute><Attribute z:Id="i481"><AttributeType>ixz</AttributeType><IsRequired>true</IsRequired><Value i:type="a:double" xmlns:a="http://www.w3.org/2001/XMLSchema">3.0532248058674658E-07</Value></Attribute><Attribute z:Id="i482"><AttributeType>iyy</AttributeType><IsRequired>true</IsRequired><Value i:type="a:double" xmlns:a="http://www.w3.org/2001/XMLSchema">4.50771350177418E-05</Value></Attribute><Attribute z:Id="i483"><AttributeType>iyz</AttributeType><IsRequired>true</IsRequired><Value i:type="a:double" xmlns:a="http://www.w3.org/2001/XMLSchema">-4.4895103968141249E-10</Value></Attribute><Attribute z:Id="i484"><AttributeType>izz</AttributeType><IsRequired>true</IsRequired><Value i:type="a:double" xmlns:a="http://www.w3.org/2001/XMLSchema">6.8799423647262389E-05</Value></Attribute></Attributes><ChildElements/><ElementName>inertia</ElementName><required>false</required><IxxAttribute z:Ref="i479"/><IxyAttribute z:Ref="i480"/><IxzAttribute z:Ref="i481"/><IyyAttribute z:Ref="i482"/><IyzAttribute z:Ref="i483"/><IzzAttribute z:Ref="i484"/></URDFElement></ChildElements><ElementName>inertial</ElementName><required>false</required><Inertia z:Ref="i478"/><Mass z:Ref="i476"/><Origin z:Ref="i473"/></URDFElement><URDFElement z:Id="i485" i:type="Visual"><Attributes/><ChildElements><URDFElement z:Id="i486" i:type="Origin"><Attributes><Attribute z:Id="i487"><AttributeType>xyz</AttributeType><IsRequired>true</IsRequired><Value i:type="a:ArrayOfdouble" xmlns:a="http://schemas.microsoft.com/2003/10/Serialization/Arrays"><a:double>0</a:double><a:double>0</a:double><a:double>0</a:double></Value></Attribute><Attribute z:Id="i488"><AttributeType>rpy</AttributeType><IsRequired>true</IsRequired><Value i:type="a:ArrayOfdouble" xmlns:a="http://schemas.microsoft.com/2003/10/Serialization/Arrays"><a:double>0</a:double><a:double>0</a:double><a:double>0</a:double></Value></Attribute></Attributes><ChildElements/><ElementName>origin</ElementName><required>false</required><RPYAttribute z:Ref="i488"/><XYZAttribute z:Ref="i487"/><isCustomized>false</isCustomized></URDFElement><URDFElement z:Id="i489" i:type="Geometry"><Attributes/><ChildElements><URDFElement z:Id="i490" i:type="Mesh"><Attributes><Attribute z:Id="i491"><AttributeType>filename</AttributeType><IsRequired>true</IsRequired><Value i:nil="true"/></Attribute></Attributes><ChildElements/><ElementName>mesh</ElementName><required>false</required><FilenameAttribute z:Ref="i491"/></URDFElement></ChildElements><ElementName>geometry</ElementName><required>true</required><Mesh z:Ref="i490"/></URDFElement><URDFElement z:Id="i492" i:type="Material"><Attributes><Attribute z:Id="i493"><AttributeType>name</AttributeType><IsRequired>true</IsRequired><Value i:type="a:string" xmlns:a="http://www.w3.org/2001/XMLSchema"/></Attribute></Attributes><ChildElements><URDFElement z:Id="i494" i:type="Color"><Attributes><Attribute z:Id="i495"><AttributeType>rgba</AttributeType><IsRequired>true</IsRequired><Value i:type="a:ArrayOfdouble" xmlns:a="http://schemas.microsoft.com/2003/10/Serialization/Arrays"><a:double>0.75294117647058822</a:double><a:double>0.75294117647058822</a:double><a:double>0.75294117647058822</a:double><a:double>1</a:double></Value></Attribute></Attributes><ChildElements/><ElementName>color</ElementName><required>false</required><RGBAAttribute z:Ref="i495"/></URDFElement><URDFElement z:Id="i496" i:type="Texture"><Attributes><Attribute z:Id="i497"><AttributeType>filename</AttributeType><IsRequired>true</IsRequired><Value i:nil="true"/></Attribute></Attributes><ChildElements/><ElementName>texture</ElementName><required>false</required><FilenameAttribute z:Ref="i497"/><wFilename/></URDFElement></ChildElements><ElementName>material</ElementName><required>false</required><Color z:Ref="i494"/><NameAttribute z:Ref="i493"/><Texture z:Ref="i496"/></URDFElement></ChildElements><ElementName>visual</ElementName><required>false</required><Geometry z:Ref="i489"/><Material z:Ref="i492"/><Origin z:Ref="i486"/></URDFElement><URDFElement z:Id="i498" i:type="Collision"><Attributes/><ChildElements><URDFElement z:Id="i499" i:type="Origin"><Attributes><Attribute z:Id="i500"><AttributeType>xyz</AttributeType><IsRequired>true</IsRequired><Value i:type="a:ArrayOfdouble" xmlns:a="http://schemas.microsoft.com/2003/10/Serialization/Arrays"><a:double>0</a:double><a:double>0</a:double><a:double>0</a:double></Value></Attribute><Attribute z:Id="i501"><AttributeType>rpy</AttributeType><IsRequired>true</IsRequired><Value i:type="a:ArrayOfdouble" xmlns:a="http://schemas.microsoft.com/2003/10/Serialization/Arrays"><a:double>0</a:double><a:double>0</a:double><a:double>0</a:double></Value></Attribute></Attributes><ChildElements/><ElementName>origin</ElementName><required>false</required><RPYAttribute z:Ref="i501"/><XYZAttribute z:Ref="i500"/><isCustomized>false</isCustomized></URDFElement><URDFElement z:Id="i502" i:type="Geometry"><Attributes/><ChildElements><URDFElement z:Id="i503" i:type="Mesh"><Attributes><Attribute z:Id="i504"><AttributeType>filename</AttributeType><IsRequired>true</IsRequired><Value i:nil="true"/></Attribute></Attributes><ChildElements/><ElementName>mesh</ElementName><required>false</required><FilenameAttribute z:Ref="i504"/></URDFElement></ChildElements><ElementName>geometry</ElementName><required>true</required><Mesh z:Ref="i503"/></URDFElement></ChildElements><ElementName>collision</ElementName><required>false</required><Geometry z:Ref="i502"/><Origin z:Ref="i499"/></URDFElement><URDFElement z:Id="i505" i:type="Joint"><Attributes><Attribute z:Id="i506"><AttributeType>name</AttributeType><IsRequired>true</IsRequired><Value i:type="a:string" xmlns:a="http://www.w3.org/2001/XMLSchema">lidar_joint</Value></Attribute><Attribute z:Id="i507"><AttributeType>type</AttributeType><IsRequired>true</IsRequired><Value i:type="a:string" xmlns:a="http://www.w3.org/2001/XMLSchema">fixed</Value></Attribute></Attributes><ChildElements><URDFElement z:Id="i508" i:type="Origin"><Attributes><Attribute z:Id="i509"><AttributeType>xyz</AttributeType><IsRequired>true</IsRequired><Value i:type="a:ArrayOfdouble" xmlns:a="http://schemas.microsoft.com/2003/10/Serialization/Arrays"><a:double>0.2528</a:double><a:double>-0.049062</a:double><a:double>1.3221</a:double></Value></Attribute><Attribute z:Id="i510"><AttributeType>rpy</AttributeType><IsRequired>true</IsRequired><Value i:type="a:ArrayOfdouble" xmlns:a="http://schemas.microsoft.com/2003/10/Serialization/Arrays"><a:double>3.1416</a:double><a:double>0</a:double><a:double>0</a:double></Value></Attribute></Attributes><ChildElements/><ElementName>origin</ElementName><required>false</required><RPYAttribute z:Ref="i510"/><XYZAttribute z:Ref="i509"/><isCustomized>false</isCustomized></URDFElement><URDFElement z:Id="i511" i:type="ParentLink"><Attributes><Attribute z:Id="i512"><AttributeType>link</AttributeType><IsRequired>true</IsRequired><Value i:type="a:string" xmlns:a="http://www.w3.org/2001/XMLSchema">base_link</Value></Attribute></Attributes><ChildElements/><ElementName>parent</ElementName><required>true</required><NameAttribute z:Ref="i512"/></URDFElement><URDFElement z:Id="i513" i:type="ChildLink"><Attributes><Attribute z:Id="i514"><AttributeType>link</AttributeType><IsRequired>true</IsRequired><Value i:type="a:string" xmlns:a="http://www.w3.org/2001/XMLSchema">lidar_link</Value></Attribute></Attributes><ChildElements/><ElementName>child</ElementName><required>true</required><NameAttribute z:Ref="i514"/></URDFElement><URDFElement z:Id="i515" i:type="Axis"><Attributes><Attribute z:Id="i516"><AttributeType>xyz</AttributeType><IsRequired>true</IsRequired><Value i:type="a:ArrayOfdouble" xmlns:a="http://schemas.microsoft.com/2003/10/Serialization/Arrays"><a:double>0</a:double><a:double>0</a:double><a:double>0</a:double></Value></Attribute></Attributes><ChildElements/><ElementName>axis</ElementName><required>false</required><XYZAttribute z:Ref="i516"/></URDFElement><URDFElement z:Id="i517" i:type="Limit"><Attributes><Attribute z:Id="i518"><AttributeType>lower</AttributeType><IsRequired>false</IsRequired><Value i:nil="true"/></Attribute><Attribute z:Id="i519"><AttributeType>upper</AttributeType><IsRequired>false</IsRequired><Value i:nil="true"/></Attribute><Attribute z:Id="i520"><AttributeType>effort</AttributeType><IsRequired>true</IsRequired><Value i:nil="true"/></Attribute><Attribute z:Id="i521"><AttributeType>velocity</AttributeType><IsRequired>true</IsRequired><Value i:nil="true"/></Attribute></Attributes><ChildElements/><ElementName>limit</ElementName><required>false</required><EffortAttribute z:Ref="i520"/><LowerAttribute z:Ref="i518"/><UpperAttribute z:Ref="i519"/><VelocityAttribute z:Ref="i521"/></URDFElement><URDFElement z:Id="i522" i:type="Calibration"><Attributes><Attribute z:Id="i523"><AttributeType>rising</AttributeType><IsRequired>false</IsRequired><Value i:nil="true"/></Attribute><Attribute z:Id="i524"><AttributeType>falling</AttributeType><IsRequired>false</IsRequired><Value i:nil="true"/></Attribute></Attributes><ChildElements/><ElementName>calibration</ElementName><required>false</required><FallingAttribute z:Ref="i524"/><RisingAttribute z:Ref="i523"/></URDFElement><URDFElement z:Id="i525" i:type="Dynamics"><Attributes><Attribute z:Id="i526"><AttributeType>damping</AttributeType><IsRequired>false</IsRequired><Value i:nil="true"/></Attribute><Attribute z:Id="i527"><AttributeType>friction</AttributeType><IsRequired>false</IsRequired><Value i:nil="true"/></Attribute></Attributes><ChildElements/><ElementName>dynamics</ElementName><required>false</required><DampingAttribute z:Ref="i526"/><FrictionAttribute z:Ref="i527"/></URDFElement><URDFElement z:Id="i528" i:type="SafetyController"><Attributes><Attribute z:Id="i529"><AttributeType>soft_upper_limit</AttributeType><IsRequired>false</IsRequired><Value i:nil="true"/></Attribute><Attribute z:Id="i530"><AttributeType>soft_lower_limit</AttributeType><IsRequired>false</IsRequired><Value i:nil="true"/></Attribute><Attribute z:Id="i531"><AttributeType>k_position</AttributeType><IsRequired>false</IsRequired><Value i:nil="true"/></Attribute><Attribute z:Id="i532"><AttributeType>k_velocity</AttributeType><IsRequired>true</IsRequired><Value i:nil="true"/></Attribute></Attributes><ChildElements/><ElementName>safety_controller</ElementName><required>false</required><KPositionAttribute z:Ref="i531"/><KVelocityAttribute z:Ref="i532"/><SoftLowerAttribute z:Ref="i530"/><SoftUpperAttribute z:Ref="i529"/></URDFElement><URDFElement z:Id="i533" i:type="Mimic"><Attributes><Attribute z:Id="i534"><AttributeType>joint</AttributeType><IsRequired>true</IsRequired><Value i:nil="true"/></Attribute><Attribute z:Id="i535"><AttributeType>multiplier</AttributeType><IsRequired>false</IsRequired><Value i:nil="true"/></Attribute><Attribute z:Id="i536"><AttributeType>offset</AttributeType><IsRequired>false</IsRequired><Value i:nil="true"/></Attribute></Attributes><ChildElements/><ElementName>mimic</ElementName><required>false</required><JointNameAttribute z:Ref="i534"/><MultiplierAttribute z:Ref="i535"/><OffsetAttribute z:Ref="i536"/></URDFElement></ChildElements><ElementName>joint</ElementName><required>false</required><Axis z:Ref="i515"/><AxisName>?????????????????????</AxisName><Calibration z:Ref="i522"/><Child z:Ref="i513"/><CoordinateSystemName>?????????????????????</CoordinateSystemName><Dynamics z:Ref="i525"/><Limit z:Ref="i517"/><Mimic z:Ref="i533"/><NameAttribute z:Ref="i506"/><Origin z:Ref="i508"/><Parent z:Ref="i511"/><Safety z:Ref="i528"/><TypeAttribute z:Ref="i507"/></URDFElement></ChildElements><ElementName>link</ElementName><required>true</required><Children/><Collision z:Ref="i498"/><Inertial z:Ref="i472"/><Joint z:Ref="i505"/><NameAttribute z:Ref="i471"/><Parent z:Ref="i1"/><STLQualityFine>false</STLQualityFine><SWComponentPIDs xmlns:a="http://schemas.microsoft.com/2003/10/Serialization/Arrays"><a:base64Binary>UEYAAAUAAAD//v8abQBpAGQALQAzADYAMAAtAGEAcwBtAC0AMQBAAJVe2HY7YMWIXwBNAGkAZAAzADYAMABIcgQAAAAQAAAAAQAAAAEAAACLCAAA</a:base64Binary></SWComponentPIDs><SWMainComponentPID i:nil="true"/><Visual z:Ref="i485"/><isFixedFrame>false</isFixedFrame><isIncomplete>false</isIncomplete></Link><Link z:Id="i537"><Attributes><Attribute z:Id="i538"><AttributeType>name</AttributeType><IsRequired>true</IsRequired><Value i:type="a:string" xmlns:a="http://www.w3.org/2001/XMLSchema">gyro_link</Value></Attribute></Attributes><ChildElements><URDFElement z:Id="i539" i:type="Inertial"><Attributes/><ChildElements><URDFElement z:Id="i540" i:type="Origin"><Attributes><Attribute z:Id="i541"><AttributeType>xyz</AttributeType><IsRequired>true</IsRequired><Value i:type="a:ArrayOfdouble" xmlns:a="http://schemas.microsoft.com/2003/10/Serialization/Arrays"><a:double>-0.00046113149224957795</a:double><a:double>1.4976717060966038E-08</a:double><a:double>0.0003579314023691299</a:double></Value></Attribute><Attribute z:Id="i542"><AttributeType>rpy</AttributeType><IsRequired>true</IsRequired><Value i:type="a:ArrayOfdouble" xmlns:a="http://schemas.microsoft.com/2003/10/Serialization/Arrays"><a:double>0</a:double><a:double>0</a:double><a:double>0</a:double></Value></Attribute></Attributes><ChildElements/><ElementName>origin</ElementName><required>false</required><RPYAttribute z:Ref="i542"/><XYZAttribute z:Ref="i541"/><isCustomized>false</isCustomized></URDFElement><URDFElement z:Id="i543" i:type="Mass"><Attributes><Attribute z:Id="i544"><AttributeType>value</AttributeType><IsRequired>true</IsRequired><Value i:type="a:double" xmlns:a="http://www.w3.org/2001/XMLSchema">0.054824419026266127</Value></Attribute></Attributes><ChildElements/><ElementName>mass</ElementName><required>false</required><ValueAttribute z:Ref="i544"/></URDFElement><URDFElement z:Id="i545" i:type="Inertia"><Attributes><Attribute z:Id="i546"><AttributeType>ixx</AttributeType><IsRequired>true</IsRequired><Value i:type="a:double" xmlns:a="http://www.w3.org/2001/XMLSchema">1.0090549858138952E-05</Value></Attribute><Attribute z:Id="i547"><AttributeType>ixy</AttributeType><IsRequired>true</IsRequired><Value i:type="a:double" xmlns:a="http://www.w3.org/2001/XMLSchema">7.8187514452477666E-12</Value></Attribute><Attribute z:Id="i548"><AttributeType>ixz</AttributeType><IsRequired>true</IsRequired><Value i:type="a:double" xmlns:a="http://www.w3.org/2001/XMLSchema">8.080321971631818E-09</Value></Attribute><Attribute z:Id="i549"><AttributeType>iyy</AttributeType><IsRequired>true</IsRequired><Value i:type="a:double" xmlns:a="http://www.w3.org/2001/XMLSchema">1.4742226699454707E-05</Value></Attribute><Attribute z:Id="i550"><AttributeType>iyz</AttributeType><IsRequired>true</IsRequired><Value i:type="a:double" xmlns:a="http://www.w3.org/2001/XMLSchema">1.2694146820315702E-12</Value></Attribute><Attribute z:Id="i551"><AttributeType>izz</AttributeType><IsRequired>true</IsRequired><Value i:type="a:double" xmlns:a="http://www.w3.org/2001/XMLSchema">2.1447139775001296E-05</Value></Attribute></Attributes><ChildElements/><ElementName>inertia</ElementName><required>false</required><IxxAttribute z:Ref="i546"/><IxyAttribute z:Ref="i547"/><IxzAttribute z:Ref="i548"/><IyyAttribute z:Ref="i549"/><IyzAttribute z:Ref="i550"/><IzzAttribute z:Ref="i551"/></URDFElement></ChildElements><ElementName>inertial</ElementName><required>false</required><Inertia z:Ref="i545"/><Mass z:Ref="i543"/><Origin z:Ref="i540"/></URDFElement><URDFElement z:Id="i552" i:type="Visual"><Attributes/><ChildElements><URDFElement z:Id="i553" i:type="Origin"><Attributes><Attribute z:Id="i554"><AttributeType>xyz</AttributeType><IsRequired>true</IsRequired><Value i:type="a:ArrayOfdouble" xmlns:a="http://schemas.microsoft.com/2003/10/Serialization/Arrays"><a:double>0</a:double><a:double>0</a:double><a:double>0</a:double></Value></Attribute><Attribute z:Id="i555"><AttributeType>rpy</AttributeType><IsRequired>true</IsRequired><Value i:type="a:ArrayOfdouble" xmlns:a="http://schemas.microsoft.com/2003/10/Serialization/Arrays"><a:double>0</a:double><a:double>0</a:double><a:double>0</a:double></Value></Attribute></Attributes><ChildElements/><ElementName>origin</ElementName><required>false</required><RPYAttribute z:Ref="i555"/><XYZAttribute z:Ref="i554"/><isCustomized>false</isCustomized></URDFElement><URDFElement z:Id="i556" i:type="Geometry"><Attributes/><ChildElements><URDFElement z:Id="i557" i:type="Mesh"><Attributes><Attribute z:Id="i558"><AttributeType>filename</AttributeType><IsRequired>true</IsRequired><Value i:nil="true"/></Attribute></Attributes><ChildElements/><ElementName>mesh</ElementName><required>false</required><FilenameAttribute z:Ref="i558"/></URDFElement></ChildElements><ElementName>geometry</ElementName><required>true</required><Mesh z:Ref="i557"/></URDFElement><URDFElement z:Id="i559" i:type="Material"><Attributes><Attribute z:Id="i560"><AttributeType>name</AttributeType><IsRequired>true</IsRequired><Value i:type="a:string" xmlns:a="http://www.w3.org/2001/XMLSchema"/></Attribute></Attributes><ChildElements><URDFElement z:Id="i561" i:type="Color"><Attributes><Attribute z:Id="i562"><AttributeType>rgba</AttributeType><IsRequired>true</IsRequired><Value i:type="a:ArrayOfdouble" xmlns:a="http://schemas.microsoft.com/2003/10/Serialization/Arrays"><a:double>0.792156862745098</a:double><a:double>0.81960784313725488</a:double><a:double>0.93333333333333335</a:double><a:double>1</a:double></Value></Attribute></Attributes><ChildElements/><ElementName>color</ElementName><required>false</required><RGBAAttribute z:Ref="i562"/></URDFElement><URDFElement z:Id="i563" i:type="Texture"><Attributes><Attribute z:Id="i564"><AttributeType>filename</AttributeType><IsRequired>true</IsRequired><Value i:nil="true"/></Attribute></Attributes><ChildElements/><ElementName>texture</ElementName><required>false</required><FilenameAttribute z:Ref="i564"/><wFilename/></URDFElement></ChildElements><ElementName>material</ElementName><required>false</required><Color z:Ref="i561"/><NameAttribute z:Ref="i560"/><Texture z:Ref="i563"/></URDFElement></ChildElements><ElementName>visual</ElementName><required>false</required><Geometry z:Ref="i556"/><Material z:Ref="i559"/><Origin z:Ref="i553"/></URDFElement><URDFElement z:Id="i565" i:type="Collision"><Attributes/><ChildElements><URDFElement z:Id="i566" i:type="Origin"><Attributes><Attribute z:Id="i567"><AttributeType>xyz</AttributeType><IsRequired>true</IsRequired><Value i:type="a:ArrayOfdouble" xmlns:a="http://schemas.microsoft.com/2003/10/Serialization/Arrays"><a:double>0</a:double><a:double>0</a:double><a:double>0</a:double></Value></Attribute><Attribute z:Id="i568"><AttributeType>rpy</AttributeType><IsRequired>true</IsRequired><Value i:type="a:ArrayOfdouble" xmlns:a="http://schemas.microsoft.com/2003/10/Serialization/Arrays"><a:double>0</a:double><a:double>0</a:double><a:double>0</a:double></Value></Attribute></Attributes><ChildElements/><ElementName>origin</ElementName><required>false</required><RPYAttribute z:Ref="i568"/><XYZAttribute z:Ref="i567"/><isCustomized>false</isCustomized></URDFElement><URDFElement z:Id="i569" i:type="Geometry"><Attributes/><ChildElements><URDFElement z:Id="i570" i:type="Mesh"><Attributes><Attribute z:Id="i571"><AttributeType>filename</AttributeType><IsRequired>true</IsRequired><Value i:nil="true"/></Attribute></Attributes><ChildElements/><ElementName>mesh</ElementName><required>false</required><FilenameAttribute z:Ref="i571"/></URDFElement></ChildElements><ElementName>geometry</ElementName><required>true</required><Mesh z:Ref="i570"/></URDFElement></ChildElements><ElementName>collision</ElementName><required>false</required><Geometry z:Ref="i569"/><Origin z:Ref="i566"/></URDFElement><URDFElement z:Id="i572" i:type="Joint"><Attributes><Attribute z:Id="i573"><AttributeType>name</AttributeType><IsRequired>true</IsRequired><Value i:type="a:string" xmlns:a="http://www.w3.org/2001/XMLSchema">gyro_joint</Value></Attribute><Attribute z:Id="i574"><AttributeType>type</AttributeType><IsRequired>true</IsRequired><Value i:type="a:string" xmlns:a="http://www.w3.org/2001/XMLSchema">fixed</Value></Attribute></Attributes><ChildElements><URDFElement z:Id="i575" i:type="Origin"><Attributes><Attribute z:Id="i576"><AttributeType>xyz</AttributeType><IsRequired>true</IsRequired><Value i:type="a:ArrayOfdouble" xmlns:a="http://schemas.microsoft.com/2003/10/Serialization/Arrays"><a:double>0.3895</a:double><a:double>0</a:double><a:double>0.1035</a:double></Value></Attribute><Attribute z:Id="i577"><AttributeType>rpy</AttributeType><IsRequired>true</IsRequired><Value i:type="a:ArrayOfdouble" xmlns:a="http://schemas.microsoft.com/2003/10/Serialization/Arrays"><a:double>-3.1416</a:double><a:double>0</a:double><a:double>0</a:double></Value></Attribute></Attributes><ChildElements/><ElementName>origin</ElementName><required>false</required><RPYAttribute z:Ref="i577"/><XYZAttribute z:Ref="i576"/><isCustomized>false</isCustomized></URDFElement><URDFElement z:Id="i578" i:type="ParentLink"><Attributes><Attribute z:Id="i579"><AttributeType>link</AttributeType><IsRequired>true</IsRequired><Value i:type="a:string" xmlns:a="http://www.w3.org/2001/XMLSchema">base_link</Value></Attribute></Attributes><ChildElements/><ElementName>parent</ElementName><required>true</required><NameAttribute z:Ref="i579"/></URDFElement><URDFElement z:Id="i580" i:type="ChildLink"><Attributes><Attribute z:Id="i581"><AttributeType>link</AttributeType><IsRequired>true</IsRequired><Value i:type="a:string" xmlns:a="http://www.w3.org/2001/XMLSchema">gyro_link</Value></Attribute></Attributes><ChildElements/><ElementName>child</ElementName><required>true</required><NameAttribute z:Ref="i581"/></URDFElement><URDFElement z:Id="i582" i:type="Axis"><Attributes><Attribute z:Id="i583"><AttributeType>xyz</AttributeType><IsRequired>true</IsRequired><Value i:type="a:ArrayOfdouble" xmlns:a="http://schemas.microsoft.com/2003/10/Serialization/Arrays"><a:double>0</a:double><a:double>0</a:double><a:double>0</a:double></Value></Attribute></Attributes><ChildElements/><ElementName>axis</ElementName><required>false</required><XYZAttribute z:Ref="i583"/></URDFElement><URDFElement z:Id="i584" i:type="Limit"><Attributes><Attribute z:Id="i585"><AttributeType>lower</AttributeType><IsRequired>false</IsRequired><Value i:nil="true"/></Attribute><Attribute z:Id="i586"><AttributeType>upper</AttributeType><IsRequired>false</IsRequired><Value i:nil="true"/></Attribute><Attribute z:Id="i587"><AttributeType>effort</AttributeType><IsRequired>true</IsRequired><Value i:nil="true"/></Attribute><Attribute z:Id="i588"><AttributeType>velocity</AttributeType><IsRequired>true</IsRequired><Value i:nil="true"/></Attribute></Attributes><ChildElements/><ElementName>limit</ElementName><required>false</required><EffortAttribute z:Ref="i587"/><LowerAttribute z:Ref="i585"/><UpperAttribute z:Ref="i586"/><VelocityAttribute z:Ref="i588"/></URDFElement><URDFElement z:Id="i589" i:type="Calibration"><Attributes><Attribute z:Id="i590"><AttributeType>rising</AttributeType><IsRequired>false</IsRequired><Value i:nil="true"/></Attribute><Attribute z:Id="i591"><AttributeType>falling</AttributeType><IsRequired>false</IsRequired><Value i:nil="true"/></Attribute></Attributes><ChildElements/><ElementName>calibration</ElementName><required>false</required><FallingAttribute z:Ref="i591"/><RisingAttribute z:Ref="i590"/></URDFElement><URDFElement z:Id="i592" i:type="Dynamics"><Attributes><Attribute z:Id="i593"><AttributeType>damping</AttributeType><IsRequired>false</IsRequired><Value i:nil="true"/></Attribute><Attribute z:Id="i594"><AttributeType>friction</AttributeType><IsRequired>false</IsRequired><Value i:nil="true"/></Attribute></Attributes><ChildElements/><ElementName>dynamics</ElementName><required>false</required><DampingAttribute z:Ref="i593"/><FrictionAttribute z:Ref="i594"/></URDFElement><URDFElement z:Id="i595" i:type="SafetyController"><Attributes><Attribute z:Id="i596"><AttributeType>soft_upper_limit</AttributeType><IsRequired>false</IsRequired><Value i:nil="true"/></Attribute><Attribute z:Id="i597"><AttributeType>soft_lower_limit</AttributeType><IsRequired>false</IsRequired><Value i:nil="true"/></Attribute><Attribute z:Id="i598"><AttributeType>k_position</AttributeType><IsRequired>false</IsRequired><Value i:nil="true"/></Attribute><Attribute z:Id="i599"><AttributeType>k_velocity</AttributeType><IsRequired>true</IsRequired><Value i:nil="true"/></Attribute></Attributes><ChildElements/><ElementName>safety_controller</ElementName><required>false</required><KPositionAttribute z:Ref="i598"/><KVelocityAttribute z:Ref="i599"/><SoftLowerAttribute z:Ref="i597"/><SoftUpperAttribute z:Ref="i596"/></URDFElement><URDFElement z:Id="i600" i:type="Mimic"><Attributes><Attribute z:Id="i601"><AttributeType>joint</AttributeType><IsRequired>true</IsRequired><Value i:nil="true"/></Attribute><Attribute z:Id="i602"><AttributeType>multiplier</AttributeType><IsRequired>false</IsRequired><Value i:nil="true"/></Attribute><Attribute z:Id="i603"><AttributeType>offset</AttributeType><IsRequired>false</IsRequired><Value i:nil="true"/></Attribute></Attributes><ChildElements/><ElementName>mimic</ElementName><required>false</required><JointNameAttribute z:Ref="i601"/><MultiplierAttribute z:Ref="i602"/><OffsetAttribute z:Ref="i603"/></URDFElement></ChildElements><ElementName>joint</ElementName><required>false</required><Axis z:Ref="i582"/><AxisName/><Calibration z:Ref="i589"/><Child z:Ref="i580"/><CoordinateSystemName>imu?????????1</CoordinateSystemName><Dynamics z:Ref="i592"/><Limit z:Ref="i584"/><Mimic z:Ref="i600"/><NameAttribute z:Ref="i573"/><Origin z:Ref="i575"/><Parent z:Ref="i578"/><Safety z:Ref="i595"/><TypeAttribute z:Ref="i574"/></URDFElement></ChildElements><ElementName>link</ElementName><required>true</required><Children/><Collision z:Ref="i565"/><Inertial z:Ref="i539"/><Joint z:Ref="i572"/><NameAttribute z:Ref="i538"/><Parent z:Ref="i1"/><STLQualityFine>false</STLQualityFine><SWComponentPIDs xmlns:a="http://schemas.microsoft.com/2003/10/Serialization/Arrays"><a:base64Binary>UEYAAAUAAAD//v8v72D8WyFqV1dfADKWNGxIck4AMQAwADAAVwBQACgATgAyADAAMABXAFAAXwBOADMAMAAwAFcAUAApAKJbN2L+Vi0AMQBAAJVe2HY7YMWIXwBNAGkAZAAzADYAMABIcgQAAAAQAAAAAQAAAAEAAADUAwAA</a:base64Binary></SWComponentPIDs><SWMainComponentPID i:nil="true"/><Visual z:Ref="i552"/><isFixedFrame>false</isFixedFrame><isIncomplete>false</isIncomplete></Link></Children><Collision z:Ref="i29"/><Inertial z:Ref="i3"/><Joint z:Ref="i36"/><NameAttribute z:Ref="i2"/><Parent i:nil="true"/><STLQualityFine>false</STLQualityFine><SWComponentPIDs xmlns:a="http://schemas.microsoft.com/2003/10/Serialization/Arrays"><a:base64Binary>UEYAAAUAAAD//v8ToFI6X0t7LQAxADUAQACVXth2O2DFiF8ATQBpAGQAMwA2ADAASHIEAAAAEAAAAAEAAAABAAAA9AEAAA==</a:base64Binary><a:base64Binary>UEYAAAUAAAD//v8ToFI6X0t7LQAxADEAQACVXth2O2DFiF8ATQBpAGQAMwA2ADAASHIEAAAAEAAAAAEAAAABAAAAcwEAAA==</a:base64Binary><a:base64Binary>UEYAAAUAAAD//v8YjE5CXN6PpWP2Tgj/5l3zUwn/LQAxAEAAlV7YdjtgxYhfAE0AaQBkADMANgAwAEhyBAAAABAAAAABAAAAAQAAAIoBAAA=</a:base64Binary><a:base64Binary>UEYAAAUAAAD//v8ToFI6X0t7LQAxADcAQACVXth2O2DFiF8ATQBpAGQAMwA2ADAASHIEAAAAEAAAAAEAAAABAAAAHgIAAA==</a:base64Binary><a:base64Binary>UEYAAAUAAAD//v8ToFI6X0t7LQAxADMAQACVXth2O2DFiF8ATQBpAGQAMwA2ADAASHIEAAAAEAAAAAEAAAABAAAAwgEAAA==</a:base64Binary><a:base64Binary>UEYAAAUAAAD//v8Up09ily9lkWR/Zy0AMQBAAJVe2HY7YMWIXwBNAGkAZAAzADYAMABIcgQAAAAQAAAAAQAAAAEAAADkAAAA</a:base64Binary><a:base64Binary>UEYAAAUAAAD//v8XlV7YdqBSOl9Lewj/KmoJ/y0AMQBAAJVe2HY7YMWIXwBNAGkAZAAzADYAMABIcgQAAAAQAAAAAQAAAAEAAACyAQAA</a:base64Binary><a:base64Binary>UEYAAAUAAAD//v8ToFI6X0t7LQAxADYAQACVXth2O2DFiF8ATQBpAGQAMwA2ADAASHIEAAAAEAAAAAEAAAABAAAABwIAAA==</a:base64Binary><a:base64Binary>UEYAAAUAAAD//v8YjE5CXN6PpWP2Tgj/5l3zUwn/LQAyAEAAlV7YdjtgxYhfAE0AaQBkADMANgAwAEhyBAAAABAAAAABAAAAAQAAAIsBAAA=</a:base64Binary><a:base64Binary>UEYAAAUAAAD//v8ToFI6X0t7LQAxADQAQACVXth2O2DFiF8ATQBpAGQAMwA2ADAASHIEAAAAEAAAAAEAAAABAAAA2QEAAA==</a:base64Binary><a:base64Binary>UEYAAAUAAAD//v8SNXVgbNJ2LQAxAEAAlV7YdjtgxYhfAE0AaQBkADMANgAwAEhyBAAAABAAAAABAAAAAQAAALwBAAA=</a:base64Binary><a:base64Binary>UEYAAAUAAAD//v8XlV7YdqBSOl9Lewj/tX4J/y0AMQBAAJVe2HY7YMWIXwBNAGkAZAAzADYAMABIcgQAAAAQAAAAAQAAAAEAAAC2AQAA</a:base64Binary><a:base64Binary>UEYAAAUAAAD//v8TjE5CXH2Pf2ctADEAQACVXth2O2DFiF8ATQBpAGQAMwA2ADAASHIEAAAAEAAAAAEAAAABAAAArAEAAA==</a:base64Binary><a:base64Binary>UEYAAAUAAAD//v8kMgA0AFYANgAwAEEAaAAClTV1YGwzADAAMAAtADIAMAAwAC0AMQAwADAALQAxAEAAlV7YdjtgxYhfAE0AaQBkADMANgAwAEhyBAAAABAAAAABAAAAAQAAALABAAA=</a:base64Binary><a:base64Binary>UEYAAAUAAAD//v8XjE5CXN6PpWP2Tgj/TVIJ/y0AMQBAAJVe2HY7YMWIXwBNAGkAZAAzADYAMABIcgQAAAAQAAAAAQAAAAEAAACoAQAA</a:base64Binary><a:base64Binary>UEYAAAUAAAD//v8ToFI6X0t7LQAxADIAQACVXth2O2DFiF8ATQBpAGQAMwA2ADAASHIEAAAAEAAAAAEAAAABAAAAdQEAAA==</a:base64Binary><a:base64Binary>UEYAAAUAAAD//v8ToFI6X0t7LQAxADAAQACVXth2O2DFiF8ATQBpAGQAMwA2ADAASHIEAAAAEAAAAAEAAAABAAAAXgEAAA==</a:base64Binary><a:base64Binary>UEYAAAUAAAD//v8SoFI6X0t7LQA5AEAAlV7YdjtgxYhfAE0AaQBkADMANgAwAEhyBAAAABAAAAABAAAAAQAAAAQBAAA=</a:base64Binary><a:base64Binary>UEYAAAUAAAD//v8Up09ily9lkWR/Zy0AMgBAAJVe2HY7YMWIXwBNAGkAZAAzADYAMABIcgQAAAAQAAAAAQAAAAEAAADlAAAA</a:base64Binary><a:base64Binary>UEYAAAUAAAD//v8SoFI6X0t7LQA2AEAAlV7YdjtgxYhfAE0AaQBkADMANgAwAEhyBAAAABAAAAABAAAAAQAAAMMAAAA=</a:base64Binary><a:base64Binary>UEYAAAUAAAD//v8SoFI6X0t7LQA0AEAAlV7YdjtgxYhfAE0AaQBkADMANgAwAEhyBAAAABAAAAABAAAAAQAAAKUAAAA=</a:base64Binary><a:base64Binary>UEYAAAUAAAD//v8SoFI6X0t7LQAzAEAAlV7YdjtgxYhfAE0AaQBkADMANgAwAEhyBAAAABAAAAABAAAAAQAAAIQAAAA=</a:base64Binary><a:base64Binary>UEYAAAUAAAD//v8SoFI6X0t7LQAxAEAAlV7YdjtgxYhfAE0AaQBkADMANgAwAEhyBAAAABAAAAABAAAAAQAAAF4AAAA=</a:base64Binary><a:base64Binary>UEYAAAUAAAD//v8UNXU6Z/pWmlt/Zy0AMgBAAJVe2HY7YMWIXwBNAGkAZAAzADYAMABIcgQAAAAQAAAAAQAAAAEAAAAqAAAA</a:base64Binary><a:base64Binary>UEYAAAUAAAD//v8UNXU6Z/pWmlt/Zy0AMQBAAJVe2HY7YMWIXwBNAGkAZAAzADYAMABIcgQAAAAQAAAAAQAAAAEAAAApAAAA</a:base64Binary><a:base64Binary>UEYAAAUAAAD//v8UTVJGZMKBKmqBaC0AMQBAAJVe2HY7YMWIXwBNAGkAZAAzADYAMABIcgQAAAAQAAAAAQAAAAEAAAAeAAAA</a:base64Binary><a:base64Binary>UEYAAAUAAAD//v8TpE7JU9puUFstADEAQACVXth2O2DFiF8ATQBpAGQAMwA2ADAASHIEAAAAEAAAAAEAAAABAAAAEgAAAA==</a:base64Binary><a:base64Binary>UEYAAAUAAAD//v8VRmTCgU1S3o+lY/ZOLQAxAEAAlV7YdjtgxYhfAE0AaQBkADMANgAwAEhyBAAAABAAAAABAAAAAQAAAB0AAAA=</a:base64Binary><a:base64Binary>UEYAAAUAAAD//v8SoFI6X0t7LQA4AEAAlV7YdjtgxYhfAE0AaQBkADMANgAwAEhyBAAAABAAAAABAAAAAQAAAMUAAAA=</a:base64Binary><a:base64Binary>UEYAAAUAAAD//v8RlV7Ydi0AMQBAAJVe2HY7YMWIXwBNAGkAZAAzADYAMABIcgQAAAAQAAAAAQAAAAEAAAARAAAA</a:base64Binary><a:base64Binary>UEYAAAUAAAD//v8SoFI6X0t7LQAyAEAAlV7YdjtgxYhfAE0AaQBkADMANgAwAEhyBAAAABAAAAABAAAAAQAAAF8AAAA=</a:base64Binary><a:base64Binary>UEYAAAUAAAD//v8b3ZSLV1BnMwAwADMAMAAtADEAMwAwADAALQAxAEAAlV7YdjtgxYhfAE0AaQBkADMANgAwAEhyBAAAABAAAAABAAAAAQAAANQGAAA=</a:base64Binary><a:base64Binary>UEYAAAUAAAD//v8a3ZSLV1BnMwAwADMAMAAtADMAMAAwAC0AMwBAAJVe2HY7YMWIXwBNAGkAZAAzADYAMABIcgQAAAAQAAAAAQAAAAEAAADDBgAA</a:base64Binary><a:base64Binary>UEYAAAUAAAD//v8b3ZSLV1BnMwAwADMAMAAtADEAMwAwADAALQAyAEAAlV7YdjtgxYhfAE0AaQBkADMANgAwAEhyBAAAABAAAAABAAAAAQAAANUGAAA=</a:base64Binary><a:base64Binary>UEYAAAUAAAD//v8a3ZSLV1BnMwAwADMAMAAtADMAMAAwAC0AMQBAAJVe2HY7YMWIXwBNAGkAZAAzADYAMABIcgQAAAAQAAAAAQAAAAEAAACzBgAA</a:base64Binary><a:base64Binary>UEYAAAUAAAD//v8a3ZSLV1BnMwAwADMAMAAtADMAMAAwAC0AMgBAAJVe2HY7YMWIXwBNAGkAZAAzADYAMABIcgQAAAAQAAAAAQAAAAEAAAC0BgAA</a:base64Binary><a:base64Binary>UEYAAAUAAAD//v8ZjE5CXKdPYpcvZZFkf2cI/01SCf8tADIAQACVXth2O2DFiF8ATQBpAGQAMwA2ADAASHIEAAAAEAAAAAEAAAABAAAApAYAAA==</a:base64Binary><a:base64Binary>UEYAAAUAAAD//v8ZjE5CXKdPYpcvZZFkf2cI/01SCf8tADEAQACVXth2O2DFiF8ATQBpAGQAMwA2ADAASHIEAAAAEAAAAAEAAAABAAAAoAYAAA==</a:base64Binary><a:base64Binary>UEYAAAUAAAD//v8RfY9/Zy0AMQBAAJVe2HY7YMWIXwBNAGkAZAAzADYAMABIcgQAAAAQAAAAAQAAAAEAAABvBgAA</a:base64Binary><a:base64Binary>UEYAAAUAAAD//v8YT1xVXvpWmlt/Zwj/p09ilwn/LQAyAEAAlV7YdjtgxYhfAE0AaQBkADMANgAwAEhyBAAAABAAAAABAAAAAQAAAFgGAAA=</a:base64Binary><a:base64Binary>UEYAAAUAAAD//v8YT1xVXvpWmlt/Zwj/p09ilwn/LQAxAEAAlV7YdjtgxYhfAE0AaQBkADMANgAwAEhyBAAAABAAAAABAAAAAQAAAFcGAAA=</a:base64Binary><a:base64Binary>UEYAAAUAAAD//v8YT1xVXvpWmlt/Zwj/lV5ilwn/LQAxAEAAlV7YdjtgxYhfAE0AaQBkADMANgAwAEhyBAAAABAAAAABAAAAAQAAAFYGAAA=</a:base64Binary><a:base64Binary>UEYAAAUAAAD//v8SfY/Nka9zLQAxAEAAlV7YdjtgxYhfAE0AaQBkADMANgAwAEhyBAAAABAAAAABAAAAAQAAAMEDAAA=</a:base64Binary><a:base64Binary>UEYAAAUAAAD//v8WjE5CXKdPYpcvZZFkf2ctADcAQACVXth2O2DFiF8ATQBpAGQAMwA2ADAASHIEAAAAEAAAAAEAAAABAAAAoAMAAA==</a:base64Binary><a:base64Binary>UEYAAAUAAAD//v8WjE5CXKdPYpcvZZFkf2ctADQAQACVXth2O2DFiF8ATQBpAGQAMwA2ADAASHIEAAAAEAAAAAEAAAABAAAAjgMAAA==</a:base64Binary><a:base64Binary>UEYAAAUAAAD//v8VNXVgbNNOCP+nTwn/LQAxAEAAlV7YdjtgxYhfAE0AaQBkADMANgAwAEhyBAAAABAAAAABAAAAAQAAAF0CAAA=</a:base64Binary><a:base64Binary>UEYAAAUAAAD//v8VNXVgbNNOCP9NUgn/LQAxAEAAlV7YdjtgxYhfAE0AaQBkADMANgAwAEhyBAAAABAAAAABAAAAAQAAAHACAAA=</a:base64Binary><a:base64Binary>UEYAAAUAAAD//v8VNXVgbNNOCP+VXgn/LQAxAEAAlV7YdjtgxYhfAE0AaQBkADMANgAwAEhyBAAAABAAAAABAAAAAQAAAGwCAAA=</a:base64Binary><a:base64Binary>UEYAAAUAAAD//v8VNXVgbNNOCP+nTwn/LQAyAEAAlV7YdjtgxYhfAE0AaQBkADMANgAwAEhyBAAAABAAAAABAAAAAQAAAF4CAAA=</a:base64Binary><a:base64Binary>UEYAAAUAAAD//v8ToFI6X0t7LQAxADgAQACVXth2O2DFiF8ATQBpAGQAMwA2ADAASHIEAAAAEAAAAAEAAAABAAAAOQIAAA==</a:base64Binary><a:base64Binary>UEYAAAUAAAD//v8VNXVgbNNOCP8OVAn/LQAxAEAAlV7YdjtgxYhfAE0AaQBkADMANgAwAEhyBAAAABAAAAABAAAAAQAAAFwCAAA=</a:base64Binary><a:base64Binary>UEYAAAUAAAD//v8WjE5CXKdPYpcvZZFkf2ctADUAQACVXth2O2DFiF8ATQBpAGQAMwA2ADAASHIEAAAAEAAAAAEAAAABAAAAngMAAA==</a:base64Binary><a:base64Binary>UEYAAAUAAAD//v8WjE5CXKdPYpcvZZFkf2ctADEAQACVXth2O2DFiF8ATQBpAGQAMwA2ADAASHIEAAAAEAAAAAEAAAABAAAAhAMAAA==</a:base64Binary><a:base64Binary>UEYAAAUAAAD//v8WjE5CXKdPYpcvZZFkf2ctADYAQACVXth2O2DFiF8ATQBpAGQAMwA2ADAASHIEAAAAEAAAAAEAAAABAAAAnwMAAA==</a:base64Binary><a:base64Binary>UEYAAAUAAAD//v8W4GW/fkVRNXUhaldXMgAtADEAQACVXth2O2DFiF8ATQBpAGQAMwA2ADAASHIEAAAAEAAAAAEAAAABAAAA2AMAAA==</a:base64Binary><a:base64Binary>UEYAAAUAAAD//v8WjE5CXKdPYpcvZZFkf2ctADgAQACVXth2O2DFiF8ATQBpAGQAMwA2ADAASHIEAAAAEAAAAAEAAAABAAAAoQMAAA==</a:base64Binary><a:base64Binary>UEYAAAUAAAD//v8VNXVgbNNOCP9NUgn/LQAyAEAAlV7YdjtgxYhfAE0AaQBkADMANgAwAEhyBAAAABAAAAABAAAAAQAAAHQCAAA=</a:base64Binary><a:base64Binary>UEYAAAUAAAD//v8RT1xVXi0AMQBAAJVe2HY7YMWIXwBNAGkAZAAzADYAMABIcgQAAAAQAAAAAQAAAAEAAABVBgAA</a:base64Binary><a:base64Binary>UEYAAAUAAAD//v8a3ZSLV1BnMwAwADMAMAAtADMAMAAwAC0ANQBAAJVe2HY7YMWIXwBNAGkAZAAzADYAMABIcgQAAAAQAAAAAQAAAAEAAADNBwAA</a:base64Binary><a:base64Binary>UEYAAAUAAAD//v8hYWr2gM9RB5doVk0ANAAtADEAMgAgAEQAMQA1AC0ASAAxADAALQAyAEAAlV7YdjtgxYhfAE0AaQBkADMANgAwAEhyBAAAABAAAAABAAAAAQAAAJ0HAAA=</a:base64Binary><a:base64Binary>UEYAAAUAAAD//v8UAF9zUfpWmlt/Zy0AMQBAAJVe2HY7YMWIXwBNAGkAZAAzADYAMABIcgQAAAAQAAAAAQAAAAEAAACVBwAA</a:base64Binary><a:base64Binary>UEYAAAUAAAD//v8a3ZSLV1BnMwAwADMAMAAtADMAMAAwAC0ANABAAJVe2HY7YMWIXwBNAGkAZAAzADYAMABIcgQAAAAQAAAAAQAAAAEAAABcBwAA</a:base64Binary><a:base64Binary>UEYAAAUAAAD//v8a3ZSLV1BnMwAwADMAMAAtADMAMAAwAC0AOABAAJVe2HY7YMWIXwBNAGkAZAAzADYAMABIcgQAAAAQAAAAAQAAAAEAAAATCAAA</a:base64Binary><a:base64Binary>UEYAAAUAAAD//v8a3ZSLV1BnMwAwADMAMAAtADMAMAAwAC0ANgBAAJVe2HY7YMWIXwBNAGkAZAAzADYAMABIcgQAAAAQAAAAAQAAAAEAAADdBwAA</a:base64Binary><a:base64Binary>UEYAAAUAAAD//v8UT1xVXvpWmlt/Zy0AMgBAAJVe2HY7YMWIXwBNAGkAZAAzADYAMABIcgQAAAAQAAAAAQAAAAEAAAClBwAA</a:base64Binary><a:base64Binary>UEYAAAUAAAD//v8hYWr2gM9RB5doVk0ANAAtADEAMgAgAEQAMQA1AC0ASAAxADAALQAxAEAAlV7YdjtgxYhfAE0AaQBkADMANgAwAEhyBAAAABAAAAABAAAAAQAAAJwHAAA=</a:base64Binary><a:base64Binary>UEYAAAUAAAD//v8b3ZSLV1BnMwAwADMAMAAtADEAMAAwADAALQAxAEAAlV7YdjtgxYhfAE0AaQBkADMANgAwAEhyBAAAABAAAAABAAAAAQAAAMQHAAA=</a:base64Binary><a:base64Binary>UEYAAAUAAAD//v8UT1xVXvpWmlt/Zy0AMQBAAJVe2HY7YMWIXwBNAGkAZAAzADYAMABIcgQAAAAQAAAAAQAAAAEAAACkBwAA</a:base64Binary><a:base64Binary>UEYAAAUAAAD//v8a3ZSLV1BnMwAwADMAMAAtADMAMAAwAC0ANwBAAJVe2HY7YMWIXwBNAGkAZAAzADYAMABIcgQAAAAQAAAAAQAAAAEAAAAJCAAA</a:base64Binary><a:base64Binary>UEYAAAUAAAD//v8b3ZSLV1BnMwAwADMAMAAtADEAMAAwADAALQAyAEAAlV7YdjtgxYhfAE0AaQBkADMANgAwAEhyBAAAABAAAAABAAAAAQAAAMUHAAA=</a:base64Binary><a:base64Binary>UEYAAAUAAAD//v/Nbo/CazV1OmctADEAQACVXth2O2DFiF8ATQBpAGQAMwA2ADAASHIvAFoATABMAEcANgA1AEEAUwBNADIANQAwAC0ANAAwADkANgAgAFYAMgAuADAAVVP6UXSPLgBzAHQAcAAtADEAQABuj8JrNXU6Zy8ANgBfADUAQwAtAEIAWgBfAEEAUwBNAF8AQQBTAE0ALgBzAHQAcAAtADEAQABaAEwATABHADYANQBBAFMATQAyADUAMAAtADQAMAA5ADYAIABWADIALgAwAFVT+lF0jy4AcwB0AHAALwA2AF8ANQBDAFUATgAtAEMASQBfAEEAUwBNAF8AQQBTAE0ALgBzAHQAcAAtADEAQAA2AF8ANQBDAC0AQgBaAF8AQQBTAE0AXwBBAFMATQAuAHMAdABwAC8ATQBBAE4ASQBGAE8ATABEAF8AUwBPAEwASQBEAF8AQgBSAEUAUABfADYANgA5ADkALgBzAHQAcAAtADEAQAA2AF8ANQBDAFUATgAtAEMASQBfAEEAUwBNAF8AQQBTAE0ALgBzAHQAcAAEAAAAEAAAAAEAAAAFAAAARgAAABkAAAARAAAAEQAAABQAAAA=</a:base64Binary><a:base64Binary>UEYAAAUAAAD//v+Mbo/CazV1OmctADEAQACVXth2O2DFiF8ATQBpAGQAMwA2ADAASHIvAFoATABMAEcANgA1AEEAUwBNADIANQAwAC0ANAAwADkANgAgAFYAMgAuADAAVVP6UXSPLgBzAHQAcAAtADEAQABuj8JrNXU6Zy8ANQBHAC0AcwBoAHUAYQBuAGcALgAxAC4AcwB0AHAALQAxAEAAWgBMAEwARwA2ADUAQQBTAE0AMgA1ADAALQA0ADAAOQA2ACAAVgAyAC4AMABVU/pRdI8uAHMAdABwAC8ANQBHAC0AcwBoAHUAYQBuAGcAXwAxAC4AMQAuAHMAdABwAC0AMQBAADUARwAtAHMAaAB1AGEAbgBnAC4AMQAuAHMAdABwAAQAAAAQAAAAAQAAAAQAAABGAAAAGQAAABIAAAASAAAA</a:base64Binary><a:base64Binary>UEYAAAUAAAD//v9mbo/CazV1OmctADEAQACVXth2O2DFiF8ATQBpAGQAMwA2ADAASHIvAFoATABMAEcANgA1AEEAUwBNADIANQAwAC0ANAAwADkANgAgAFYAMgAuADAAVVP6UXSPLgBzAHQAcAAtADEAQABuj8JrNXU6Zy8A9pb2TjEALgAxAC4AMgAuADEALgBzAHQAcAAtADEAQABaAEwATABHADYANQBBAFMATQAyADUAMAAtADQAMAA5ADYAIABWADIALgAwAFVT+lF0jy4AcwB0AHAABAAAABAAAAABAAAAAwAAAEYAAAAZAAAAEwAAAA==</a:base64Binary><a:base64Binary>UEYAAAUAAAD//v9kbo/CazV1OmctADEAQACVXth2O2DFiF8ATQBpAGQAMwA2ADAASHIvAFoATABMAEcANgA1AEEAUwBNADIANQAwAC0ANAAwADkANgAgAFYAMgAuADAAVVP6UXSPLgBzAHQAcAAtADEAQABuj8JrNXU6Zy8AUABhAHIAdAAxAC4AMgAuAHMAdABwAC0AMQBAAFoATABMAEcANgA1AEEAUwBNADIANQAwAC0ANAAwADkANgAgAFYAMgAuADAAVVP6UXSPLgBzAHQAcAAEAAAAEAAAAAEAAAADAAAARgAAABkAAAAUAAAA</a:base64Binary><a:base64Binary>UEYAAAUAAAD//v+Gbo/CazV1OmctADEAQACVXth2O2DFiF8ATQBpAGQAMwA2ADAASHIvAFoATABMAEcANgA1AEEAUwBNADIANQAwAC0ANAAwADkANgAgAFYAMgAuADAAVVP6UXSPLgBzAHQAcAAtADEAQABuj8JrNXU6Zy8ANQBHAC0AcwBoAHUAYQBuAGcALgAxAC4AcwB0AHAALQAxAEAAWgBMAEwARwA2ADUAQQBTAE0AMgA1ADAALQA0ADAAOQA2ACAAVgAyAC4AMABVU/pRdI8uAHMAdABwAC8A9pb2TjEALgAxAC4AMgAuAHMAdABwAC0AMQBAADUARwAtAHMAaAB1AGEAbgBnAC4AMQAuAHMAdABwAAQAAAAQAAAAAQAAAAQAAABGAAAAGQAAABIAAAATAAAA</a:base64Binary><a:base64Binary>UEYAAAUAAAD//v+Hbo/CazV1OmctADEAQACVXth2O2DFiF8ATQBpAGQAMwA2ADAASHIvAFoATABMAEcANgA1AEEAUwBNADIANQAwAC0ANAAwADkANgAgAFYAMgAuADAAVVP6UXSPLgBzAHQAcAAtADEAQABuj8JrNXU6Zy8ANQBHAC0AcwBoAHUAYQBuAGcALgAxAC4AcwB0AHAALQAxAEAAWgBMAEwARwA2ADUAQQBTAE0AMgA1ADAALQA0ADAAOQA2ACAAVgAyAC4AMABVU/pRdI8uAHMAdABwAC8ANQBjAHUAbgAtADEALgAxAC4AcwB0AHAALQAxAEAANQBHAC0AcwBoAHUAYQBuAGcALgAxAC4AcwB0AHAABAAAABAAAAABAAAABAAAAEYAAAAZAAAAEgAAABEAAAA=</a:base64Binary><a:base64Binary>UEYAAAUAAAD//v/Nbo/CazV1OmctADIAQACVXth2O2DFiF8ATQBpAGQAMwA2ADAASHIvAFoATABMAEcANgA1AEEAUwBNADIANQAwAC0ANAAwADkANgAgAFYAMgAuADAAVVP6UXSPLgBzAHQAcAAtADEAQABuj8JrNXU6Zy8ANgBfADUAQwAtAEIAWgBfAEEAUwBNAF8AQQBTAE0ALgBzAHQAcAAtADEAQABaAEwATABHADYANQBBAFMATQAyADUAMAAtADQAMAA5ADYAIABWADIALgAwAFVT+lF0jy4AcwB0AHAALwA2AF8ANQBDAFUATgAtAEMASQBfAEEAUwBNAF8AQQBTAE0ALgBzAHQAcAAtADEAQAA2AF8ANQBDAC0AQgBaAF8AQQBTAE0AXwBBAFMATQAuAHMAdABwAC8ATQBBAE4ASQBGAE8ATABEAF8AUwBPAEwASQBEAF8AQgBSAEUAUABfADYANgA5ADkALgBzAHQAcAAtADEAQAA2AF8ANQBDAFUATgAtAEMASQBfAEEAUwBNAF8AQQBTAE0ALgBzAHQAcAAEAAAAEAAAAAEAAAAFAAAARwAAABkAAAARAAAAEQAAABQAAAA=</a:base64Binary><a:base64Binary>UEYAAAUAAAD//v+Mbo/CazV1OmctADIAQACVXth2O2DFiF8ATQBpAGQAMwA2ADAASHIvAFoATABMAEcANgA1AEEAUwBNADIANQAwAC0ANAAwADkANgAgAFYAMgAuADAAVVP6UXSPLgBzAHQAcAAtADEAQABuj8JrNXU6Zy8ANQBHAC0AcwBoAHUAYQBuAGcALgAxAC4AcwB0AHAALQAxAEAAWgBMAEwARwA2ADUAQQBTAE0AMgA1ADAALQA0ADAAOQA2ACAAVgAyAC4AMABVU/pRdI8uAHMAdABwAC8ANQBHAC0AcwBoAHUAYQBuAGcAXwAxAC4AMQAuAHMAdABwAC0AMQBAADUARwAtAHMAaAB1AGEAbgBnAC4AMQAuAHMAdABwAAQAAAAQAAAAAQAAAAQAAABHAAAAGQAAABIAAAASAAAA</a:base64Binary><a:base64Binary>UEYAAAUAAAD//v+Gbo/CazV1OmctADIAQACVXth2O2DFiF8ATQBpAGQAMwA2ADAASHIvAFoATABMAEcANgA1AEEAUwBNADIANQAwAC0ANAAwADkANgAgAFYAMgAuADAAVVP6UXSPLgBzAHQAcAAtADEAQABuj8JrNXU6Zy8ANQBHAC0AcwBoAHUAYQBuAGcALgAxAC4AcwB0AHAALQAxAEAAWgBMAEwARwA2ADUAQQBTAE0AMgA1ADAALQA0ADAAOQA2ACAAVgAyAC4AMABVU/pRdI8uAHMAdABwAC8A9pb2TjEALgAxAC4AMgAuAHMAdABwAC0AMQBAADUARwAtAHMAaAB1AGEAbgBnAC4AMQAuAHMAdABwAAQAAAAQAAAAAQAAAAQAAABHAAAAGQAAABIAAAATAAAA</a:base64Binary><a:base64Binary>UEYAAAUAAAD//v+Hbo/CazV1OmctADIAQACVXth2O2DFiF8ATQBpAGQAMwA2ADAASHIvAFoATABMAEcANgA1AEEAUwBNADIANQAwAC0ANAAwADkANgAgAFYAMgAuADAAVVP6UXSPLgBzAHQAcAAtADEAQABuj8JrNXU6Zy8ANQBHAC0AcwBoAHUAYQBuAGcALgAxAC4AcwB0AHAALQAxAEAAWgBMAEwARwA2ADUAQQBTAE0AMgA1ADAALQA0ADAAOQA2ACAAVgAyAC4AMABVU/pRdI8uAHMAdABwAC8ANQBjAHUAbgAtADEALgAxAC4AcwB0AHAALQAxAEAANQBHAC0AcwBoAHUAYQBuAGcALgAxAC4AcwB0AHAABAAAABAAAAABAAAABAAAAEcAAAAZAAAAEgAAABEAAAA=</a:base64Binary><a:base64Binary>UEYAAAUAAAD//v9mbo/CazV1OmctADIAQACVXth2O2DFiF8ATQBpAGQAMwA2ADAASHIvAFoATABMAEcANgA1AEEAUwBNADIANQAwAC0ANAAwADkANgAgAFYAMgAuADAAVVP6UXSPLgBzAHQAcAAtADEAQABuj8JrNXU6Zy8A9pb2TjEALgAxAC4AMgAuADEALgBzAHQAcAAtADEAQABaAEwATABHADYANQBBAFMATQAyADUAMAAtADQAMAA5ADYAIABWADIALgAwAFVT+lF0jy4AcwB0AHAABAAAABAAAAABAAAAAwAAAEcAAAAZAAAAEwAAAA==</a:base64Binary><a:base64Binary>UEYAAAUAAAD//v9kbo/CazV1OmctADIAQACVXth2O2DFiF8ATQBpAGQAMwA2ADAASHIvAFoATABMAEcANgA1AEEAUwBNADIANQAwAC0ANAAwADkANgAgAFYAMgAuADAAVVP6UXSPLgBzAHQAcAAtADEAQABuj8JrNXU6Zy8AUABhAHIAdAAxAC4AMgAuAHMAdABwAC0AMQBAAFoATABMAEcANgA1AEEAUwBNADIANQAwAC0ANAAwADkANgAgAFYAMgAuADAAVVP6UXSPLgBzAHQAcAAEAAAAEAAAAAEAAAADAAAARwAAABkAAAAUAAAA</a:base64Binary><a:base64Binary>UEYAAAUAAAD//v8zRQAtAEMATABIAEoANwA1AC0ATgAtADIAQACVXth2O2DFiF8ATQBpAGQAMwA2ADAASHIvAEUALQBDAEwASABKADcANQAtAE4AXwBwAC0AMQBAAEUALQBDAEwASABKADcANQAtAE4ABAAAABAAAAABAAAAAgAAAEUIAAAWAAAA</a:base64Binary><a:base64Binary>UEYAAAUAAAD//v8zRQAtAEMATABIAEoANwA1AC0ATgAtADEAQACVXth2O2DFiF8ATQBpAGQAMwA2ADAASHIvAEUALQBDAEwASABKADcANQAtAE4AXwBwAC0AMQBAAEUALQBDAEwASABKADcANQAtAE4ABAAAABAAAAABAAAAAgAAACkIAAAWAAAA</a:base64Binary><a:base64Binary>UEYAAAUAAAD//v8YTQBpAGQAMwA2ADAA+laaW6deLQAxAEAAlV7YdjtgxYhfAE0AaQBkADMANgAwAEhyBAAAABAAAAABAAAAAQAAAIgIAAA=</a:base64Binary></SWComponentPIDs><SWMainComponentPID i:nil="true"/><Visual z:Ref="i16"/><isFixedFrame>false</isFixedFrame><isIncomplete>false</isIncomplete></Link>
2025-09-10 08:46:50,460 INFO  ExportHelperExtension.cs: 347 - Creating joint left_wheel_Link
2025-09-10 08:46:50,739 WARN  ExportHelperExtension.cs: 351 - Creating joint from parent base_link to child left_wheel_Link failed
2025-09-10 08:46:50,770 INFO  ExportHelperExtension.cs: 347 - Creating joint right_wheel_Link
2025-09-10 08:46:50,889 WARN  ExportHelperExtension.cs: 351 - Creating joint from parent base_link to child right_wheel_Link failed
2025-09-10 08:46:50,916 INFO  ExportHelperExtension.cs: 347 - Creating joint lf_Link
2025-09-10 08:46:51,056 WARN  ExportHelperExtension.cs: 351 - Creating joint from parent base_link to child lf_Link failed
2025-09-10 08:46:51,071 INFO  ExportHelperExtension.cs: 347 - Creating joint lf_wheel_Link
2025-09-10 08:46:51,205 WARN  ExportHelperExtension.cs: 351 - Creating joint from parent lf_Link to child lf_wheel_Link failed
2025-09-10 08:46:51,223 INFO  ExportHelperExtension.cs: 347 - Creating joint rf_Link
2025-09-10 08:46:51,375 WARN  ExportHelperExtension.cs: 351 - Creating joint from parent base_link to child rf_Link failed
2025-09-10 08:46:51,388 INFO  ExportHelperExtension.cs: 347 - Creating joint rf_wheel_Link
2025-09-10 08:46:51,504 WARN  ExportHelperExtension.cs: 351 - Creating joint from parent rf_Link to child rf_wheel_Link failed
2025-09-10 08:46:51,521 INFO  ExportHelperExtension.cs: 347 - Creating joint lidar_link
2025-09-10 08:46:51,522 WARN  ExportHelperExtension.cs: 351 - Creating joint from parent base_link to child lidar_link failed
2025-09-10 08:46:52,351 INFO  ExportHelperExtension.cs: 347 - Creating joint gyro_link
2025-09-10 08:46:52,353 INFO  ExportHelperExtension.cs: 1397 - Fixing components for base_link
2025-09-10 08:46:52,353 INFO  ExportHelperExtension.cs: 1402 - Fixing 500
2025-09-10 08:46:52,354 INFO  ExportHelperExtension.cs: 1402 - Fixing 371
2025-09-10 08:46:52,354 INFO  ExportHelperExtension.cs: 1402 - Fixing 394
2025-09-10 08:46:52,354 INFO  ExportHelperExtension.cs: 1402 - Fixing 542
2025-09-10 08:46:52,354 INFO  ExportHelperExtension.cs: 1402 - Fixing 450
2025-09-10 08:46:52,354 INFO  ExportHelperExtension.cs: 1402 - Fixing 228
2025-09-10 08:46:52,355 INFO  ExportHelperExtension.cs: 1402 - Fixing 434
2025-09-10 08:46:52,355 INFO  ExportHelperExtension.cs: 1402 - Fixing 519
2025-09-10 08:46:52,355 INFO  ExportHelperExtension.cs: 1402 - Fixing 395
2025-09-10 08:46:52,355 INFO  ExportHelperExtension.cs: 1402 - Fixing 473
2025-09-10 08:46:52,355 INFO  ExportHelperExtension.cs: 1402 - Fixing 444
2025-09-10 08:46:52,355 INFO  ExportHelperExtension.cs: 1402 - Fixing 438
2025-09-10 08:46:52,355 INFO  ExportHelperExtension.cs: 1402 - Fixing 428
2025-09-10 08:46:52,356 INFO  ExportHelperExtension.cs: 1402 - Fixing 432
2025-09-10 08:46:52,356 INFO  ExportHelperExtension.cs: 1402 - Fixing 424
2025-09-10 08:46:52,356 INFO  ExportHelperExtension.cs: 1402 - Fixing 373
2025-09-10 08:46:52,356 INFO  ExportHelperExtension.cs: 1402 - Fixing 350
2025-09-10 08:46:52,356 INFO  ExportHelperExtension.cs: 1402 - Fixing 260
2025-09-10 08:46:52,356 INFO  ExportHelperExtension.cs: 1402 - Fixing 229
2025-09-10 08:46:52,357 INFO  ExportHelperExtension.cs: 1402 - Fixing 195
2025-09-10 08:46:52,357 INFO  ExportHelperExtension.cs: 1402 - Fixing 165
2025-09-10 08:46:52,357 INFO  ExportHelperExtension.cs: 1402 - Fixing 132
2025-09-10 08:46:52,357 INFO  ExportHelperExtension.cs: 1402 - Fixing 94
2025-09-10 08:46:52,357 INFO  ExportHelperExtension.cs: 1402 - Fixing 42
2025-09-10 08:46:52,357 INFO  ExportHelperExtension.cs: 1402 - Fixing 41
2025-09-10 08:46:52,357 INFO  ExportHelperExtension.cs: 1402 - Fixing 30
2025-09-10 08:46:52,358 INFO  ExportHelperExtension.cs: 1402 - Fixing 18
2025-09-10 08:46:52,358 INFO  ExportHelperExtension.cs: 1402 - Fixing 29
2025-09-10 08:46:52,358 INFO  ExportHelperExtension.cs: 1402 - Fixing 197
2025-09-10 08:46:52,358 INFO  ExportHelperExtension.cs: 1402 - Fixing 17
2025-09-10 08:46:52,358 INFO  ExportHelperExtension.cs: 1409 - Component 17 is already fixed
2025-09-10 08:46:52,358 INFO  ExportHelperExtension.cs: 1402 - Fixing 95
2025-09-10 08:46:52,358 INFO  ExportHelperExtension.cs: 1402 - Fixing 1748
2025-09-10 08:46:52,359 INFO  ExportHelperExtension.cs: 1402 - Fixing 1731
2025-09-10 08:46:52,359 INFO  ExportHelperExtension.cs: 1402 - Fixing 1749
2025-09-10 08:46:52,359 INFO  ExportHelperExtension.cs: 1402 - Fixing 1715
2025-09-10 08:46:52,359 INFO  ExportHelperExtension.cs: 1402 - Fixing 1716
2025-09-10 08:46:52,359 INFO  ExportHelperExtension.cs: 1402 - Fixing 1700
2025-09-10 08:46:52,359 INFO  ExportHelperExtension.cs: 1402 - Fixing 1696
2025-09-10 08:46:52,359 INFO  ExportHelperExtension.cs: 1402 - Fixing 1647
2025-09-10 08:46:52,360 INFO  ExportHelperExtension.cs: 1402 - Fixing 1624
2025-09-10 08:46:52,360 INFO  ExportHelperExtension.cs: 1402 - Fixing 1623
2025-09-10 08:46:52,360 INFO  ExportHelperExtension.cs: 1402 - Fixing 1622
2025-09-10 08:46:52,360 INFO  ExportHelperExtension.cs: 1402 - Fixing 961
2025-09-10 08:46:52,360 INFO  ExportHelperExtension.cs: 1402 - Fixing 928
2025-09-10 08:46:52,360 INFO  ExportHelperExtension.cs: 1402 - Fixing 910
2025-09-10 08:46:52,360 INFO  ExportHelperExtension.cs: 1402 - Fixing 605
2025-09-10 08:46:52,361 INFO  ExportHelperExtension.cs: 1402 - Fixing 624
2025-09-10 08:46:52,361 INFO  ExportHelperExtension.cs: 1402 - Fixing 620
2025-09-10 08:46:52,361 INFO  ExportHelperExtension.cs: 1402 - Fixing 606
2025-09-10 08:46:52,361 INFO  ExportHelperExtension.cs: 1402 - Fixing 569
2025-09-10 08:46:52,361 INFO  ExportHelperExtension.cs: 1402 - Fixing 604
2025-09-10 08:46:52,361 INFO  ExportHelperExtension.cs: 1402 - Fixing 926
2025-09-10 08:46:52,361 INFO  ExportHelperExtension.cs: 1402 - Fixing 900
2025-09-10 08:46:52,362 INFO  ExportHelperExtension.cs: 1402 - Fixing 927
2025-09-10 08:46:52,362 INFO  ExportHelperExtension.cs: 1402 - Fixing 984
2025-09-10 08:46:52,362 INFO  ExportHelperExtension.cs: 1402 - Fixing 929
2025-09-10 08:46:52,362 INFO  ExportHelperExtension.cs: 1402 - Fixing 628
2025-09-10 08:46:52,362 INFO  ExportHelperExtension.cs: 1402 - Fixing 1621
2025-09-10 08:46:52,362 INFO  ExportHelperExtension.cs: 1402 - Fixing 1997
2025-09-10 08:46:52,363 INFO  ExportHelperExtension.cs: 1402 - Fixing 1949
2025-09-10 08:46:52,363 INFO  ExportHelperExtension.cs: 1402 - Fixing 1941
2025-09-10 08:46:52,363 INFO  ExportHelperExtension.cs: 1402 - Fixing 1884
2025-09-10 08:46:52,363 INFO  ExportHelperExtension.cs: 1402 - Fixing 2067
2025-09-10 08:46:52,363 INFO  ExportHelperExtension.cs: 1402 - Fixing 2013
2025-09-10 08:46:52,363 INFO  ExportHelperExtension.cs: 1402 - Fixing 1957
2025-09-10 08:46:52,363 INFO  ExportHelperExtension.cs: 1402 - Fixing 1948
2025-09-10 08:46:52,364 INFO  ExportHelperExtension.cs: 1402 - Fixing 1988
2025-09-10 08:46:52,364 INFO  ExportHelperExtension.cs: 1402 - Fixing 1956
2025-09-10 08:46:52,364 INFO  ExportHelperExtension.cs: 1402 - Fixing 2057
2025-09-10 08:46:52,364 INFO  ExportHelperExtension.cs: 1402 - Fixing 1989
2025-09-10 08:46:52,364 INFO  ExportHelperExtension.cs: 1402 - Fixing 20
2025-09-10 08:46:52,364 INFO  ExportHelperExtension.cs: 1402 - Fixing 18
2025-09-10 08:46:52,364 INFO  ExportHelperExtension.cs: 1402 - Fixing 19
2025-09-10 08:46:52,365 INFO  ExportHelperExtension.cs: 1402 - Fixing 20
2025-09-10 08:46:52,365 INFO  ExportHelperExtension.cs: 1402 - Fixing 19
2025-09-10 08:46:52,365 INFO  ExportHelperExtension.cs: 1402 - Fixing 17
2025-09-10 08:46:52,365 INFO  ExportHelperExtension.cs: 1402 - Fixing 20
2025-09-10 08:46:52,365 INFO  ExportHelperExtension.cs: 1402 - Fixing 18
2025-09-10 08:46:52,365 INFO  ExportHelperExtension.cs: 1402 - Fixing 19
2025-09-10 08:46:52,365 INFO  ExportHelperExtension.cs: 1402 - Fixing 17
2025-09-10 08:46:52,366 INFO  ExportHelperExtension.cs: 1402 - Fixing 19
2025-09-10 08:46:52,366 INFO  ExportHelperExtension.cs: 1402 - Fixing 20
2025-09-10 08:46:52,366 INFO  ExportHelperExtension.cs: 1402 - Fixing 22
2025-09-10 08:46:52,366 INFO  ExportHelperExtension.cs: 1402 - Fixing 22
2025-09-10 08:46:52,366 INFO  ExportHelperExtension.cs: 1402 - Fixing 2184
2025-09-10 08:46:57,201 INFO  ExportHelperExtension.cs: 832 - R1: 0, 0
2025-09-10 08:46:57,201 INFO  ExportHelperExtension.cs: 841 - R2: 0, 0
2025-09-10 08:46:57,201 INFO  ExportHelperExtension.cs: 849 - L1: 0
2025-09-10 08:46:57,202 INFO  ExportHelperExtension.cs: 857 - L2: 0
2025-09-10 08:46:57,202 INFO  ExportHelperExtension.cs: 1352 - Unfixing component 500
2025-09-10 08:46:57,203 INFO  ExportHelperExtension.cs: 1352 - Unfixing component 371
2025-09-10 08:46:57,203 INFO  ExportHelperExtension.cs: 1352 - Unfixing component 394
2025-09-10 08:46:57,203 INFO  ExportHelperExtension.cs: 1352 - Unfixing component 542
2025-09-10 08:46:57,203 INFO  ExportHelperExtension.cs: 1352 - Unfixing component 450
2025-09-10 08:46:57,203 INFO  ExportHelperExtension.cs: 1352 - Unfixing component 228
2025-09-10 08:46:57,203 INFO  ExportHelperExtension.cs: 1352 - Unfixing component 434
2025-09-10 08:46:57,203 INFO  ExportHelperExtension.cs: 1352 - Unfixing component 519
2025-09-10 08:46:57,204 INFO  ExportHelperExtension.cs: 1352 - Unfixing component 395
2025-09-10 08:46:57,204 INFO  ExportHelperExtension.cs: 1352 - Unfixing component 473
2025-09-10 08:46:57,204 INFO  ExportHelperExtension.cs: 1352 - Unfixing component 444
2025-09-10 08:46:57,204 INFO  ExportHelperExtension.cs: 1352 - Unfixing component 438
2025-09-10 08:46:57,204 INFO  ExportHelperExtension.cs: 1352 - Unfixing component 428
2025-09-10 08:46:57,204 INFO  ExportHelperExtension.cs: 1352 - Unfixing component 432
2025-09-10 08:46:57,204 INFO  ExportHelperExtension.cs: 1352 - Unfixing component 424
2025-09-10 08:46:57,205 INFO  ExportHelperExtension.cs: 1352 - Unfixing component 373
2025-09-10 08:46:57,205 INFO  ExportHelperExtension.cs: 1352 - Unfixing component 350
2025-09-10 08:46:57,205 INFO  ExportHelperExtension.cs: 1352 - Unfixing component 260
2025-09-10 08:46:57,205 INFO  ExportHelperExtension.cs: 1352 - Unfixing component 229
2025-09-10 08:46:57,205 INFO  ExportHelperExtension.cs: 1352 - Unfixing component 195
2025-09-10 08:46:57,205 INFO  ExportHelperExtension.cs: 1352 - Unfixing component 165
2025-09-10 08:46:57,206 INFO  ExportHelperExtension.cs: 1352 - Unfixing component 132
2025-09-10 08:46:57,206 INFO  ExportHelperExtension.cs: 1352 - Unfixing component 94
2025-09-10 08:46:57,206 INFO  ExportHelperExtension.cs: 1352 - Unfixing component 42
2025-09-10 08:46:57,206 INFO  ExportHelperExtension.cs: 1352 - Unfixing component 41
2025-09-10 08:46:57,206 INFO  ExportHelperExtension.cs: 1352 - Unfixing component 30
2025-09-10 08:46:57,206 INFO  ExportHelperExtension.cs: 1352 - Unfixing component 18
2025-09-10 08:46:57,206 INFO  ExportHelperExtension.cs: 1352 - Unfixing component 29
2025-09-10 08:46:57,207 INFO  ExportHelperExtension.cs: 1352 - Unfixing component 197
2025-09-10 08:46:57,207 INFO  ExportHelperExtension.cs: 1352 - Unfixing component 95
2025-09-10 08:46:57,207 INFO  ExportHelperExtension.cs: 1352 - Unfixing component 1748
2025-09-10 08:46:57,207 INFO  ExportHelperExtension.cs: 1352 - Unfixing component 1731
2025-09-10 08:46:57,207 INFO  ExportHelperExtension.cs: 1352 - Unfixing component 1749
2025-09-10 08:46:57,208 INFO  ExportHelperExtension.cs: 1352 - Unfixing component 1715
2025-09-10 08:46:57,208 INFO  ExportHelperExtension.cs: 1352 - Unfixing component 1716
2025-09-10 08:46:57,208 INFO  ExportHelperExtension.cs: 1352 - Unfixing component 1700
2025-09-10 08:46:57,208 INFO  ExportHelperExtension.cs: 1352 - Unfixing component 1696
2025-09-10 08:46:57,208 INFO  ExportHelperExtension.cs: 1352 - Unfixing component 1647
2025-09-10 08:46:57,208 INFO  ExportHelperExtension.cs: 1352 - Unfixing component 1624
2025-09-10 08:46:57,208 INFO  ExportHelperExtension.cs: 1352 - Unfixing component 1623
2025-09-10 08:46:57,209 INFO  ExportHelperExtension.cs: 1352 - Unfixing component 1622
2025-09-10 08:46:57,209 INFO  ExportHelperExtension.cs: 1352 - Unfixing component 961
2025-09-10 08:46:57,209 INFO  ExportHelperExtension.cs: 1352 - Unfixing component 928
2025-09-10 08:46:57,209 INFO  ExportHelperExtension.cs: 1352 - Unfixing component 910
2025-09-10 08:46:57,209 INFO  ExportHelperExtension.cs: 1352 - Unfixing component 605
2025-09-10 08:46:57,209 INFO  ExportHelperExtension.cs: 1352 - Unfixing component 624
2025-09-10 08:46:57,209 INFO  ExportHelperExtension.cs: 1352 - Unfixing component 620
2025-09-10 08:46:57,210 INFO  ExportHelperExtension.cs: 1352 - Unfixing component 606
2025-09-10 08:46:57,210 INFO  ExportHelperExtension.cs: 1352 - Unfixing component 569
2025-09-10 08:46:57,210 INFO  ExportHelperExtension.cs: 1352 - Unfixing component 604
2025-09-10 08:46:57,210 INFO  ExportHelperExtension.cs: 1352 - Unfixing component 926
2025-09-10 08:46:57,210 INFO  ExportHelperExtension.cs: 1352 - Unfixing component 900
2025-09-10 08:46:57,210 INFO  ExportHelperExtension.cs: 1352 - Unfixing component 927
2025-09-10 08:46:57,211 INFO  ExportHelperExtension.cs: 1352 - Unfixing component 984
2025-09-10 08:46:57,211 INFO  ExportHelperExtension.cs: 1352 - Unfixing component 929
2025-09-10 08:46:57,211 INFO  ExportHelperExtension.cs: 1352 - Unfixing component 628
2025-09-10 08:46:57,211 INFO  ExportHelperExtension.cs: 1352 - Unfixing component 1621
2025-09-10 08:46:57,212 INFO  ExportHelperExtension.cs: 1352 - Unfixing component 1997
2025-09-10 08:46:57,212 INFO  ExportHelperExtension.cs: 1352 - Unfixing component 1949
2025-09-10 08:46:57,214 INFO  ExportHelperExtension.cs: 1352 - Unfixing component 1941
2025-09-10 08:46:57,215 INFO  ExportHelperExtension.cs: 1352 - Unfixing component 1884
2025-09-10 08:46:57,215 INFO  ExportHelperExtension.cs: 1352 - Unfixing component 2067
2025-09-10 08:46:57,215 INFO  ExportHelperExtension.cs: 1352 - Unfixing component 2013
2025-09-10 08:46:57,215 INFO  ExportHelperExtension.cs: 1352 - Unfixing component 1957
2025-09-10 08:46:57,215 INFO  ExportHelperExtension.cs: 1352 - Unfixing component 1948
2025-09-10 08:46:57,215 INFO  ExportHelperExtension.cs: 1352 - Unfixing component 1988
2025-09-10 08:46:57,215 INFO  ExportHelperExtension.cs: 1352 - Unfixing component 1956
2025-09-10 08:46:57,216 INFO  ExportHelperExtension.cs: 1352 - Unfixing component 2057
2025-09-10 08:46:57,216 INFO  ExportHelperExtension.cs: 1352 - Unfixing component 1989
2025-09-10 08:46:57,216 INFO  ExportHelperExtension.cs: 1352 - Unfixing component 20
2025-09-10 08:46:57,216 INFO  ExportHelperExtension.cs: 1352 - Unfixing component 18
2025-09-10 08:46:57,216 INFO  ExportHelperExtension.cs: 1352 - Unfixing component 19
2025-09-10 08:46:57,216 INFO  ExportHelperExtension.cs: 1352 - Unfixing component 20
2025-09-10 08:46:57,216 INFO  ExportHelperExtension.cs: 1352 - Unfixing component 19
2025-09-10 08:46:57,217 INFO  ExportHelperExtension.cs: 1352 - Unfixing component 17
2025-09-10 08:46:57,217 INFO  ExportHelperExtension.cs: 1352 - Unfixing component 20
2025-09-10 08:46:57,217 INFO  ExportHelperExtension.cs: 1352 - Unfixing component 18
2025-09-10 08:46:57,217 INFO  ExportHelperExtension.cs: 1352 - Unfixing component 19
2025-09-10 08:46:57,217 INFO  ExportHelperExtension.cs: 1352 - Unfixing component 17
2025-09-10 08:46:57,217 INFO  ExportHelperExtension.cs: 1352 - Unfixing component 19
2025-09-10 08:46:57,217 INFO  ExportHelperExtension.cs: 1352 - Unfixing component 20
2025-09-10 08:46:57,218 INFO  ExportHelperExtension.cs: 1352 - Unfixing component 22
2025-09-10 08:46:57,218 INFO  ExportHelperExtension.cs: 1352 - Unfixing component 22
2025-09-10 08:46:57,218 INFO  ExportHelperExtension.cs: 1352 - Unfixing component 2184
2025-09-10 08:47:00,501 WARN  ExportHelperExtension.cs: 351 - Creating joint from parent base_link to child gyro_link failed
2025-09-10 08:47:00,521 INFO  ExportHelperExtension.cs: 347 - Creating joint ultrasound_link1
2025-09-10 08:47:00,521 INFO  ExportHelperExtension.cs: 1397 - Fixing components for base_link
2025-09-10 08:47:00,521 INFO  ExportHelperExtension.cs: 1402 - Fixing 500
2025-09-10 08:47:00,521 INFO  ExportHelperExtension.cs: 1402 - Fixing 371
2025-09-10 08:47:00,522 INFO  ExportHelperExtension.cs: 1402 - Fixing 394
2025-09-10 08:47:00,522 INFO  ExportHelperExtension.cs: 1402 - Fixing 542
2025-09-10 08:47:00,522 INFO  ExportHelperExtension.cs: 1402 - Fixing 450
2025-09-10 08:47:00,522 INFO  ExportHelperExtension.cs: 1402 - Fixing 228
2025-09-10 08:47:00,522 INFO  ExportHelperExtension.cs: 1402 - Fixing 434
2025-09-10 08:47:00,522 INFO  ExportHelperExtension.cs: 1402 - Fixing 519
2025-09-10 08:47:00,523 INFO  ExportHelperExtension.cs: 1402 - Fixing 395
2025-09-10 08:47:00,523 INFO  ExportHelperExtension.cs: 1402 - Fixing 473
2025-09-10 08:47:00,523 INFO  ExportHelperExtension.cs: 1402 - Fixing 444
2025-09-10 08:47:00,523 INFO  ExportHelperExtension.cs: 1402 - Fixing 438
2025-09-10 08:47:00,523 INFO  ExportHelperExtension.cs: 1402 - Fixing 428
2025-09-10 08:47:00,523 INFO  ExportHelperExtension.cs: 1402 - Fixing 432
2025-09-10 08:47:00,523 INFO  ExportHelperExtension.cs: 1402 - Fixing 424
2025-09-10 08:47:00,524 INFO  ExportHelperExtension.cs: 1402 - Fixing 373
2025-09-10 08:47:00,524 INFO  ExportHelperExtension.cs: 1402 - Fixing 350
2025-09-10 08:47:00,524 INFO  ExportHelperExtension.cs: 1402 - Fixing 260
2025-09-10 08:47:00,524 INFO  ExportHelperExtension.cs: 1402 - Fixing 229
2025-09-10 08:47:00,524 INFO  ExportHelperExtension.cs: 1402 - Fixing 195
2025-09-10 08:47:00,524 INFO  ExportHelperExtension.cs: 1402 - Fixing 165
2025-09-10 08:47:00,524 INFO  ExportHelperExtension.cs: 1402 - Fixing 132
2025-09-10 08:47:00,525 INFO  ExportHelperExtension.cs: 1402 - Fixing 94
2025-09-10 08:47:00,525 INFO  ExportHelperExtension.cs: 1402 - Fixing 42
2025-09-10 08:47:00,526 INFO  ExportHelperExtension.cs: 1402 - Fixing 41
2025-09-10 08:47:00,526 INFO  ExportHelperExtension.cs: 1402 - Fixing 30
2025-09-10 08:47:00,526 INFO  ExportHelperExtension.cs: 1402 - Fixing 18
2025-09-10 08:47:00,526 INFO  ExportHelperExtension.cs: 1402 - Fixing 29
2025-09-10 08:47:00,526 INFO  ExportHelperExtension.cs: 1402 - Fixing 197
2025-09-10 08:47:00,526 INFO  ExportHelperExtension.cs: 1402 - Fixing 17
2025-09-10 08:47:00,527 INFO  ExportHelperExtension.cs: 1409 - Component 17 is already fixed
2025-09-10 08:47:00,527 INFO  ExportHelperExtension.cs: 1402 - Fixing 95
2025-09-10 08:47:00,527 INFO  ExportHelperExtension.cs: 1402 - Fixing 1748
2025-09-10 08:47:00,527 INFO  ExportHelperExtension.cs: 1402 - Fixing 1731
2025-09-10 08:47:00,527 INFO  ExportHelperExtension.cs: 1402 - Fixing 1749
2025-09-10 08:47:00,527 INFO  ExportHelperExtension.cs: 1402 - Fixing 1715
2025-09-10 08:47:00,528 INFO  ExportHelperExtension.cs: 1402 - Fixing 1716
2025-09-10 08:47:00,528 INFO  ExportHelperExtension.cs: 1402 - Fixing 1700
2025-09-10 08:47:00,528 INFO  ExportHelperExtension.cs: 1402 - Fixing 1696
2025-09-10 08:47:00,528 INFO  ExportHelperExtension.cs: 1402 - Fixing 1647
2025-09-10 08:47:00,528 INFO  ExportHelperExtension.cs: 1402 - Fixing 1624
2025-09-10 08:47:00,529 INFO  ExportHelperExtension.cs: 1402 - Fixing 1623
2025-09-10 08:47:00,529 INFO  ExportHelperExtension.cs: 1402 - Fixing 1622
2025-09-10 08:47:00,529 INFO  ExportHelperExtension.cs: 1402 - Fixing 961
2025-09-10 08:47:00,529 INFO  ExportHelperExtension.cs: 1402 - Fixing 928
2025-09-10 08:47:00,529 INFO  ExportHelperExtension.cs: 1402 - Fixing 910
2025-09-10 08:47:00,530 INFO  ExportHelperExtension.cs: 1402 - Fixing 605
2025-09-10 08:47:00,530 INFO  ExportHelperExtension.cs: 1402 - Fixing 624
2025-09-10 08:47:00,530 INFO  ExportHelperExtension.cs: 1402 - Fixing 620
2025-09-10 08:47:00,530 INFO  ExportHelperExtension.cs: 1402 - Fixing 606
2025-09-10 08:47:00,530 INFO  ExportHelperExtension.cs: 1402 - Fixing 569
2025-09-10 08:47:00,530 INFO  ExportHelperExtension.cs: 1402 - Fixing 604
2025-09-10 08:47:00,530 INFO  ExportHelperExtension.cs: 1402 - Fixing 926
2025-09-10 08:47:00,531 INFO  ExportHelperExtension.cs: 1402 - Fixing 900
2025-09-10 08:47:00,531 INFO  ExportHelperExtension.cs: 1402 - Fixing 927
2025-09-10 08:47:00,531 INFO  ExportHelperExtension.cs: 1402 - Fixing 984
2025-09-10 08:47:00,531 INFO  ExportHelperExtension.cs: 1402 - Fixing 929
2025-09-10 08:47:00,531 INFO  ExportHelperExtension.cs: 1402 - Fixing 628
2025-09-10 08:47:00,531 INFO  ExportHelperExtension.cs: 1402 - Fixing 1621
2025-09-10 08:47:00,532 INFO  ExportHelperExtension.cs: 1402 - Fixing 1997
2025-09-10 08:47:00,532 INFO  ExportHelperExtension.cs: 1402 - Fixing 1949
2025-09-10 08:47:00,532 INFO  ExportHelperExtension.cs: 1402 - Fixing 1941
2025-09-10 08:47:00,532 INFO  ExportHelperExtension.cs: 1402 - Fixing 1884
2025-09-10 08:47:00,532 INFO  ExportHelperExtension.cs: 1402 - Fixing 2067
2025-09-10 08:47:00,533 INFO  ExportHelperExtension.cs: 1402 - Fixing 2013
2025-09-10 08:47:00,533 INFO  ExportHelperExtension.cs: 1402 - Fixing 1957
2025-09-10 08:47:00,533 INFO  ExportHelperExtension.cs: 1402 - Fixing 1948
2025-09-10 08:47:00,533 INFO  ExportHelperExtension.cs: 1402 - Fixing 1988
2025-09-10 08:47:00,533 INFO  ExportHelperExtension.cs: 1402 - Fixing 1956
2025-09-10 08:47:00,533 INFO  ExportHelperExtension.cs: 1402 - Fixing 2057
2025-09-10 08:47:00,534 INFO  ExportHelperExtension.cs: 1402 - Fixing 1989
2025-09-10 08:47:00,534 INFO  ExportHelperExtension.cs: 1402 - Fixing 20
2025-09-10 08:47:00,536 INFO  ExportHelperExtension.cs: 1402 - Fixing 18
2025-09-10 08:47:00,536 INFO  ExportHelperExtension.cs: 1402 - Fixing 19
2025-09-10 08:47:00,536 INFO  ExportHelperExtension.cs: 1402 - Fixing 20
2025-09-10 08:47:00,536 INFO  ExportHelperExtension.cs: 1402 - Fixing 19
2025-09-10 08:47:00,537 INFO  ExportHelperExtension.cs: 1402 - Fixing 17
2025-09-10 08:47:00,537 INFO  ExportHelperExtension.cs: 1402 - Fixing 20
2025-09-10 08:47:00,537 INFO  ExportHelperExtension.cs: 1402 - Fixing 18
2025-09-10 08:47:00,537 INFO  ExportHelperExtension.cs: 1402 - Fixing 19
2025-09-10 08:47:00,537 INFO  ExportHelperExtension.cs: 1402 - Fixing 17
2025-09-10 08:47:00,537 INFO  ExportHelperExtension.cs: 1402 - Fixing 19
2025-09-10 08:47:00,538 INFO  ExportHelperExtension.cs: 1402 - Fixing 20
2025-09-10 08:47:00,538 INFO  ExportHelperExtension.cs: 1402 - Fixing 22
2025-09-10 08:47:00,538 INFO  ExportHelperExtension.cs: 1402 - Fixing 22
2025-09-10 08:47:00,538 INFO  ExportHelperExtension.cs: 1402 - Fixing 2184
2025-09-10 08:47:03,586 INFO  ExportHelperExtension.cs: 832 - R1: 0, 0
2025-09-10 08:47:03,586 INFO  ExportHelperExtension.cs: 841 - R2: 0, 0
2025-09-10 08:47:03,586 INFO  ExportHelperExtension.cs: 849 - L1: 0
2025-09-10 08:47:03,586 INFO  ExportHelperExtension.cs: 857 - L2: 0
2025-09-10 08:47:03,586 INFO  ExportHelperExtension.cs: 1352 - Unfixing component 500
2025-09-10 08:47:03,587 INFO  ExportHelperExtension.cs: 1352 - Unfixing component 371
2025-09-10 08:47:03,587 INFO  ExportHelperExtension.cs: 1352 - Unfixing component 394
2025-09-10 08:47:03,587 INFO  ExportHelperExtension.cs: 1352 - Unfixing component 542
2025-09-10 08:47:03,587 INFO  ExportHelperExtension.cs: 1352 - Unfixing component 450
2025-09-10 08:47:03,587 INFO  ExportHelperExtension.cs: 1352 - Unfixing component 228
2025-09-10 08:47:03,587 INFO  ExportHelperExtension.cs: 1352 - Unfixing component 434
2025-09-10 08:47:03,587 INFO  ExportHelperExtension.cs: 1352 - Unfixing component 519
2025-09-10 08:47:03,587 INFO  ExportHelperExtension.cs: 1352 - Unfixing component 395
2025-09-10 08:47:03,588 INFO  ExportHelperExtension.cs: 1352 - Unfixing component 473
2025-09-10 08:47:03,588 INFO  ExportHelperExtension.cs: 1352 - Unfixing component 444
2025-09-10 08:47:03,588 INFO  ExportHelperExtension.cs: 1352 - Unfixing component 438
2025-09-10 08:47:03,588 INFO  ExportHelperExtension.cs: 1352 - Unfixing component 428
2025-09-10 08:47:03,588 INFO  ExportHelperExtension.cs: 1352 - Unfixing component 432
2025-09-10 08:47:03,588 INFO  ExportHelperExtension.cs: 1352 - Unfixing component 424
2025-09-10 08:47:03,588 INFO  ExportHelperExtension.cs: 1352 - Unfixing component 373
2025-09-10 08:47:03,589 INFO  ExportHelperExtension.cs: 1352 - Unfixing component 350
2025-09-10 08:47:03,589 INFO  ExportHelperExtension.cs: 1352 - Unfixing component 260
2025-09-10 08:47:03,589 INFO  ExportHelperExtension.cs: 1352 - Unfixing component 229
2025-09-10 08:47:03,589 INFO  ExportHelperExtension.cs: 1352 - Unfixing component 195
2025-09-10 08:47:03,589 INFO  ExportHelperExtension.cs: 1352 - Unfixing component 165
2025-09-10 08:47:03,589 INFO  ExportHelperExtension.cs: 1352 - Unfixing component 132
2025-09-10 08:47:03,589 INFO  ExportHelperExtension.cs: 1352 - Unfixing component 94
2025-09-10 08:47:03,590 INFO  ExportHelperExtension.cs: 1352 - Unfixing component 42
2025-09-10 08:47:03,590 INFO  ExportHelperExtension.cs: 1352 - Unfixing component 41
2025-09-10 08:47:03,590 INFO  ExportHelperExtension.cs: 1352 - Unfixing component 30
2025-09-10 08:47:03,590 INFO  ExportHelperExtension.cs: 1352 - Unfixing component 18
2025-09-10 08:47:03,590 INFO  ExportHelperExtension.cs: 1352 - Unfixing component 29
2025-09-10 08:47:03,590 INFO  ExportHelperExtension.cs: 1352 - Unfixing component 197
2025-09-10 08:47:03,590 INFO  ExportHelperExtension.cs: 1352 - Unfixing component 95
2025-09-10 08:47:03,590 INFO  ExportHelperExtension.cs: 1352 - Unfixing component 1748
2025-09-10 08:47:03,591 INFO  ExportHelperExtension.cs: 1352 - Unfixing component 1731
2025-09-10 08:47:03,591 INFO  ExportHelperExtension.cs: 1352 - Unfixing component 1749
2025-09-10 08:47:03,591 INFO  ExportHelperExtension.cs: 1352 - Unfixing component 1715
2025-09-10 08:47:03,591 INFO  ExportHelperExtension.cs: 1352 - Unfixing component 1716
2025-09-10 08:47:03,591 INFO  ExportHelperExtension.cs: 1352 - Unfixing component 1700
2025-09-10 08:47:03,591 INFO  ExportHelperExtension.cs: 1352 - Unfixing component 1696
2025-09-10 08:47:03,591 INFO  ExportHelperExtension.cs: 1352 - Unfixing component 1647
2025-09-10 08:47:03,592 INFO  ExportHelperExtension.cs: 1352 - Unfixing component 1624
2025-09-10 08:47:03,592 INFO  ExportHelperExtension.cs: 1352 - Unfixing component 1623
2025-09-10 08:47:03,592 INFO  ExportHelperExtension.cs: 1352 - Unfixing component 1622
2025-09-10 08:47:03,592 INFO  ExportHelperExtension.cs: 1352 - Unfixing component 961
2025-09-10 08:47:03,592 INFO  ExportHelperExtension.cs: 1352 - Unfixing component 928
2025-09-10 08:47:03,592 INFO  ExportHelperExtension.cs: 1352 - Unfixing component 910
2025-09-10 08:47:03,592 INFO  ExportHelperExtension.cs: 1352 - Unfixing component 605
2025-09-10 08:47:03,593 INFO  ExportHelperExtension.cs: 1352 - Unfixing component 624
2025-09-10 08:47:03,593 INFO  ExportHelperExtension.cs: 1352 - Unfixing component 620
2025-09-10 08:47:03,593 INFO  ExportHelperExtension.cs: 1352 - Unfixing component 606
2025-09-10 08:47:03,593 INFO  ExportHelperExtension.cs: 1352 - Unfixing component 569
2025-09-10 08:47:03,593 INFO  ExportHelperExtension.cs: 1352 - Unfixing component 604
2025-09-10 08:47:03,594 INFO  ExportHelperExtension.cs: 1352 - Unfixing component 926
2025-09-10 08:47:03,594 INFO  ExportHelperExtension.cs: 1352 - Unfixing component 900
2025-09-10 08:47:03,594 INFO  ExportHelperExtension.cs: 1352 - Unfixing component 927
2025-09-10 08:47:03,594 INFO  ExportHelperExtension.cs: 1352 - Unfixing component 984
2025-09-10 08:47:03,595 INFO  ExportHelperExtension.cs: 1352 - Unfixing component 929
2025-09-10 08:47:03,595 INFO  ExportHelperExtension.cs: 1352 - Unfixing component 628
2025-09-10 08:47:03,595 INFO  ExportHelperExtension.cs: 1352 - Unfixing component 1621
2025-09-10 08:47:03,595 INFO  ExportHelperExtension.cs: 1352 - Unfixing component 1997
2025-09-10 08:47:03,595 INFO  ExportHelperExtension.cs: 1352 - Unfixing component 1949
2025-09-10 08:47:03,595 INFO  ExportHelperExtension.cs: 1352 - Unfixing component 1941
2025-09-10 08:47:03,595 INFO  ExportHelperExtension.cs: 1352 - Unfixing component 1884
2025-09-10 08:47:03,596 INFO  ExportHelperExtension.cs: 1352 - Unfixing component 2067
2025-09-10 08:47:03,598 INFO  ExportHelperExtension.cs: 1352 - Unfixing component 2013
2025-09-10 08:47:03,598 INFO  ExportHelperExtension.cs: 1352 - Unfixing component 1957
2025-09-10 08:47:03,598 INFO  ExportHelperExtension.cs: 1352 - Unfixing component 1948
2025-09-10 08:47:03,598 INFO  ExportHelperExtension.cs: 1352 - Unfixing component 1988
2025-09-10 08:47:03,598 INFO  ExportHelperExtension.cs: 1352 - Unfixing component 1956
2025-09-10 08:47:03,599 INFO  ExportHelperExtension.cs: 1352 - Unfixing component 2057
2025-09-10 08:47:03,599 INFO  ExportHelperExtension.cs: 1352 - Unfixing component 1989
2025-09-10 08:47:03,599 INFO  ExportHelperExtension.cs: 1352 - Unfixing component 20
2025-09-10 08:47:03,599 INFO  ExportHelperExtension.cs: 1352 - Unfixing component 18
2025-09-10 08:47:03,599 INFO  ExportHelperExtension.cs: 1352 - Unfixing component 19
2025-09-10 08:47:03,599 INFO  ExportHelperExtension.cs: 1352 - Unfixing component 20
2025-09-10 08:47:03,599 INFO  ExportHelperExtension.cs: 1352 - Unfixing component 19
2025-09-10 08:47:03,600 INFO  ExportHelperExtension.cs: 1352 - Unfixing component 17
2025-09-10 08:47:03,600 INFO  ExportHelperExtension.cs: 1352 - Unfixing component 20
2025-09-10 08:47:03,600 INFO  ExportHelperExtension.cs: 1352 - Unfixing component 18
2025-09-10 08:47:03,600 INFO  ExportHelperExtension.cs: 1352 - Unfixing component 19
2025-09-10 08:47:03,600 INFO  ExportHelperExtension.cs: 1352 - Unfixing component 17
2025-09-10 08:47:03,600 INFO  ExportHelperExtension.cs: 1352 - Unfixing component 19
2025-09-10 08:47:03,600 INFO  ExportHelperExtension.cs: 1352 - Unfixing component 20
2025-09-10 08:47:03,601 INFO  ExportHelperExtension.cs: 1352 - Unfixing component 22
2025-09-10 08:47:03,601 INFO  ExportHelperExtension.cs: 1352 - Unfixing component 22
2025-09-10 08:47:03,601 INFO  ExportHelperExtension.cs: 1352 - Unfixing component 2184
2025-09-10 08:47:06,605 WARN  ExportHelperExtension.cs: 351 - Creating joint from parent base_link to child ultrasound_link1 failed
2025-09-10 08:47:06,633 INFO  ExportHelperExtension.cs: 347 - Creating joint ultrasound_link2
2025-09-10 08:47:06,633 INFO  ExportHelperExtension.cs: 1397 - Fixing components for base_link
2025-09-10 08:47:06,633 INFO  ExportHelperExtension.cs: 1402 - Fixing 500
2025-09-10 08:47:06,633 INFO  ExportHelperExtension.cs: 1402 - Fixing 371
2025-09-10 08:47:06,633 INFO  ExportHelperExtension.cs: 1402 - Fixing 394
2025-09-10 08:47:06,633 INFO  ExportHelperExtension.cs: 1402 - Fixing 542
2025-09-10 08:47:06,633 INFO  ExportHelperExtension.cs: 1402 - Fixing 450
2025-09-10 08:47:06,633 INFO  ExportHelperExtension.cs: 1402 - Fixing 228
2025-09-10 08:47:06,634 INFO  ExportHelperExtension.cs: 1402 - Fixing 434
2025-09-10 08:47:06,634 INFO  ExportHelperExtension.cs: 1402 - Fixing 519
2025-09-10 08:47:06,634 INFO  ExportHelperExtension.cs: 1402 - Fixing 395
2025-09-10 08:47:06,634 INFO  ExportHelperExtension.cs: 1402 - Fixing 473
2025-09-10 08:47:06,634 INFO  ExportHelperExtension.cs: 1402 - Fixing 444
2025-09-10 08:47:06,634 INFO  ExportHelperExtension.cs: 1402 - Fixing 438
2025-09-10 08:47:06,634 INFO  ExportHelperExtension.cs: 1402 - Fixing 428
2025-09-10 08:47:06,634 INFO  ExportHelperExtension.cs: 1402 - Fixing 432
2025-09-10 08:47:06,635 INFO  ExportHelperExtension.cs: 1402 - Fixing 424
2025-09-10 08:47:06,635 INFO  ExportHelperExtension.cs: 1402 - Fixing 373
2025-09-10 08:47:06,635 INFO  ExportHelperExtension.cs: 1402 - Fixing 350
2025-09-10 08:47:06,635 INFO  ExportHelperExtension.cs: 1402 - Fixing 260
2025-09-10 08:47:06,635 INFO  ExportHelperExtension.cs: 1402 - Fixing 229
2025-09-10 08:47:06,635 INFO  ExportHelperExtension.cs: 1402 - Fixing 195
2025-09-10 08:47:06,635 INFO  ExportHelperExtension.cs: 1402 - Fixing 165
2025-09-10 08:47:06,635 INFO  ExportHelperExtension.cs: 1402 - Fixing 132
2025-09-10 08:47:06,637 INFO  ExportHelperExtension.cs: 1402 - Fixing 94
2025-09-10 08:47:06,637 INFO  ExportHelperExtension.cs: 1402 - Fixing 42
2025-09-10 08:47:06,637 INFO  ExportHelperExtension.cs: 1402 - Fixing 41
2025-09-10 08:47:06,637 INFO  ExportHelperExtension.cs: 1402 - Fixing 30
2025-09-10 08:47:06,637 INFO  ExportHelperExtension.cs: 1402 - Fixing 18
2025-09-10 08:47:06,637 INFO  ExportHelperExtension.cs: 1402 - Fixing 29
2025-09-10 08:47:06,637 INFO  ExportHelperExtension.cs: 1402 - Fixing 197
2025-09-10 08:47:06,637 INFO  ExportHelperExtension.cs: 1402 - Fixing 17
2025-09-10 08:47:06,638 INFO  ExportHelperExtension.cs: 1409 - Component 17 is already fixed
2025-09-10 08:47:06,638 INFO  ExportHelperExtension.cs: 1402 - Fixing 95
2025-09-10 08:47:06,638 INFO  ExportHelperExtension.cs: 1402 - Fixing 1748
2025-09-10 08:47:06,638 INFO  ExportHelperExtension.cs: 1402 - Fixing 1731
2025-09-10 08:47:06,638 INFO  ExportHelperExtension.cs: 1402 - Fixing 1749
2025-09-10 08:47:06,638 INFO  ExportHelperExtension.cs: 1402 - Fixing 1715
2025-09-10 08:47:06,638 INFO  ExportHelperExtension.cs: 1402 - Fixing 1716
2025-09-10 08:47:06,638 INFO  ExportHelperExtension.cs: 1402 - Fixing 1700
2025-09-10 08:47:06,639 INFO  ExportHelperExtension.cs: 1402 - Fixing 1696
2025-09-10 08:47:06,639 INFO  ExportHelperExtension.cs: 1402 - Fixing 1647
2025-09-10 08:47:06,639 INFO  ExportHelperExtension.cs: 1402 - Fixing 1624
2025-09-10 08:47:06,639 INFO  ExportHelperExtension.cs: 1402 - Fixing 1623
2025-09-10 08:47:06,639 INFO  ExportHelperExtension.cs: 1402 - Fixing 1622
2025-09-10 08:47:06,639 INFO  ExportHelperExtension.cs: 1402 - Fixing 961
2025-09-10 08:47:06,639 INFO  ExportHelperExtension.cs: 1402 - Fixing 928
2025-09-10 08:47:06,639 INFO  ExportHelperExtension.cs: 1402 - Fixing 910
2025-09-10 08:47:06,640 INFO  ExportHelperExtension.cs: 1402 - Fixing 605
2025-09-10 08:47:06,640 INFO  ExportHelperExtension.cs: 1402 - Fixing 624
2025-09-10 08:47:06,640 INFO  ExportHelperExtension.cs: 1402 - Fixing 620
2025-09-10 08:47:06,640 INFO  ExportHelperExtension.cs: 1402 - Fixing 606
2025-09-10 08:47:06,640 INFO  ExportHelperExtension.cs: 1402 - Fixing 569
2025-09-10 08:47:06,640 INFO  ExportHelperExtension.cs: 1402 - Fixing 604
2025-09-10 08:47:06,640 INFO  ExportHelperExtension.cs: 1402 - Fixing 926
2025-09-10 08:47:06,640 INFO  ExportHelperExtension.cs: 1402 - Fixing 900
2025-09-10 08:47:06,641 INFO  ExportHelperExtension.cs: 1402 - Fixing 927
2025-09-10 08:47:06,641 INFO  ExportHelperExtension.cs: 1402 - Fixing 984
2025-09-10 08:47:06,641 INFO  ExportHelperExtension.cs: 1402 - Fixing 929
2025-09-10 08:47:06,641 INFO  ExportHelperExtension.cs: 1402 - Fixing 628
2025-09-10 08:47:06,641 INFO  ExportHelperExtension.cs: 1402 - Fixing 1621
2025-09-10 08:47:06,641 INFO  ExportHelperExtension.cs: 1402 - Fixing 1997
2025-09-10 08:47:06,641 INFO  ExportHelperExtension.cs: 1402 - Fixing 1949
2025-09-10 08:47:06,641 INFO  ExportHelperExtension.cs: 1402 - Fixing 1941
2025-09-10 08:47:06,642 INFO  ExportHelperExtension.cs: 1402 - Fixing 1884
2025-09-10 08:47:06,642 INFO  ExportHelperExtension.cs: 1402 - Fixing 2067
2025-09-10 08:47:06,642 INFO  ExportHelperExtension.cs: 1402 - Fixing 2013
2025-09-10 08:47:06,642 INFO  ExportHelperExtension.cs: 1402 - Fixing 1957
2025-09-10 08:47:06,642 INFO  ExportHelperExtension.cs: 1402 - Fixing 1948
2025-09-10 08:47:06,642 INFO  ExportHelperExtension.cs: 1402 - Fixing 1988
2025-09-10 08:47:06,642 INFO  ExportHelperExtension.cs: 1402 - Fixing 1956
2025-09-10 08:47:06,642 INFO  ExportHelperExtension.cs: 1402 - Fixing 2057
2025-09-10 08:47:06,643 INFO  ExportHelperExtension.cs: 1402 - Fixing 1989
2025-09-10 08:47:06,643 INFO  ExportHelperExtension.cs: 1402 - Fixing 20
2025-09-10 08:47:06,643 INFO  ExportHelperExtension.cs: 1402 - Fixing 18
2025-09-10 08:47:06,643 INFO  ExportHelperExtension.cs: 1402 - Fixing 19
2025-09-10 08:47:06,643 INFO  ExportHelperExtension.cs: 1402 - Fixing 20
2025-09-10 08:47:06,643 INFO  ExportHelperExtension.cs: 1402 - Fixing 19
2025-09-10 08:47:06,643 INFO  ExportHelperExtension.cs: 1402 - Fixing 17
2025-09-10 08:47:06,643 INFO  ExportHelperExtension.cs: 1402 - Fixing 20
2025-09-10 08:47:06,644 INFO  ExportHelperExtension.cs: 1402 - Fixing 18
2025-09-10 08:47:06,644 INFO  ExportHelperExtension.cs: 1402 - Fixing 19
2025-09-10 08:47:06,644 INFO  ExportHelperExtension.cs: 1402 - Fixing 17
2025-09-10 08:47:06,644 INFO  ExportHelperExtension.cs: 1402 - Fixing 19
2025-09-10 08:47:06,644 INFO  ExportHelperExtension.cs: 1402 - Fixing 20
2025-09-10 08:47:06,644 INFO  ExportHelperExtension.cs: 1402 - Fixing 22
2025-09-10 08:47:06,644 INFO  ExportHelperExtension.cs: 1402 - Fixing 22
2025-09-10 08:47:06,644 INFO  ExportHelperExtension.cs: 1402 - Fixing 2184
2025-09-10 08:47:09,684 INFO  ExportHelperExtension.cs: 832 - R1: 0, 0
2025-09-10 08:47:09,684 INFO  ExportHelperExtension.cs: 841 - R2: 0, 0
2025-09-10 08:47:09,685 INFO  ExportHelperExtension.cs: 849 - L1: 0
2025-09-10 08:47:09,685 INFO  ExportHelperExtension.cs: 857 - L2: 0
2025-09-10 08:47:09,685 INFO  ExportHelperExtension.cs: 1352 - Unfixing component 500
2025-09-10 08:47:09,685 INFO  ExportHelperExtension.cs: 1352 - Unfixing component 371
2025-09-10 08:47:09,685 INFO  ExportHelperExtension.cs: 1352 - Unfixing component 394
2025-09-10 08:47:09,685 INFO  ExportHelperExtension.cs: 1352 - Unfixing component 542
2025-09-10 08:47:09,685 INFO  ExportHelperExtension.cs: 1352 - Unfixing component 450
2025-09-10 08:47:09,686 INFO  ExportHelperExtension.cs: 1352 - Unfixing component 228
2025-09-10 08:47:09,686 INFO  ExportHelperExtension.cs: 1352 - Unfixing component 434
2025-09-10 08:47:09,686 INFO  ExportHelperExtension.cs: 1352 - Unfixing component 519
2025-09-10 08:47:09,686 INFO  ExportHelperExtension.cs: 1352 - Unfixing component 395
2025-09-10 08:47:09,686 INFO  ExportHelperExtension.cs: 1352 - Unfixing component 473
2025-09-10 08:47:09,686 INFO  ExportHelperExtension.cs: 1352 - Unfixing component 444
2025-09-10 08:47:09,686 INFO  ExportHelperExtension.cs: 1352 - Unfixing component 438
2025-09-10 08:47:09,687 INFO  ExportHelperExtension.cs: 1352 - Unfixing component 428
2025-09-10 08:47:09,687 INFO  ExportHelperExtension.cs: 1352 - Unfixing component 432
2025-09-10 08:47:09,687 INFO  ExportHelperExtension.cs: 1352 - Unfixing component 424
2025-09-10 08:47:09,687 INFO  ExportHelperExtension.cs: 1352 - Unfixing component 373
2025-09-10 08:47:09,687 INFO  ExportHelperExtension.cs: 1352 - Unfixing component 350
2025-09-10 08:47:09,687 INFO  ExportHelperExtension.cs: 1352 - Unfixing component 260
2025-09-10 08:47:09,687 INFO  ExportHelperExtension.cs: 1352 - Unfixing component 229
2025-09-10 08:47:09,688 INFO  ExportHelperExtension.cs: 1352 - Unfixing component 195
2025-09-10 08:47:09,688 INFO  ExportHelperExtension.cs: 1352 - Unfixing component 165
2025-09-10 08:47:09,688 INFO  ExportHelperExtension.cs: 1352 - Unfixing component 132
2025-09-10 08:47:09,688 INFO  ExportHelperExtension.cs: 1352 - Unfixing component 94
2025-09-10 08:47:09,688 INFO  ExportHelperExtension.cs: 1352 - Unfixing component 42
2025-09-10 08:47:09,688 INFO  ExportHelperExtension.cs: 1352 - Unfixing component 41
2025-09-10 08:47:09,688 INFO  ExportHelperExtension.cs: 1352 - Unfixing component 30
2025-09-10 08:47:09,689 INFO  ExportHelperExtension.cs: 1352 - Unfixing component 18
2025-09-10 08:47:09,689 INFO  ExportHelperExtension.cs: 1352 - Unfixing component 29
2025-09-10 08:47:09,689 INFO  ExportHelperExtension.cs: 1352 - Unfixing component 197
2025-09-10 08:47:09,689 INFO  ExportHelperExtension.cs: 1352 - Unfixing component 95
2025-09-10 08:47:09,689 INFO  ExportHelperExtension.cs: 1352 - Unfixing component 1748
2025-09-10 08:47:09,690 INFO  ExportHelperExtension.cs: 1352 - Unfixing component 1731
2025-09-10 08:47:09,690 INFO  ExportHelperExtension.cs: 1352 - Unfixing component 1749
2025-09-10 08:47:09,690 INFO  ExportHelperExtension.cs: 1352 - Unfixing component 1715
2025-09-10 08:47:09,690 INFO  ExportHelperExtension.cs: 1352 - Unfixing component 1716
2025-09-10 08:47:09,690 INFO  ExportHelperExtension.cs: 1352 - Unfixing component 1700
2025-09-10 08:47:09,691 INFO  ExportHelperExtension.cs: 1352 - Unfixing component 1696
2025-09-10 08:47:09,691 INFO  ExportHelperExtension.cs: 1352 - Unfixing component 1647
2025-09-10 08:47:09,691 INFO  ExportHelperExtension.cs: 1352 - Unfixing component 1624
2025-09-10 08:47:09,691 INFO  ExportHelperExtension.cs: 1352 - Unfixing component 1623
2025-09-10 08:47:09,691 INFO  ExportHelperExtension.cs: 1352 - Unfixing component 1622
2025-09-10 08:47:09,691 INFO  ExportHelperExtension.cs: 1352 - Unfixing component 961
2025-09-10 08:47:09,692 INFO  ExportHelperExtension.cs: 1352 - Unfixing component 928
2025-09-10 08:47:09,692 INFO  ExportHelperExtension.cs: 1352 - Unfixing component 910
2025-09-10 08:47:09,692 INFO  ExportHelperExtension.cs: 1352 - Unfixing component 605
2025-09-10 08:47:09,692 INFO  ExportHelperExtension.cs: 1352 - Unfixing component 624
2025-09-10 08:47:09,692 INFO  ExportHelperExtension.cs: 1352 - Unfixing component 620
2025-09-10 08:47:09,692 INFO  ExportHelperExtension.cs: 1352 - Unfixing component 606
2025-09-10 08:47:09,692 INFO  ExportHelperExtension.cs: 1352 - Unfixing component 569
2025-09-10 08:47:09,693 INFO  ExportHelperExtension.cs: 1352 - Unfixing component 604
2025-09-10 08:47:09,693 INFO  ExportHelperExtension.cs: 1352 - Unfixing component 926
2025-09-10 08:47:09,693 INFO  ExportHelperExtension.cs: 1352 - Unfixing component 900
2025-09-10 08:47:09,693 INFO  ExportHelperExtension.cs: 1352 - Unfixing component 927
2025-09-10 08:47:09,693 INFO  ExportHelperExtension.cs: 1352 - Unfixing component 984
2025-09-10 08:47:09,693 INFO  ExportHelperExtension.cs: 1352 - Unfixing component 929
2025-09-10 08:47:09,694 INFO  ExportHelperExtension.cs: 1352 - Unfixing component 628
2025-09-10 08:47:09,694 INFO  ExportHelperExtension.cs: 1352 - Unfixing component 1621
2025-09-10 08:47:09,694 INFO  ExportHelperExtension.cs: 1352 - Unfixing component 1997
2025-09-10 08:47:09,694 INFO  ExportHelperExtension.cs: 1352 - Unfixing component 1949
2025-09-10 08:47:09,694 INFO  ExportHelperExtension.cs: 1352 - Unfixing component 1941
2025-09-10 08:47:09,695 INFO  ExportHelperExtension.cs: 1352 - Unfixing component 1884
2025-09-10 08:47:09,695 INFO  ExportHelperExtension.cs: 1352 - Unfixing component 2067
2025-09-10 08:47:09,695 INFO  ExportHelperExtension.cs: 1352 - Unfixing component 2013
2025-09-10 08:47:09,697 INFO  ExportHelperExtension.cs: 1352 - Unfixing component 1957
2025-09-10 08:47:09,697 INFO  ExportHelperExtension.cs: 1352 - Unfixing component 1948
2025-09-10 08:47:09,697 INFO  ExportHelperExtension.cs: 1352 - Unfixing component 1988
2025-09-10 08:47:09,697 INFO  ExportHelperExtension.cs: 1352 - Unfixing component 1956
2025-09-10 08:47:09,697 INFO  ExportHelperExtension.cs: 1352 - Unfixing component 2057
2025-09-10 08:47:09,697 INFO  ExportHelperExtension.cs: 1352 - Unfixing component 1989
2025-09-10 08:47:09,698 INFO  ExportHelperExtension.cs: 1352 - Unfixing component 20
2025-09-10 08:47:09,698 INFO  ExportHelperExtension.cs: 1352 - Unfixing component 18
2025-09-10 08:47:09,698 INFO  ExportHelperExtension.cs: 1352 - Unfixing component 19
2025-09-10 08:47:09,698 INFO  ExportHelperExtension.cs: 1352 - Unfixing component 20
2025-09-10 08:47:09,698 INFO  ExportHelperExtension.cs: 1352 - Unfixing component 19
2025-09-10 08:47:09,698 INFO  ExportHelperExtension.cs: 1352 - Unfixing component 17
2025-09-10 08:47:09,698 INFO  ExportHelperExtension.cs: 1352 - Unfixing component 20
2025-09-10 08:47:09,699 INFO  ExportHelperExtension.cs: 1352 - Unfixing component 18
2025-09-10 08:47:09,699 INFO  ExportHelperExtension.cs: 1352 - Unfixing component 19
2025-09-10 08:47:09,699 INFO  ExportHelperExtension.cs: 1352 - Unfixing component 17
2025-09-10 08:47:09,699 INFO  ExportHelperExtension.cs: 1352 - Unfixing component 19
2025-09-10 08:47:09,699 INFO  ExportHelperExtension.cs: 1352 - Unfixing component 20
2025-09-10 08:47:09,701 INFO  ExportHelperExtension.cs: 1352 - Unfixing component 22
2025-09-10 08:47:09,701 INFO  ExportHelperExtension.cs: 1352 - Unfixing component 22
2025-09-10 08:47:09,701 INFO  ExportHelperExtension.cs: 1352 - Unfixing component 2184
2025-09-10 08:47:12,712 WARN  ExportHelperExtension.cs: 351 - Creating joint from parent base_link to child ultrasound_link2 failed
2025-09-10 08:47:12,738 INFO  ExportHelperExtension.cs: 347 - Creating joint ultrasound_link3
2025-09-10 08:47:12,739 INFO  ExportHelperExtension.cs: 1397 - Fixing components for base_link
2025-09-10 08:47:12,739 INFO  ExportHelperExtension.cs: 1402 - Fixing 500
2025-09-10 08:47:12,739 INFO  ExportHelperExtension.cs: 1402 - Fixing 371
2025-09-10 08:47:12,739 INFO  ExportHelperExtension.cs: 1402 - Fixing 394
2025-09-10 08:47:12,739 INFO  ExportHelperExtension.cs: 1402 - Fixing 542
2025-09-10 08:47:12,740 INFO  ExportHelperExtension.cs: 1402 - Fixing 450
2025-09-10 08:47:12,740 INFO  ExportHelperExtension.cs: 1402 - Fixing 228
2025-09-10 08:47:12,740 INFO  ExportHelperExtension.cs: 1402 - Fixing 434
2025-09-10 08:47:12,740 INFO  ExportHelperExtension.cs: 1402 - Fixing 519
2025-09-10 08:47:12,740 INFO  ExportHelperExtension.cs: 1402 - Fixing 395
2025-09-10 08:47:12,740 INFO  ExportHelperExtension.cs: 1402 - Fixing 473
2025-09-10 08:47:12,740 INFO  ExportHelperExtension.cs: 1402 - Fixing 444
2025-09-10 08:47:12,741 INFO  ExportHelperExtension.cs: 1402 - Fixing 438
2025-09-10 08:47:12,741 INFO  ExportHelperExtension.cs: 1402 - Fixing 428
2025-09-10 08:47:12,741 INFO  ExportHelperExtension.cs: 1402 - Fixing 432
2025-09-10 08:47:12,741 INFO  ExportHelperExtension.cs: 1402 - Fixing 424
2025-09-10 08:47:12,741 INFO  ExportHelperExtension.cs: 1402 - Fixing 373
2025-09-10 08:47:12,742 INFO  ExportHelperExtension.cs: 1402 - Fixing 350
2025-09-10 08:47:12,742 INFO  ExportHelperExtension.cs: 1402 - Fixing 260
2025-09-10 08:47:12,742 INFO  ExportHelperExtension.cs: 1402 - Fixing 229
2025-09-10 08:47:12,742 INFO  ExportHelperExtension.cs: 1402 - Fixing 195
2025-09-10 08:47:12,742 INFO  ExportHelperExtension.cs: 1402 - Fixing 165
2025-09-10 08:47:12,742 INFO  ExportHelperExtension.cs: 1402 - Fixing 132
2025-09-10 08:47:12,743 INFO  ExportHelperExtension.cs: 1402 - Fixing 94
2025-09-10 08:47:12,743 INFO  ExportHelperExtension.cs: 1402 - Fixing 42
2025-09-10 08:47:12,743 INFO  ExportHelperExtension.cs: 1402 - Fixing 41
2025-09-10 08:47:12,743 INFO  ExportHelperExtension.cs: 1402 - Fixing 30
2025-09-10 08:47:12,743 INFO  ExportHelperExtension.cs: 1402 - Fixing 18
2025-09-10 08:47:12,743 INFO  ExportHelperExtension.cs: 1402 - Fixing 29
2025-09-10 08:47:12,743 INFO  ExportHelperExtension.cs: 1402 - Fixing 197
2025-09-10 08:47:12,744 INFO  ExportHelperExtension.cs: 1402 - Fixing 17
2025-09-10 08:47:12,744 INFO  ExportHelperExtension.cs: 1409 - Component 17 is already fixed
2025-09-10 08:47:12,744 INFO  ExportHelperExtension.cs: 1402 - Fixing 95
2025-09-10 08:47:12,744 INFO  ExportHelperExtension.cs: 1402 - Fixing 1748
2025-09-10 08:47:12,744 INFO  ExportHelperExtension.cs: 1402 - Fixing 1731
2025-09-10 08:47:12,744 INFO  ExportHelperExtension.cs: 1402 - Fixing 1749
2025-09-10 08:47:12,744 INFO  ExportHelperExtension.cs: 1402 - Fixing 1715
2025-09-10 08:47:12,745 INFO  ExportHelperExtension.cs: 1402 - Fixing 1716
2025-09-10 08:47:12,745 INFO  ExportHelperExtension.cs: 1402 - Fixing 1700
2025-09-10 08:47:12,745 INFO  ExportHelperExtension.cs: 1402 - Fixing 1696
2025-09-10 08:47:12,745 INFO  ExportHelperExtension.cs: 1402 - Fixing 1647
2025-09-10 08:47:12,745 INFO  ExportHelperExtension.cs: 1402 - Fixing 1624
2025-09-10 08:47:12,745 INFO  ExportHelperExtension.cs: 1402 - Fixing 1623
2025-09-10 08:47:12,745 INFO  ExportHelperExtension.cs: 1402 - Fixing 1622
2025-09-10 08:47:12,746 INFO  ExportHelperExtension.cs: 1402 - Fixing 961
2025-09-10 08:47:12,746 INFO  ExportHelperExtension.cs: 1402 - Fixing 928
2025-09-10 08:47:12,746 INFO  ExportHelperExtension.cs: 1402 - Fixing 910
2025-09-10 08:47:12,746 INFO  ExportHelperExtension.cs: 1402 - Fixing 605
2025-09-10 08:47:12,746 INFO  ExportHelperExtension.cs: 1402 - Fixing 624
2025-09-10 08:47:12,746 INFO  ExportHelperExtension.cs: 1402 - Fixing 620
2025-09-10 08:47:12,746 INFO  ExportHelperExtension.cs: 1402 - Fixing 606
2025-09-10 08:47:12,747 INFO  ExportHelperExtension.cs: 1402 - Fixing 569
2025-09-10 08:47:12,747 INFO  ExportHelperExtension.cs: 1402 - Fixing 604
2025-09-10 08:47:12,747 INFO  ExportHelperExtension.cs: 1402 - Fixing 926
2025-09-10 08:47:12,747 INFO  ExportHelperExtension.cs: 1402 - Fixing 900
2025-09-10 08:47:12,747 INFO  ExportHelperExtension.cs: 1402 - Fixing 927
2025-09-10 08:47:12,747 INFO  ExportHelperExtension.cs: 1402 - Fixing 984
2025-09-10 08:47:12,747 INFO  ExportHelperExtension.cs: 1402 - Fixing 929
2025-09-10 08:47:12,748 INFO  ExportHelperExtension.cs: 1402 - Fixing 628
2025-09-10 08:47:12,748 INFO  ExportHelperExtension.cs: 1402 - Fixing 1621
2025-09-10 08:47:12,748 INFO  ExportHelperExtension.cs: 1402 - Fixing 1997
2025-09-10 08:47:12,748 INFO  ExportHelperExtension.cs: 1402 - Fixing 1949
2025-09-10 08:47:12,748 INFO  ExportHelperExtension.cs: 1402 - Fixing 1941
2025-09-10 08:47:12,748 INFO  ExportHelperExtension.cs: 1402 - Fixing 1884
2025-09-10 08:47:12,748 INFO  ExportHelperExtension.cs: 1402 - Fixing 2067
2025-09-10 08:47:12,749 INFO  ExportHelperExtension.cs: 1402 - Fixing 2013
2025-09-10 08:47:12,749 INFO  ExportHelperExtension.cs: 1402 - Fixing 1957
2025-09-10 08:47:12,749 INFO  ExportHelperExtension.cs: 1402 - Fixing 1948
2025-09-10 08:47:12,749 INFO  ExportHelperExtension.cs: 1402 - Fixing 1988
2025-09-10 08:47:12,749 INFO  ExportHelperExtension.cs: 1402 - Fixing 1956
2025-09-10 08:47:12,749 INFO  ExportHelperExtension.cs: 1402 - Fixing 2057
2025-09-10 08:47:12,749 INFO  ExportHelperExtension.cs: 1402 - Fixing 1989
2025-09-10 08:47:12,750 INFO  ExportHelperExtension.cs: 1402 - Fixing 20
2025-09-10 08:47:12,750 INFO  ExportHelperExtension.cs: 1402 - Fixing 18
2025-09-10 08:47:12,750 INFO  ExportHelperExtension.cs: 1402 - Fixing 19
2025-09-10 08:47:12,750 INFO  ExportHelperExtension.cs: 1402 - Fixing 20
2025-09-10 08:47:12,750 INFO  ExportHelperExtension.cs: 1402 - Fixing 19
2025-09-10 08:47:12,750 INFO  ExportHelperExtension.cs: 1402 - Fixing 17
2025-09-10 08:47:12,750 INFO  ExportHelperExtension.cs: 1402 - Fixing 20
2025-09-10 08:47:12,750 INFO  ExportHelperExtension.cs: 1402 - Fixing 18
2025-09-10 08:47:12,751 INFO  ExportHelperExtension.cs: 1402 - Fixing 19
2025-09-10 08:47:12,751 INFO  ExportHelperExtension.cs: 1402 - Fixing 17
2025-09-10 08:47:12,751 INFO  ExportHelperExtension.cs: 1402 - Fixing 19
2025-09-10 08:47:12,751 INFO  ExportHelperExtension.cs: 1402 - Fixing 20
2025-09-10 08:47:12,751 INFO  ExportHelperExtension.cs: 1402 - Fixing 22
2025-09-10 08:47:12,751 INFO  ExportHelperExtension.cs: 1402 - Fixing 22
2025-09-10 08:47:12,751 INFO  ExportHelperExtension.cs: 1402 - Fixing 2184
2025-09-10 08:47:15,762 INFO  ExportHelperExtension.cs: 832 - R1: 0, 0
2025-09-10 08:47:15,762 INFO  ExportHelperExtension.cs: 841 - R2: 0, 0
2025-09-10 08:47:15,763 INFO  ExportHelperExtension.cs: 849 - L1: 0
2025-09-10 08:47:15,763 INFO  ExportHelperExtension.cs: 857 - L2: 0
2025-09-10 08:47:15,763 INFO  ExportHelperExtension.cs: 1352 - Unfixing component 500
2025-09-10 08:47:15,763 INFO  ExportHelperExtension.cs: 1352 - Unfixing component 371
2025-09-10 08:47:15,763 INFO  ExportHelperExtension.cs: 1352 - Unfixing component 394
2025-09-10 08:47:15,764 INFO  ExportHelperExtension.cs: 1352 - Unfixing component 542
2025-09-10 08:47:15,764 INFO  ExportHelperExtension.cs: 1352 - Unfixing component 450
2025-09-10 08:47:15,764 INFO  ExportHelperExtension.cs: 1352 - Unfixing component 228
2025-09-10 08:47:15,764 INFO  ExportHelperExtension.cs: 1352 - Unfixing component 434
2025-09-10 08:47:15,764 INFO  ExportHelperExtension.cs: 1352 - Unfixing component 519
2025-09-10 08:47:15,764 INFO  ExportHelperExtension.cs: 1352 - Unfixing component 395
2025-09-10 08:47:15,764 INFO  ExportHelperExtension.cs: 1352 - Unfixing component 473
2025-09-10 08:47:15,765 INFO  ExportHelperExtension.cs: 1352 - Unfixing component 444
2025-09-10 08:47:15,765 INFO  ExportHelperExtension.cs: 1352 - Unfixing component 438
2025-09-10 08:47:15,765 INFO  ExportHelperExtension.cs: 1352 - Unfixing component 428
2025-09-10 08:47:15,765 INFO  ExportHelperExtension.cs: 1352 - Unfixing component 432
2025-09-10 08:47:15,765 INFO  ExportHelperExtension.cs: 1352 - Unfixing component 424
2025-09-10 08:47:15,765 INFO  ExportHelperExtension.cs: 1352 - Unfixing component 373
2025-09-10 08:47:15,765 INFO  ExportHelperExtension.cs: 1352 - Unfixing component 350
2025-09-10 08:47:15,766 INFO  ExportHelperExtension.cs: 1352 - Unfixing component 260
2025-09-10 08:47:15,766 INFO  ExportHelperExtension.cs: 1352 - Unfixing component 229
2025-09-10 08:47:15,766 INFO  ExportHelperExtension.cs: 1352 - Unfixing component 195
2025-09-10 08:47:15,766 INFO  ExportHelperExtension.cs: 1352 - Unfixing component 165
2025-09-10 08:47:15,766 INFO  ExportHelperExtension.cs: 1352 - Unfixing component 132
2025-09-10 08:47:15,766 INFO  ExportHelperExtension.cs: 1352 - Unfixing component 94
2025-09-10 08:47:15,766 INFO  ExportHelperExtension.cs: 1352 - Unfixing component 42
2025-09-10 08:47:15,767 INFO  ExportHelperExtension.cs: 1352 - Unfixing component 41
2025-09-10 08:47:15,767 INFO  ExportHelperExtension.cs: 1352 - Unfixing component 30
2025-09-10 08:47:15,767 INFO  ExportHelperExtension.cs: 1352 - Unfixing component 18
2025-09-10 08:47:15,767 INFO  ExportHelperExtension.cs: 1352 - Unfixing component 29
2025-09-10 08:47:15,767 INFO  ExportHelperExtension.cs: 1352 - Unfixing component 197
2025-09-10 08:47:15,767 INFO  ExportHelperExtension.cs: 1352 - Unfixing component 95
2025-09-10 08:47:15,767 INFO  ExportHelperExtension.cs: 1352 - Unfixing component 1748
2025-09-10 08:47:15,767 INFO  ExportHelperExtension.cs: 1352 - Unfixing component 1731
2025-09-10 08:47:15,768 INFO  ExportHelperExtension.cs: 1352 - Unfixing component 1749
2025-09-10 08:47:15,768 INFO  ExportHelperExtension.cs: 1352 - Unfixing component 1715
2025-09-10 08:47:15,768 INFO  ExportHelperExtension.cs: 1352 - Unfixing component 1716
2025-09-10 08:47:15,768 INFO  ExportHelperExtension.cs: 1352 - Unfixing component 1700
2025-09-10 08:47:15,768 INFO  ExportHelperExtension.cs: 1352 - Unfixing component 1696
2025-09-10 08:47:15,768 INFO  ExportHelperExtension.cs: 1352 - Unfixing component 1647
2025-09-10 08:47:15,768 INFO  ExportHelperExtension.cs: 1352 - Unfixing component 1624
2025-09-10 08:47:15,769 INFO  ExportHelperExtension.cs: 1352 - Unfixing component 1623
2025-09-10 08:47:15,769 INFO  ExportHelperExtension.cs: 1352 - Unfixing component 1622
2025-09-10 08:47:15,769 INFO  ExportHelperExtension.cs: 1352 - Unfixing component 961
2025-09-10 08:47:15,769 INFO  ExportHelperExtension.cs: 1352 - Unfixing component 928
2025-09-10 08:47:15,769 INFO  ExportHelperExtension.cs: 1352 - Unfixing component 910
2025-09-10 08:47:15,769 INFO  ExportHelperExtension.cs: 1352 - Unfixing component 605
2025-09-10 08:47:15,769 INFO  ExportHelperExtension.cs: 1352 - Unfixing component 624
2025-09-10 08:47:15,770 INFO  ExportHelperExtension.cs: 1352 - Unfixing component 620
2025-09-10 08:47:15,770 INFO  ExportHelperExtension.cs: 1352 - Unfixing component 606
2025-09-10 08:47:15,770 INFO  ExportHelperExtension.cs: 1352 - Unfixing component 569
2025-09-10 08:47:15,770 INFO  ExportHelperExtension.cs: 1352 - Unfixing component 604
2025-09-10 08:47:15,770 INFO  ExportHelperExtension.cs: 1352 - Unfixing component 926
2025-09-10 08:47:15,770 INFO  ExportHelperExtension.cs: 1352 - Unfixing component 900
2025-09-10 08:47:15,770 INFO  ExportHelperExtension.cs: 1352 - Unfixing component 927
2025-09-10 08:47:15,771 INFO  ExportHelperExtension.cs: 1352 - Unfixing component 984
2025-09-10 08:47:15,771 INFO  ExportHelperExtension.cs: 1352 - Unfixing component 929
2025-09-10 08:47:15,771 INFO  ExportHelperExtension.cs: 1352 - Unfixing component 628
2025-09-10 08:47:15,771 INFO  ExportHelperExtension.cs: 1352 - Unfixing component 1621
2025-09-10 08:47:15,771 INFO  ExportHelperExtension.cs: 1352 - Unfixing component 1997
2025-09-10 08:47:15,771 INFO  ExportHelperExtension.cs: 1352 - Unfixing component 1949
2025-09-10 08:47:15,771 INFO  ExportHelperExtension.cs: 1352 - Unfixing component 1941
2025-09-10 08:47:15,772 INFO  ExportHelperExtension.cs: 1352 - Unfixing component 1884
2025-09-10 08:47:15,772 INFO  ExportHelperExtension.cs: 1352 - Unfixing component 2067
2025-09-10 08:47:15,772 INFO  ExportHelperExtension.cs: 1352 - Unfixing component 2013
2025-09-10 08:47:15,772 INFO  ExportHelperExtension.cs: 1352 - Unfixing component 1957
2025-09-10 08:47:15,772 INFO  ExportHelperExtension.cs: 1352 - Unfixing component 1948
2025-09-10 08:47:15,772 INFO  ExportHelperExtension.cs: 1352 - Unfixing component 1988
2025-09-10 08:47:15,774 INFO  ExportHelperExtension.cs: 1352 - Unfixing component 1956
2025-09-10 08:47:15,774 INFO  ExportHelperExtension.cs: 1352 - Unfixing component 2057
2025-09-10 08:47:15,774 INFO  ExportHelperExtension.cs: 1352 - Unfixing component 1989
2025-09-10 08:47:15,774 INFO  ExportHelperExtension.cs: 1352 - Unfixing component 20
2025-09-10 08:47:15,775 INFO  ExportHelperExtension.cs: 1352 - Unfixing component 18
2025-09-10 08:47:15,775 INFO  ExportHelperExtension.cs: 1352 - Unfixing component 19
2025-09-10 08:47:15,775 INFO  ExportHelperExtension.cs: 1352 - Unfixing component 20
2025-09-10 08:47:15,775 INFO  ExportHelperExtension.cs: 1352 - Unfixing component 19
2025-09-10 08:47:15,775 INFO  ExportHelperExtension.cs: 1352 - Unfixing component 17
2025-09-10 08:47:15,775 INFO  ExportHelperExtension.cs: 1352 - Unfixing component 20
2025-09-10 08:47:15,775 INFO  ExportHelperExtension.cs: 1352 - Unfixing component 18
2025-09-10 08:47:15,776 INFO  ExportHelperExtension.cs: 1352 - Unfixing component 19
2025-09-10 08:47:15,776 INFO  ExportHelperExtension.cs: 1352 - Unfixing component 17
2025-09-10 08:47:15,776 INFO  ExportHelperExtension.cs: 1352 - Unfixing component 19
2025-09-10 08:47:15,776 INFO  ExportHelperExtension.cs: 1352 - Unfixing component 20
2025-09-10 08:47:15,776 INFO  ExportHelperExtension.cs: 1352 - Unfixing component 22
2025-09-10 08:47:15,776 INFO  ExportHelperExtension.cs: 1352 - Unfixing component 22
2025-09-10 08:47:15,776 INFO  ExportHelperExtension.cs: 1352 - Unfixing component 2184
2025-09-10 08:47:18,802 WARN  ExportHelperExtension.cs: 351 - Creating joint from parent base_link to child ultrasound_link3 failed
2025-09-10 08:47:18,831 INFO  ExportHelperExtension.cs: 347 - Creating joint ultrasound_link4
2025-09-10 08:47:18,831 INFO  ExportHelperExtension.cs: 1397 - Fixing components for base_link
2025-09-10 08:47:18,831 INFO  ExportHelperExtension.cs: 1402 - Fixing 500
2025-09-10 08:47:18,831 INFO  ExportHelperExtension.cs: 1402 - Fixing 371
2025-09-10 08:47:18,832 INFO  ExportHelperExtension.cs: 1402 - Fixing 394
2025-09-10 08:47:18,832 INFO  ExportHelperExtension.cs: 1402 - Fixing 542
2025-09-10 08:47:18,832 INFO  ExportHelperExtension.cs: 1402 - Fixing 450
2025-09-10 08:47:18,832 INFO  ExportHelperExtension.cs: 1402 - Fixing 228
2025-09-10 08:47:18,832 INFO  ExportHelperExtension.cs: 1402 - Fixing 434
2025-09-10 08:47:18,832 INFO  ExportHelperExtension.cs: 1402 - Fixing 519
2025-09-10 08:47:18,833 INFO  ExportHelperExtension.cs: 1402 - Fixing 395
2025-09-10 08:47:18,833 INFO  ExportHelperExtension.cs: 1402 - Fixing 473
2025-09-10 08:47:18,833 INFO  ExportHelperExtension.cs: 1402 - Fixing 444
2025-09-10 08:47:18,833 INFO  ExportHelperExtension.cs: 1402 - Fixing 438
2025-09-10 08:47:18,833 INFO  ExportHelperExtension.cs: 1402 - Fixing 428
2025-09-10 08:47:18,833 INFO  ExportHelperExtension.cs: 1402 - Fixing 432
2025-09-10 08:47:18,833 INFO  ExportHelperExtension.cs: 1402 - Fixing 424
2025-09-10 08:47:18,834 INFO  ExportHelperExtension.cs: 1402 - Fixing 373
2025-09-10 08:47:18,834 INFO  ExportHelperExtension.cs: 1402 - Fixing 350
2025-09-10 08:47:18,834 INFO  ExportHelperExtension.cs: 1402 - Fixing 260
2025-09-10 08:47:18,834 INFO  ExportHelperExtension.cs: 1402 - Fixing 229
2025-09-10 08:47:18,834 INFO  ExportHelperExtension.cs: 1402 - Fixing 195
2025-09-10 08:47:18,834 INFO  ExportHelperExtension.cs: 1402 - Fixing 165
2025-09-10 08:47:18,834 INFO  ExportHelperExtension.cs: 1402 - Fixing 132
2025-09-10 08:47:18,835 INFO  ExportHelperExtension.cs: 1402 - Fixing 94
2025-09-10 08:47:18,835 INFO  ExportHelperExtension.cs: 1402 - Fixing 42
2025-09-10 08:47:18,835 INFO  ExportHelperExtension.cs: 1402 - Fixing 41
2025-09-10 08:47:18,835 INFO  ExportHelperExtension.cs: 1402 - Fixing 30
2025-09-10 08:47:18,835 INFO  ExportHelperExtension.cs: 1402 - Fixing 18
2025-09-10 08:47:18,835 INFO  ExportHelperExtension.cs: 1402 - Fixing 29
2025-09-10 08:47:18,835 INFO  ExportHelperExtension.cs: 1402 - Fixing 197
2025-09-10 08:47:18,836 INFO  ExportHelperExtension.cs: 1402 - Fixing 17
2025-09-10 08:47:18,836 INFO  ExportHelperExtension.cs: 1409 - Component 17 is already fixed
2025-09-10 08:47:18,836 INFO  ExportHelperExtension.cs: 1402 - Fixing 95
2025-09-10 08:47:18,836 INFO  ExportHelperExtension.cs: 1402 - Fixing 1748
2025-09-10 08:47:18,836 INFO  ExportHelperExtension.cs: 1402 - Fixing 1731
2025-09-10 08:47:18,836 INFO  ExportHelperExtension.cs: 1402 - Fixing 1749
2025-09-10 08:47:18,836 INFO  ExportHelperExtension.cs: 1402 - Fixing 1715
2025-09-10 08:47:18,837 INFO  ExportHelperExtension.cs: 1402 - Fixing 1716
2025-09-10 08:47:18,837 INFO  ExportHelperExtension.cs: 1402 - Fixing 1700
2025-09-10 08:47:18,837 INFO  ExportHelperExtension.cs: 1402 - Fixing 1696
2025-09-10 08:47:18,837 INFO  ExportHelperExtension.cs: 1402 - Fixing 1647
2025-09-10 08:47:18,837 INFO  ExportHelperExtension.cs: 1402 - Fixing 1624
2025-09-10 08:47:18,837 INFO  ExportHelperExtension.cs: 1402 - Fixing 1623
2025-09-10 08:47:18,837 INFO  ExportHelperExtension.cs: 1402 - Fixing 1622
2025-09-10 08:47:18,837 INFO  ExportHelperExtension.cs: 1402 - Fixing 961
2025-09-10 08:47:18,838 INFO  ExportHelperExtension.cs: 1402 - Fixing 928
2025-09-10 08:47:18,838 INFO  ExportHelperExtension.cs: 1402 - Fixing 910
2025-09-10 08:47:18,838 INFO  ExportHelperExtension.cs: 1402 - Fixing 605
2025-09-10 08:47:18,838 INFO  ExportHelperExtension.cs: 1402 - Fixing 624
2025-09-10 08:47:18,838 INFO  ExportHelperExtension.cs: 1402 - Fixing 620
2025-09-10 08:47:18,838 INFO  ExportHelperExtension.cs: 1402 - Fixing 606
2025-09-10 08:47:18,838 INFO  ExportHelperExtension.cs: 1402 - Fixing 569
2025-09-10 08:47:18,839 INFO  ExportHelperExtension.cs: 1402 - Fixing 604
2025-09-10 08:47:18,839 INFO  ExportHelperExtension.cs: 1402 - Fixing 926
2025-09-10 08:47:18,839 INFO  ExportHelperExtension.cs: 1402 - Fixing 900
2025-09-10 08:47:18,839 INFO  ExportHelperExtension.cs: 1402 - Fixing 927
2025-09-10 08:47:18,839 INFO  ExportHelperExtension.cs: 1402 - Fixing 984
2025-09-10 08:47:18,839 INFO  ExportHelperExtension.cs: 1402 - Fixing 929
2025-09-10 08:47:18,839 INFO  ExportHelperExtension.cs: 1402 - Fixing 628
2025-09-10 08:47:18,840 INFO  ExportHelperExtension.cs: 1402 - Fixing 1621
2025-09-10 08:47:18,840 INFO  ExportHelperExtension.cs: 1402 - Fixing 1997
2025-09-10 08:47:18,840 INFO  ExportHelperExtension.cs: 1402 - Fixing 1949
2025-09-10 08:47:18,840 INFO  ExportHelperExtension.cs: 1402 - Fixing 1941
2025-09-10 08:47:18,840 INFO  ExportHelperExtension.cs: 1402 - Fixing 1884
2025-09-10 08:47:18,840 INFO  ExportHelperExtension.cs: 1402 - Fixing 2067
2025-09-10 08:47:18,840 INFO  ExportHelperExtension.cs: 1402 - Fixing 2013
2025-09-10 08:47:18,840 INFO  ExportHelperExtension.cs: 1402 - Fixing 1957
2025-09-10 08:47:18,841 INFO  ExportHelperExtension.cs: 1402 - Fixing 1948
2025-09-10 08:47:18,841 INFO  ExportHelperExtension.cs: 1402 - Fixing 1988
2025-09-10 08:47:18,841 INFO  ExportHelperExtension.cs: 1402 - Fixing 1956
2025-09-10 08:47:18,841 INFO  ExportHelperExtension.cs: 1402 - Fixing 2057
2025-09-10 08:47:18,841 INFO  ExportHelperExtension.cs: 1402 - Fixing 1989
2025-09-10 08:47:18,841 INFO  ExportHelperExtension.cs: 1402 - Fixing 20
2025-09-10 08:47:18,841 INFO  ExportHelperExtension.cs: 1402 - Fixing 18
2025-09-10 08:47:18,842 INFO  ExportHelperExtension.cs: 1402 - Fixing 19
2025-09-10 08:47:18,842 INFO  ExportHelperExtension.cs: 1402 - Fixing 20
2025-09-10 08:47:18,842 INFO  ExportHelperExtension.cs: 1402 - Fixing 19
2025-09-10 08:47:18,842 INFO  ExportHelperExtension.cs: 1402 - Fixing 17
2025-09-10 08:47:18,842 INFO  ExportHelperExtension.cs: 1402 - Fixing 20
2025-09-10 08:47:18,842 INFO  ExportHelperExtension.cs: 1402 - Fixing 18
2025-09-10 08:47:18,842 INFO  ExportHelperExtension.cs: 1402 - Fixing 19
2025-09-10 08:47:18,843 INFO  ExportHelperExtension.cs: 1402 - Fixing 17
2025-09-10 08:47:18,843 INFO  ExportHelperExtension.cs: 1402 - Fixing 19
2025-09-10 08:47:18,843 INFO  ExportHelperExtension.cs: 1402 - Fixing 20
2025-09-10 08:47:18,843 INFO  ExportHelperExtension.cs: 1402 - Fixing 22
2025-09-10 08:47:18,843 INFO  ExportHelperExtension.cs: 1402 - Fixing 22
2025-09-10 08:47:18,844 INFO  ExportHelperExtension.cs: 1402 - Fixing 2184
2025-09-10 08:47:21,883 INFO  ExportHelperExtension.cs: 832 - R1: 0, 0
2025-09-10 08:47:21,883 INFO  ExportHelperExtension.cs: 841 - R2: 0, 0
2025-09-10 08:47:21,883 INFO  ExportHelperExtension.cs: 849 - L1: 0
2025-09-10 08:47:21,883 INFO  ExportHelperExtension.cs: 857 - L2: 0
2025-09-10 08:47:21,884 INFO  ExportHelperExtension.cs: 1352 - Unfixing component 500
2025-09-10 08:47:21,884 INFO  ExportHelperExtension.cs: 1352 - Unfixing component 371
2025-09-10 08:47:21,884 INFO  ExportHelperExtension.cs: 1352 - Unfixing component 394
2025-09-10 08:47:21,884 INFO  ExportHelperExtension.cs: 1352 - Unfixing component 542
2025-09-10 08:47:21,884 INFO  ExportHelperExtension.cs: 1352 - Unfixing component 450
2025-09-10 08:47:21,884 INFO  ExportHelperExtension.cs: 1352 - Unfixing component 228
2025-09-10 08:47:21,884 INFO  ExportHelperExtension.cs: 1352 - Unfixing component 434
2025-09-10 08:47:21,885 INFO  ExportHelperExtension.cs: 1352 - Unfixing component 519
2025-09-10 08:47:21,885 INFO  ExportHelperExtension.cs: 1352 - Unfixing component 395
2025-09-10 08:47:21,885 INFO  ExportHelperExtension.cs: 1352 - Unfixing component 473
2025-09-10 08:47:21,885 INFO  ExportHelperExtension.cs: 1352 - Unfixing component 444
2025-09-10 08:47:21,885 INFO  ExportHelperExtension.cs: 1352 - Unfixing component 438
2025-09-10 08:47:21,885 INFO  ExportHelperExtension.cs: 1352 - Unfixing component 428
2025-09-10 08:47:21,885 INFO  ExportHelperExtension.cs: 1352 - Unfixing component 432
2025-09-10 08:47:21,886 INFO  ExportHelperExtension.cs: 1352 - Unfixing component 424
2025-09-10 08:47:21,886 INFO  ExportHelperExtension.cs: 1352 - Unfixing component 373
2025-09-10 08:47:21,886 INFO  ExportHelperExtension.cs: 1352 - Unfixing component 350
2025-09-10 08:47:21,886 INFO  ExportHelperExtension.cs: 1352 - Unfixing component 260
2025-09-10 08:47:21,886 INFO  ExportHelperExtension.cs: 1352 - Unfixing component 229
2025-09-10 08:47:21,886 INFO  ExportHelperExtension.cs: 1352 - Unfixing component 195
2025-09-10 08:47:21,886 INFO  ExportHelperExtension.cs: 1352 - Unfixing component 165
2025-09-10 08:47:21,887 INFO  ExportHelperExtension.cs: 1352 - Unfixing component 132
2025-09-10 08:47:21,887 INFO  ExportHelperExtension.cs: 1352 - Unfixing component 94
2025-09-10 08:47:21,887 INFO  ExportHelperExtension.cs: 1352 - Unfixing component 42
2025-09-10 08:47:21,887 INFO  ExportHelperExtension.cs: 1352 - Unfixing component 41
2025-09-10 08:47:21,887 INFO  ExportHelperExtension.cs: 1352 - Unfixing component 30
2025-09-10 08:47:21,887 INFO  ExportHelperExtension.cs: 1352 - Unfixing component 18
2025-09-10 08:47:21,887 INFO  ExportHelperExtension.cs: 1352 - Unfixing component 29
2025-09-10 08:47:21,888 INFO  ExportHelperExtension.cs: 1352 - Unfixing component 197
2025-09-10 08:47:21,888 INFO  ExportHelperExtension.cs: 1352 - Unfixing component 95
2025-09-10 08:47:21,888 INFO  ExportHelperExtension.cs: 1352 - Unfixing component 1748
2025-09-10 08:47:21,888 INFO  ExportHelperExtension.cs: 1352 - Unfixing component 1731
2025-09-10 08:47:21,888 INFO  ExportHelperExtension.cs: 1352 - Unfixing component 1749
2025-09-10 08:47:21,888 INFO  ExportHelperExtension.cs: 1352 - Unfixing component 1715
2025-09-10 08:47:21,888 INFO  ExportHelperExtension.cs: 1352 - Unfixing component 1716
2025-09-10 08:47:21,889 INFO  ExportHelperExtension.cs: 1352 - Unfixing component 1700
2025-09-10 08:47:21,889 INFO  ExportHelperExtension.cs: 1352 - Unfixing component 1696
2025-09-10 08:47:21,889 INFO  ExportHelperExtension.cs: 1352 - Unfixing component 1647
2025-09-10 08:47:21,889 INFO  ExportHelperExtension.cs: 1352 - Unfixing component 1624
2025-09-10 08:47:21,889 INFO  ExportHelperExtension.cs: 1352 - Unfixing component 1623
2025-09-10 08:47:21,889 INFO  ExportHelperExtension.cs: 1352 - Unfixing component 1622
2025-09-10 08:47:21,889 INFO  ExportHelperExtension.cs: 1352 - Unfixing component 961
2025-09-10 08:47:21,890 INFO  ExportHelperExtension.cs: 1352 - Unfixing component 928
2025-09-10 08:47:21,890 INFO  ExportHelperExtension.cs: 1352 - Unfixing component 910
2025-09-10 08:47:21,890 INFO  ExportHelperExtension.cs: 1352 - Unfixing component 605
2025-09-10 08:47:21,890 INFO  ExportHelperExtension.cs: 1352 - Unfixing component 624
2025-09-10 08:47:21,890 INFO  ExportHelperExtension.cs: 1352 - Unfixing component 620
2025-09-10 08:47:21,890 INFO  ExportHelperExtension.cs: 1352 - Unfixing component 606
2025-09-10 08:47:21,890 INFO  ExportHelperExtension.cs: 1352 - Unfixing component 569
2025-09-10 08:47:21,891 INFO  ExportHelperExtension.cs: 1352 - Unfixing component 604
2025-09-10 08:47:21,891 INFO  ExportHelperExtension.cs: 1352 - Unfixing component 926
2025-09-10 08:47:21,891 INFO  ExportHelperExtension.cs: 1352 - Unfixing component 900
2025-09-10 08:47:21,891 INFO  ExportHelperExtension.cs: 1352 - Unfixing component 927
2025-09-10 08:47:21,891 INFO  ExportHelperExtension.cs: 1352 - Unfixing component 984
2025-09-10 08:47:21,891 INFO  ExportHelperExtension.cs: 1352 - Unfixing component 929
2025-09-10 08:47:21,891 INFO  ExportHelperExtension.cs: 1352 - Unfixing component 628
2025-09-10 08:47:21,892 INFO  ExportHelperExtension.cs: 1352 - Unfixing component 1621
2025-09-10 08:47:21,892 INFO  ExportHelperExtension.cs: 1352 - Unfixing component 1997
2025-09-10 08:47:21,892 INFO  ExportHelperExtension.cs: 1352 - Unfixing component 1949
2025-09-10 08:47:21,892 INFO  ExportHelperExtension.cs: 1352 - Unfixing component 1941
2025-09-10 08:47:21,892 INFO  ExportHelperExtension.cs: 1352 - Unfixing component 1884
2025-09-10 08:47:21,892 INFO  ExportHelperExtension.cs: 1352 - Unfixing component 2067
2025-09-10 08:47:21,892 INFO  ExportHelperExtension.cs: 1352 - Unfixing component 2013
2025-09-10 08:47:21,893 INFO  ExportHelperExtension.cs: 1352 - Unfixing component 1957
2025-09-10 08:47:21,893 INFO  ExportHelperExtension.cs: 1352 - Unfixing component 1948
2025-09-10 08:47:21,893 INFO  ExportHelperExtension.cs: 1352 - Unfixing component 1988
2025-09-10 08:47:21,893 INFO  ExportHelperExtension.cs: 1352 - Unfixing component 1956
2025-09-10 08:47:21,893 INFO  ExportHelperExtension.cs: 1352 - Unfixing component 2057
2025-09-10 08:47:21,899 INFO  ExportHelperExtension.cs: 1352 - Unfixing component 1989
2025-09-10 08:47:21,899 INFO  ExportHelperExtension.cs: 1352 - Unfixing component 20
2025-09-10 08:47:21,900 INFO  ExportHelperExtension.cs: 1352 - Unfixing component 18
2025-09-10 08:47:21,900 INFO  ExportHelperExtension.cs: 1352 - Unfixing component 19
2025-09-10 08:47:21,900 INFO  ExportHelperExtension.cs: 1352 - Unfixing component 20
2025-09-10 08:47:21,900 INFO  ExportHelperExtension.cs: 1352 - Unfixing component 19
2025-09-10 08:47:21,900 INFO  ExportHelperExtension.cs: 1352 - Unfixing component 17
2025-09-10 08:47:21,900 INFO  ExportHelperExtension.cs: 1352 - Unfixing component 20
2025-09-10 08:47:21,901 INFO  ExportHelperExtension.cs: 1352 - Unfixing component 18
2025-09-10 08:47:21,901 INFO  ExportHelperExtension.cs: 1352 - Unfixing component 19
2025-09-10 08:47:21,901 INFO  ExportHelperExtension.cs: 1352 - Unfixing component 17
2025-09-10 08:47:21,901 INFO  ExportHelperExtension.cs: 1352 - Unfixing component 19
2025-09-10 08:47:21,901 INFO  ExportHelperExtension.cs: 1352 - Unfixing component 20
2025-09-10 08:47:21,901 INFO  ExportHelperExtension.cs: 1352 - Unfixing component 22
2025-09-10 08:47:21,901 INFO  ExportHelperExtension.cs: 1352 - Unfixing component 22
2025-09-10 08:47:21,902 INFO  ExportHelperExtension.cs: 1352 - Unfixing component 2184
2025-09-10 08:47:24,958 WARN  ExportHelperExtension.cs: 351 - Creating joint from parent base_link to child ultrasound_link4 failed
2025-09-10 08:47:24,989 INFO  ExportHelperExtension.cs: 347 - Creating joint ultrasound_link5
2025-09-10 08:47:24,989 INFO  ExportHelperExtension.cs: 1397 - Fixing components for base_link
2025-09-10 08:47:24,989 INFO  ExportHelperExtension.cs: 1402 - Fixing 500
2025-09-10 08:47:24,990 INFO  ExportHelperExtension.cs: 1402 - Fixing 371
2025-09-10 08:47:24,990 INFO  ExportHelperExtension.cs: 1402 - Fixing 394
2025-09-10 08:47:24,990 INFO  ExportHelperExtension.cs: 1402 - Fixing 542
2025-09-10 08:47:24,990 INFO  ExportHelperExtension.cs: 1402 - Fixing 450
2025-09-10 08:47:24,991 INFO  ExportHelperExtension.cs: 1402 - Fixing 228
2025-09-10 08:47:24,991 INFO  ExportHelperExtension.cs: 1402 - Fixing 434
2025-09-10 08:47:24,991 INFO  ExportHelperExtension.cs: 1402 - Fixing 519
2025-09-10 08:47:24,991 INFO  ExportHelperExtension.cs: 1402 - Fixing 395
2025-09-10 08:47:24,991 INFO  ExportHelperExtension.cs: 1402 - Fixing 473
2025-09-10 08:47:24,992 INFO  ExportHelperExtension.cs: 1402 - Fixing 444
2025-09-10 08:47:24,992 INFO  ExportHelperExtension.cs: 1402 - Fixing 438
2025-09-10 08:47:24,992 INFO  ExportHelperExtension.cs: 1402 - Fixing 428
2025-09-10 08:47:24,993 INFO  ExportHelperExtension.cs: 1402 - Fixing 432
2025-09-10 08:47:24,993 INFO  ExportHelperExtension.cs: 1402 - Fixing 424
2025-09-10 08:47:24,993 INFO  ExportHelperExtension.cs: 1402 - Fixing 373
2025-09-10 08:47:24,993 INFO  ExportHelperExtension.cs: 1402 - Fixing 350
2025-09-10 08:47:24,994 INFO  ExportHelperExtension.cs: 1402 - Fixing 260
2025-09-10 08:47:24,994 INFO  ExportHelperExtension.cs: 1402 - Fixing 229
2025-09-10 08:47:24,994 INFO  ExportHelperExtension.cs: 1402 - Fixing 195
2025-09-10 08:47:24,994 INFO  ExportHelperExtension.cs: 1402 - Fixing 165
2025-09-10 08:47:24,994 INFO  ExportHelperExtension.cs: 1402 - Fixing 132
2025-09-10 08:47:24,994 INFO  ExportHelperExtension.cs: 1402 - Fixing 94
2025-09-10 08:47:24,995 INFO  ExportHelperExtension.cs: 1402 - Fixing 42
2025-09-10 08:47:24,995 INFO  ExportHelperExtension.cs: 1402 - Fixing 41
2025-09-10 08:47:24,995 INFO  ExportHelperExtension.cs: 1402 - Fixing 30
2025-09-10 08:47:24,995 INFO  ExportHelperExtension.cs: 1402 - Fixing 18
2025-09-10 08:47:24,995 INFO  ExportHelperExtension.cs: 1402 - Fixing 29
2025-09-10 08:47:24,995 INFO  ExportHelperExtension.cs: 1402 - Fixing 197
2025-09-10 08:47:24,995 INFO  ExportHelperExtension.cs: 1402 - Fixing 17
2025-09-10 08:47:24,996 INFO  ExportHelperExtension.cs: 1409 - Component 17 is already fixed
2025-09-10 08:47:24,996 INFO  ExportHelperExtension.cs: 1402 - Fixing 95
2025-09-10 08:47:24,996 INFO  ExportHelperExtension.cs: 1402 - Fixing 1748
2025-09-10 08:47:24,996 INFO  ExportHelperExtension.cs: 1402 - Fixing 1731
2025-09-10 08:47:24,996 INFO  ExportHelperExtension.cs: 1402 - Fixing 1749
2025-09-10 08:47:24,996 INFO  ExportHelperExtension.cs: 1402 - Fixing 1715
2025-09-10 08:47:24,997 INFO  ExportHelperExtension.cs: 1402 - Fixing 1716
2025-09-10 08:47:24,997 INFO  ExportHelperExtension.cs: 1402 - Fixing 1700
2025-09-10 08:47:24,997 INFO  ExportHelperExtension.cs: 1402 - Fixing 1696
2025-09-10 08:47:24,997 INFO  ExportHelperExtension.cs: 1402 - Fixing 1647
2025-09-10 08:47:24,997 INFO  ExportHelperExtension.cs: 1402 - Fixing 1624
2025-09-10 08:47:24,997 INFO  ExportHelperExtension.cs: 1402 - Fixing 1623
2025-09-10 08:47:24,998 INFO  ExportHelperExtension.cs: 1402 - Fixing 1622
2025-09-10 08:47:24,998 INFO  ExportHelperExtension.cs: 1402 - Fixing 961
2025-09-10 08:47:24,998 INFO  ExportHelperExtension.cs: 1402 - Fixing 928
2025-09-10 08:47:24,998 INFO  ExportHelperExtension.cs: 1402 - Fixing 910
2025-09-10 08:47:24,998 INFO  ExportHelperExtension.cs: 1402 - Fixing 605
2025-09-10 08:47:24,998 INFO  ExportHelperExtension.cs: 1402 - Fixing 624
2025-09-10 08:47:24,998 INFO  ExportHelperExtension.cs: 1402 - Fixing 620
2025-09-10 08:47:24,998 INFO  ExportHelperExtension.cs: 1402 - Fixing 606
2025-09-10 08:47:24,999 INFO  ExportHelperExtension.cs: 1402 - Fixing 569
2025-09-10 08:47:24,999 INFO  ExportHelperExtension.cs: 1402 - Fixing 604
2025-09-10 08:47:24,999 INFO  ExportHelperExtension.cs: 1402 - Fixing 926
2025-09-10 08:47:24,999 INFO  ExportHelperExtension.cs: 1402 - Fixing 900
2025-09-10 08:47:24,999 INFO  ExportHelperExtension.cs: 1402 - Fixing 927
2025-09-10 08:47:25,000 INFO  ExportHelperExtension.cs: 1402 - Fixing 984
2025-09-10 08:47:25,000 INFO  ExportHelperExtension.cs: 1402 - Fixing 929
2025-09-10 08:47:25,000 INFO  ExportHelperExtension.cs: 1402 - Fixing 628
2025-09-10 08:47:25,000 INFO  ExportHelperExtension.cs: 1402 - Fixing 1621
2025-09-10 08:47:25,000 INFO  ExportHelperExtension.cs: 1402 - Fixing 1997
2025-09-10 08:47:25,000 INFO  ExportHelperExtension.cs: 1402 - Fixing 1949
2025-09-10 08:47:25,001 INFO  ExportHelperExtension.cs: 1402 - Fixing 1941
2025-09-10 08:47:25,001 INFO  ExportHelperExtension.cs: 1402 - Fixing 1884
2025-09-10 08:47:25,001 INFO  ExportHelperExtension.cs: 1402 - Fixing 2067
2025-09-10 08:47:25,001 INFO  ExportHelperExtension.cs: 1402 - Fixing 2013
2025-09-10 08:47:25,001 INFO  ExportHelperExtension.cs: 1402 - Fixing 1957
2025-09-10 08:47:25,002 INFO  ExportHelperExtension.cs: 1402 - Fixing 1948
2025-09-10 08:47:25,002 INFO  ExportHelperExtension.cs: 1402 - Fixing 1988
2025-09-10 08:47:25,002 INFO  ExportHelperExtension.cs: 1402 - Fixing 1956
2025-09-10 08:47:25,002 INFO  ExportHelperExtension.cs: 1402 - Fixing 2057
2025-09-10 08:47:25,002 INFO  ExportHelperExtension.cs: 1402 - Fixing 1989
2025-09-10 08:47:25,002 INFO  ExportHelperExtension.cs: 1402 - Fixing 20
2025-09-10 08:47:25,002 INFO  ExportHelperExtension.cs: 1402 - Fixing 18
2025-09-10 08:47:25,003 INFO  ExportHelperExtension.cs: 1402 - Fixing 19
2025-09-10 08:47:25,003 INFO  ExportHelperExtension.cs: 1402 - Fixing 20
2025-09-10 08:47:25,003 INFO  ExportHelperExtension.cs: 1402 - Fixing 19
2025-09-10 08:47:25,003 INFO  ExportHelperExtension.cs: 1402 - Fixing 17
2025-09-10 08:47:25,003 INFO  ExportHelperExtension.cs: 1402 - Fixing 20
2025-09-10 08:47:25,003 INFO  ExportHelperExtension.cs: 1402 - Fixing 18
2025-09-10 08:47:25,003 INFO  ExportHelperExtension.cs: 1402 - Fixing 19
2025-09-10 08:47:25,005 INFO  ExportHelperExtension.cs: 1402 - Fixing 17
2025-09-10 08:47:25,005 INFO  ExportHelperExtension.cs: 1402 - Fixing 19
2025-09-10 08:47:25,005 INFO  ExportHelperExtension.cs: 1402 - Fixing 20
2025-09-10 08:47:25,005 INFO  ExportHelperExtension.cs: 1402 - Fixing 22
2025-09-10 08:47:25,005 INFO  ExportHelperExtension.cs: 1402 - Fixing 22
2025-09-10 08:47:25,005 INFO  ExportHelperExtension.cs: 1402 - Fixing 2184
2025-09-10 08:47:28,056 INFO  ExportHelperExtension.cs: 832 - R1: 0, 0
2025-09-10 08:47:28,056 INFO  ExportHelperExtension.cs: 841 - R2: 0, 0
2025-09-10 08:47:28,057 INFO  ExportHelperExtension.cs: 849 - L1: 0
2025-09-10 08:47:28,057 INFO  ExportHelperExtension.cs: 857 - L2: 0
2025-09-10 08:47:28,057 INFO  ExportHelperExtension.cs: 1352 - Unfixing component 500
2025-09-10 08:47:28,057 INFO  ExportHelperExtension.cs: 1352 - Unfixing component 371
2025-09-10 08:47:28,057 INFO  ExportHelperExtension.cs: 1352 - Unfixing component 394
2025-09-10 08:47:28,057 INFO  ExportHelperExtension.cs: 1352 - Unfixing component 542
2025-09-10 08:47:28,058 INFO  ExportHelperExtension.cs: 1352 - Unfixing component 450
2025-09-10 08:47:28,058 INFO  ExportHelperExtension.cs: 1352 - Unfixing component 228
2025-09-10 08:47:28,058 INFO  ExportHelperExtension.cs: 1352 - Unfixing component 434
2025-09-10 08:47:28,058 INFO  ExportHelperExtension.cs: 1352 - Unfixing component 519
2025-09-10 08:47:28,058 INFO  ExportHelperExtension.cs: 1352 - Unfixing component 395
2025-09-10 08:47:28,058 INFO  ExportHelperExtension.cs: 1352 - Unfixing component 473
2025-09-10 08:47:28,058 INFO  ExportHelperExtension.cs: 1352 - Unfixing component 444
2025-09-10 08:47:28,058 INFO  ExportHelperExtension.cs: 1352 - Unfixing component 438
2025-09-10 08:47:28,059 INFO  ExportHelperExtension.cs: 1352 - Unfixing component 428
2025-09-10 08:47:28,059 INFO  ExportHelperExtension.cs: 1352 - Unfixing component 432
2025-09-10 08:47:28,059 INFO  ExportHelperExtension.cs: 1352 - Unfixing component 424
2025-09-10 08:47:28,059 INFO  ExportHelperExtension.cs: 1352 - Unfixing component 373
2025-09-10 08:47:28,059 INFO  ExportHelperExtension.cs: 1352 - Unfixing component 350
2025-09-10 08:47:28,059 INFO  ExportHelperExtension.cs: 1352 - Unfixing component 260
2025-09-10 08:47:28,059 INFO  ExportHelperExtension.cs: 1352 - Unfixing component 229
2025-09-10 08:47:28,060 INFO  ExportHelperExtension.cs: 1352 - Unfixing component 195
2025-09-10 08:47:28,060 INFO  ExportHelperExtension.cs: 1352 - Unfixing component 165
2025-09-10 08:47:28,060 INFO  ExportHelperExtension.cs: 1352 - Unfixing component 132
2025-09-10 08:47:28,060 INFO  ExportHelperExtension.cs: 1352 - Unfixing component 94
2025-09-10 08:47:28,060 INFO  ExportHelperExtension.cs: 1352 - Unfixing component 42
2025-09-10 08:47:28,060 INFO  ExportHelperExtension.cs: 1352 - Unfixing component 41
2025-09-10 08:47:28,060 INFO  ExportHelperExtension.cs: 1352 - Unfixing component 30
2025-09-10 08:47:28,061 INFO  ExportHelperExtension.cs: 1352 - Unfixing component 18
2025-09-10 08:47:28,061 INFO  ExportHelperExtension.cs: 1352 - Unfixing component 29
2025-09-10 08:47:28,061 INFO  ExportHelperExtension.cs: 1352 - Unfixing component 197
2025-09-10 08:47:28,061 INFO  ExportHelperExtension.cs: 1352 - Unfixing component 95
2025-09-10 08:47:28,061 INFO  ExportHelperExtension.cs: 1352 - Unfixing component 1748
2025-09-10 08:47:28,061 INFO  ExportHelperExtension.cs: 1352 - Unfixing component 1731
2025-09-10 08:47:28,062 INFO  ExportHelperExtension.cs: 1352 - Unfixing component 1749
2025-09-10 08:47:28,062 INFO  ExportHelperExtension.cs: 1352 - Unfixing component 1715
2025-09-10 08:47:28,062 INFO  ExportHelperExtension.cs: 1352 - Unfixing component 1716
2025-09-10 08:47:28,062 INFO  ExportHelperExtension.cs: 1352 - Unfixing component 1700
2025-09-10 08:47:28,062 INFO  ExportHelperExtension.cs: 1352 - Unfixing component 1696
2025-09-10 08:47:28,062 INFO  ExportHelperExtension.cs: 1352 - Unfixing component 1647
2025-09-10 08:47:28,062 INFO  ExportHelperExtension.cs: 1352 - Unfixing component 1624
2025-09-10 08:47:28,063 INFO  ExportHelperExtension.cs: 1352 - Unfixing component 1623
2025-09-10 08:47:28,063 INFO  ExportHelperExtension.cs: 1352 - Unfixing component 1622
2025-09-10 08:47:28,063 INFO  ExportHelperExtension.cs: 1352 - Unfixing component 961
2025-09-10 08:47:28,063 INFO  ExportHelperExtension.cs: 1352 - Unfixing component 928
2025-09-10 08:47:28,063 INFO  ExportHelperExtension.cs: 1352 - Unfixing component 910
2025-09-10 08:47:28,063 INFO  ExportHelperExtension.cs: 1352 - Unfixing component 605
2025-09-10 08:47:28,063 INFO  ExportHelperExtension.cs: 1352 - Unfixing component 624
2025-09-10 08:47:28,064 INFO  ExportHelperExtension.cs: 1352 - Unfixing component 620
2025-09-10 08:47:28,064 INFO  ExportHelperExtension.cs: 1352 - Unfixing component 606
2025-09-10 08:47:28,064 INFO  ExportHelperExtension.cs: 1352 - Unfixing component 569
2025-09-10 08:47:28,064 INFO  ExportHelperExtension.cs: 1352 - Unfixing component 604
2025-09-10 08:47:28,064 INFO  ExportHelperExtension.cs: 1352 - Unfixing component 926
2025-09-10 08:47:28,064 INFO  ExportHelperExtension.cs: 1352 - Unfixing component 900
2025-09-10 08:47:28,064 INFO  ExportHelperExtension.cs: 1352 - Unfixing component 927
2025-09-10 08:47:28,065 INFO  ExportHelperExtension.cs: 1352 - Unfixing component 984
2025-09-10 08:47:28,065 INFO  ExportHelperExtension.cs: 1352 - Unfixing component 929
2025-09-10 08:47:28,065 INFO  ExportHelperExtension.cs: 1352 - Unfixing component 628
2025-09-10 08:47:28,065 INFO  ExportHelperExtension.cs: 1352 - Unfixing component 1621
2025-09-10 08:47:28,065 INFO  ExportHelperExtension.cs: 1352 - Unfixing component 1997
2025-09-10 08:47:28,065 INFO  ExportHelperExtension.cs: 1352 - Unfixing component 1949
2025-09-10 08:47:28,065 INFO  ExportHelperExtension.cs: 1352 - Unfixing component 1941
2025-09-10 08:47:28,066 INFO  ExportHelperExtension.cs: 1352 - Unfixing component 1884
2025-09-10 08:47:28,066 INFO  ExportHelperExtension.cs: 1352 - Unfixing component 2067
2025-09-10 08:47:28,066 INFO  ExportHelperExtension.cs: 1352 - Unfixing component 2013
2025-09-10 08:47:28,066 INFO  ExportHelperExtension.cs: 1352 - Unfixing component 1957
2025-09-10 08:47:28,066 INFO  ExportHelperExtension.cs: 1352 - Unfixing component 1948
2025-09-10 08:47:28,066 INFO  ExportHelperExtension.cs: 1352 - Unfixing component 1988
2025-09-10 08:47:28,066 INFO  ExportHelperExtension.cs: 1352 - Unfixing component 1956
2025-09-10 08:47:28,066 INFO  ExportHelperExtension.cs: 1352 - Unfixing component 2057
2025-09-10 08:47:28,067 INFO  ExportHelperExtension.cs: 1352 - Unfixing component 1989
2025-09-10 08:47:28,067 INFO  ExportHelperExtension.cs: 1352 - Unfixing component 20
2025-09-10 08:47:28,068 INFO  ExportHelperExtension.cs: 1352 - Unfixing component 18
2025-09-10 08:47:28,068 INFO  ExportHelperExtension.cs: 1352 - Unfixing component 19
2025-09-10 08:47:28,069 INFO  ExportHelperExtension.cs: 1352 - Unfixing component 20
2025-09-10 08:47:28,069 INFO  ExportHelperExtension.cs: 1352 - Unfixing component 19
2025-09-10 08:47:28,069 INFO  ExportHelperExtension.cs: 1352 - Unfixing component 17
2025-09-10 08:47:28,069 INFO  ExportHelperExtension.cs: 1352 - Unfixing component 20
2025-09-10 08:47:28,069 INFO  ExportHelperExtension.cs: 1352 - Unfixing component 18
2025-09-10 08:47:28,069 INFO  ExportHelperExtension.cs: 1352 - Unfixing component 19
2025-09-10 08:47:28,070 INFO  ExportHelperExtension.cs: 1352 - Unfixing component 17
2025-09-10 08:47:28,070 INFO  ExportHelperExtension.cs: 1352 - Unfixing component 19
2025-09-10 08:47:28,070 INFO  ExportHelperExtension.cs: 1352 - Unfixing component 20
2025-09-10 08:47:28,070 INFO  ExportHelperExtension.cs: 1352 - Unfixing component 22
2025-09-10 08:47:28,070 INFO  ExportHelperExtension.cs: 1352 - Unfixing component 22
2025-09-10 08:47:28,070 INFO  ExportHelperExtension.cs: 1352 - Unfixing component 2184
2025-09-10 08:47:31,097 WARN  ExportHelperExtension.cs: 351 - Creating joint from parent base_link to child ultrasound_link5 failed
2025-09-10 08:47:31,123 INFO  ExportHelperExtension.cs: 347 - Creating joint ultrasound_link6
2025-09-10 08:47:31,124 INFO  ExportHelperExtension.cs: 1397 - Fixing components for base_link
2025-09-10 08:47:31,124 INFO  ExportHelperExtension.cs: 1402 - Fixing 500
2025-09-10 08:47:31,124 INFO  ExportHelperExtension.cs: 1402 - Fixing 371
2025-09-10 08:47:31,124 INFO  ExportHelperExtension.cs: 1402 - Fixing 394
2025-09-10 08:47:31,124 INFO  ExportHelperExtension.cs: 1402 - Fixing 542
2025-09-10 08:47:31,124 INFO  ExportHelperExtension.cs: 1402 - Fixing 450
2025-09-10 08:47:31,125 INFO  ExportHelperExtension.cs: 1402 - Fixing 228
2025-09-10 08:47:31,125 INFO  ExportHelperExtension.cs: 1402 - Fixing 434
2025-09-10 08:47:31,125 INFO  ExportHelperExtension.cs: 1402 - Fixing 519
2025-09-10 08:47:31,125 INFO  ExportHelperExtension.cs: 1402 - Fixing 395
2025-09-10 08:47:31,125 INFO  ExportHelperExtension.cs: 1402 - Fixing 473
2025-09-10 08:47:31,125 INFO  ExportHelperExtension.cs: 1402 - Fixing 444
2025-09-10 08:47:31,125 INFO  ExportHelperExtension.cs: 1402 - Fixing 438
2025-09-10 08:47:31,125 INFO  ExportHelperExtension.cs: 1402 - Fixing 428
2025-09-10 08:47:31,126 INFO  ExportHelperExtension.cs: 1402 - Fixing 432
2025-09-10 08:47:31,126 INFO  ExportHelperExtension.cs: 1402 - Fixing 424
2025-09-10 08:47:31,126 INFO  ExportHelperExtension.cs: 1402 - Fixing 373
2025-09-10 08:47:31,126 INFO  ExportHelperExtension.cs: 1402 - Fixing 350
2025-09-10 08:47:31,126 INFO  ExportHelperExtension.cs: 1402 - Fixing 260
2025-09-10 08:47:31,126 INFO  ExportHelperExtension.cs: 1402 - Fixing 229
2025-09-10 08:47:31,126 INFO  ExportHelperExtension.cs: 1402 - Fixing 195
2025-09-10 08:47:31,127 INFO  ExportHelperExtension.cs: 1402 - Fixing 165
2025-09-10 08:47:31,127 INFO  ExportHelperExtension.cs: 1402 - Fixing 132
2025-09-10 08:47:31,127 INFO  ExportHelperExtension.cs: 1402 - Fixing 94
2025-09-10 08:47:31,127 INFO  ExportHelperExtension.cs: 1402 - Fixing 42
2025-09-10 08:47:31,127 INFO  ExportHelperExtension.cs: 1402 - Fixing 41
2025-09-10 08:47:31,128 INFO  ExportHelperExtension.cs: 1402 - Fixing 30
2025-09-10 08:47:31,128 INFO  ExportHelperExtension.cs: 1402 - Fixing 18
2025-09-10 08:47:31,128 INFO  ExportHelperExtension.cs: 1402 - Fixing 29
2025-09-10 08:47:31,128 INFO  ExportHelperExtension.cs: 1402 - Fixing 197
2025-09-10 08:47:31,128 INFO  ExportHelperExtension.cs: 1402 - Fixing 17
2025-09-10 08:47:31,128 INFO  ExportHelperExtension.cs: 1409 - Component 17 is already fixed
2025-09-10 08:47:31,128 INFO  ExportHelperExtension.cs: 1402 - Fixing 95
2025-09-10 08:47:31,128 INFO  ExportHelperExtension.cs: 1402 - Fixing 1748
2025-09-10 08:47:31,129 INFO  ExportHelperExtension.cs: 1402 - Fixing 1731
2025-09-10 08:47:31,129 INFO  ExportHelperExtension.cs: 1402 - Fixing 1749
2025-09-10 08:47:31,129 INFO  ExportHelperExtension.cs: 1402 - Fixing 1715
2025-09-10 08:47:31,129 INFO  ExportHelperExtension.cs: 1402 - Fixing 1716
2025-09-10 08:47:31,129 INFO  ExportHelperExtension.cs: 1402 - Fixing 1700
2025-09-10 08:47:31,129 INFO  ExportHelperExtension.cs: 1402 - Fixing 1696
2025-09-10 08:47:31,129 INFO  ExportHelperExtension.cs: 1402 - Fixing 1647
2025-09-10 08:47:31,130 INFO  ExportHelperExtension.cs: 1402 - Fixing 1624
2025-09-10 08:47:31,130 INFO  ExportHelperExtension.cs: 1402 - Fixing 1623
2025-09-10 08:47:31,130 INFO  ExportHelperExtension.cs: 1402 - Fixing 1622
2025-09-10 08:47:31,130 INFO  ExportHelperExtension.cs: 1402 - Fixing 961
2025-09-10 08:47:31,130 INFO  ExportHelperExtension.cs: 1402 - Fixing 928
2025-09-10 08:47:31,130 INFO  ExportHelperExtension.cs: 1402 - Fixing 910
2025-09-10 08:47:31,130 INFO  ExportHelperExtension.cs: 1402 - Fixing 605
2025-09-10 08:47:31,130 INFO  ExportHelperExtension.cs: 1402 - Fixing 624
2025-09-10 08:47:31,131 INFO  ExportHelperExtension.cs: 1402 - Fixing 620
2025-09-10 08:47:31,131 INFO  ExportHelperExtension.cs: 1402 - Fixing 606
2025-09-10 08:47:31,131 INFO  ExportHelperExtension.cs: 1402 - Fixing 569
2025-09-10 08:47:31,131 INFO  ExportHelperExtension.cs: 1402 - Fixing 604
2025-09-10 08:47:31,131 INFO  ExportHelperExtension.cs: 1402 - Fixing 926
2025-09-10 08:47:31,131 INFO  ExportHelperExtension.cs: 1402 - Fixing 900
2025-09-10 08:47:31,131 INFO  ExportHelperExtension.cs: 1402 - Fixing 927
2025-09-10 08:47:31,132 INFO  ExportHelperExtension.cs: 1402 - Fixing 984
2025-09-10 08:47:31,132 INFO  ExportHelperExtension.cs: 1402 - Fixing 929
2025-09-10 08:47:31,132 INFO  ExportHelperExtension.cs: 1402 - Fixing 628
2025-09-10 08:47:31,132 INFO  ExportHelperExtension.cs: 1402 - Fixing 1621
2025-09-10 08:47:31,132 INFO  ExportHelperExtension.cs: 1402 - Fixing 1997
2025-09-10 08:47:31,132 INFO  ExportHelperExtension.cs: 1402 - Fixing 1949
2025-09-10 08:47:31,133 INFO  ExportHelperExtension.cs: 1402 - Fixing 1941
2025-09-10 08:47:31,133 INFO  ExportHelperExtension.cs: 1402 - Fixing 1884
2025-09-10 08:47:31,133 INFO  ExportHelperExtension.cs: 1402 - Fixing 2067
2025-09-10 08:47:31,133 INFO  ExportHelperExtension.cs: 1402 - Fixing 2013
2025-09-10 08:47:31,133 INFO  ExportHelperExtension.cs: 1402 - Fixing 1957
2025-09-10 08:47:31,133 INFO  ExportHelperExtension.cs: 1402 - Fixing 1948
2025-09-10 08:47:31,133 INFO  ExportHelperExtension.cs: 1402 - Fixing 1988
2025-09-10 08:47:31,134 INFO  ExportHelperExtension.cs: 1402 - Fixing 1956
2025-09-10 08:47:31,134 INFO  ExportHelperExtension.cs: 1402 - Fixing 2057
2025-09-10 08:47:31,134 INFO  ExportHelperExtension.cs: 1402 - Fixing 1989
2025-09-10 08:47:31,134 INFO  ExportHelperExtension.cs: 1402 - Fixing 20
2025-09-10 08:47:31,134 INFO  ExportHelperExtension.cs: 1402 - Fixing 18
2025-09-10 08:47:31,134 INFO  ExportHelperExtension.cs: 1402 - Fixing 19
2025-09-10 08:47:31,134 INFO  ExportHelperExtension.cs: 1402 - Fixing 20
2025-09-10 08:47:31,135 INFO  ExportHelperExtension.cs: 1402 - Fixing 19
2025-09-10 08:47:31,135 INFO  ExportHelperExtension.cs: 1402 - Fixing 17
2025-09-10 08:47:31,135 INFO  ExportHelperExtension.cs: 1402 - Fixing 20
2025-09-10 08:47:31,135 INFO  ExportHelperExtension.cs: 1402 - Fixing 18
2025-09-10 08:47:31,135 INFO  ExportHelperExtension.cs: 1402 - Fixing 19
2025-09-10 08:47:31,135 INFO  ExportHelperExtension.cs: 1402 - Fixing 17
2025-09-10 08:47:31,136 INFO  ExportHelperExtension.cs: 1402 - Fixing 19
2025-09-10 08:47:31,136 INFO  ExportHelperExtension.cs: 1402 - Fixing 20
2025-09-10 08:47:31,136 INFO  ExportHelperExtension.cs: 1402 - Fixing 22
2025-09-10 08:47:31,136 INFO  ExportHelperExtension.cs: 1402 - Fixing 22
2025-09-10 08:47:31,136 INFO  ExportHelperExtension.cs: 1402 - Fixing 2184
2025-09-10 08:47:34,180 INFO  ExportHelperExtension.cs: 832 - R1: 0, 0
2025-09-10 08:47:34,180 INFO  ExportHelperExtension.cs: 841 - R2: 0, 0
2025-09-10 08:47:34,180 INFO  ExportHelperExtension.cs: 849 - L1: 0
2025-09-10 08:47:34,181 INFO  ExportHelperExtension.cs: 857 - L2: 0
2025-09-10 08:47:34,181 INFO  ExportHelperExtension.cs: 1352 - Unfixing component 500
2025-09-10 08:47:34,181 INFO  ExportHelperExtension.cs: 1352 - Unfixing component 371
2025-09-10 08:47:34,181 INFO  ExportHelperExtension.cs: 1352 - Unfixing component 394
2025-09-10 08:47:34,181 INFO  ExportHelperExtension.cs: 1352 - Unfixing component 542
2025-09-10 08:47:34,181 INFO  ExportHelperExtension.cs: 1352 - Unfixing component 450
2025-09-10 08:47:34,181 INFO  ExportHelperExtension.cs: 1352 - Unfixing component 228
2025-09-10 08:47:34,182 INFO  ExportHelperExtension.cs: 1352 - Unfixing component 434
2025-09-10 08:47:34,182 INFO  ExportHelperExtension.cs: 1352 - Unfixing component 519
2025-09-10 08:47:34,182 INFO  ExportHelperExtension.cs: 1352 - Unfixing component 395
2025-09-10 08:47:34,182 INFO  ExportHelperExtension.cs: 1352 - Unfixing component 473
2025-09-10 08:47:34,182 INFO  ExportHelperExtension.cs: 1352 - Unfixing component 444
2025-09-10 08:47:34,182 INFO  ExportHelperExtension.cs: 1352 - Unfixing component 438
2025-09-10 08:47:34,182 INFO  ExportHelperExtension.cs: 1352 - Unfixing component 428
2025-09-10 08:47:34,183 INFO  ExportHelperExtension.cs: 1352 - Unfixing component 432
2025-09-10 08:47:34,183 INFO  ExportHelperExtension.cs: 1352 - Unfixing component 424
2025-09-10 08:47:34,183 INFO  ExportHelperExtension.cs: 1352 - Unfixing component 373
2025-09-10 08:47:34,183 INFO  ExportHelperExtension.cs: 1352 - Unfixing component 350
2025-09-10 08:47:34,183 INFO  ExportHelperExtension.cs: 1352 - Unfixing component 260
2025-09-10 08:47:34,183 INFO  ExportHelperExtension.cs: 1352 - Unfixing component 229
2025-09-10 08:47:34,183 INFO  ExportHelperExtension.cs: 1352 - Unfixing component 195
2025-09-10 08:47:34,184 INFO  ExportHelperExtension.cs: 1352 - Unfixing component 165
2025-09-10 08:47:34,184 INFO  ExportHelperExtension.cs: 1352 - Unfixing component 132
2025-09-10 08:47:34,184 INFO  ExportHelperExtension.cs: 1352 - Unfixing component 94
2025-09-10 08:47:34,184 INFO  ExportHelperExtension.cs: 1352 - Unfixing component 42
2025-09-10 08:47:34,184 INFO  ExportHelperExtension.cs: 1352 - Unfixing component 41
2025-09-10 08:47:34,184 INFO  ExportHelperExtension.cs: 1352 - Unfixing component 30
2025-09-10 08:47:34,184 INFO  ExportHelperExtension.cs: 1352 - Unfixing component 18
2025-09-10 08:47:34,185 INFO  ExportHelperExtension.cs: 1352 - Unfixing component 29
2025-09-10 08:47:34,185 INFO  ExportHelperExtension.cs: 1352 - Unfixing component 197
2025-09-10 08:47:34,185 INFO  ExportHelperExtension.cs: 1352 - Unfixing component 95
2025-09-10 08:47:34,185 INFO  ExportHelperExtension.cs: 1352 - Unfixing component 1748
2025-09-10 08:47:34,185 INFO  ExportHelperExtension.cs: 1352 - Unfixing component 1731
2025-09-10 08:47:34,185 INFO  ExportHelperExtension.cs: 1352 - Unfixing component 1749
2025-09-10 08:47:34,185 INFO  ExportHelperExtension.cs: 1352 - Unfixing component 1715
2025-09-10 08:47:34,186 INFO  ExportHelperExtension.cs: 1352 - Unfixing component 1716
2025-09-10 08:47:34,186 INFO  ExportHelperExtension.cs: 1352 - Unfixing component 1700
2025-09-10 08:47:34,186 INFO  ExportHelperExtension.cs: 1352 - Unfixing component 1696
2025-09-10 08:47:34,186 INFO  ExportHelperExtension.cs: 1352 - Unfixing component 1647
2025-09-10 08:47:34,186 INFO  ExportHelperExtension.cs: 1352 - Unfixing component 1624
2025-09-10 08:47:34,186 INFO  ExportHelperExtension.cs: 1352 - Unfixing component 1623
2025-09-10 08:47:34,186 INFO  ExportHelperExtension.cs: 1352 - Unfixing component 1622
2025-09-10 08:47:34,187 INFO  ExportHelperExtension.cs: 1352 - Unfixing component 961
2025-09-10 08:47:34,187 INFO  ExportHelperExtension.cs: 1352 - Unfixing component 928
2025-09-10 08:47:34,187 INFO  ExportHelperExtension.cs: 1352 - Unfixing component 910
2025-09-10 08:47:34,187 INFO  ExportHelperExtension.cs: 1352 - Unfixing component 605
2025-09-10 08:47:34,187 INFO  ExportHelperExtension.cs: 1352 - Unfixing component 624
2025-09-10 08:47:34,187 INFO  ExportHelperExtension.cs: 1352 - Unfixing component 620
2025-09-10 08:47:34,187 INFO  ExportHelperExtension.cs: 1352 - Unfixing component 606
2025-09-10 08:47:34,188 INFO  ExportHelperExtension.cs: 1352 - Unfixing component 569
2025-09-10 08:47:34,188 INFO  ExportHelperExtension.cs: 1352 - Unfixing component 604
2025-09-10 08:47:34,188 INFO  ExportHelperExtension.cs: 1352 - Unfixing component 926
2025-09-10 08:47:34,188 INFO  ExportHelperExtension.cs: 1352 - Unfixing component 900
2025-09-10 08:47:34,188 INFO  ExportHelperExtension.cs: 1352 - Unfixing component 927
2025-09-10 08:47:34,188 INFO  ExportHelperExtension.cs: 1352 - Unfixing component 984
2025-09-10 08:47:34,188 INFO  ExportHelperExtension.cs: 1352 - Unfixing component 929
2025-09-10 08:47:34,189 INFO  ExportHelperExtension.cs: 1352 - Unfixing component 628
2025-09-10 08:47:34,189 INFO  ExportHelperExtension.cs: 1352 - Unfixing component 1621
2025-09-10 08:47:34,189 INFO  ExportHelperExtension.cs: 1352 - Unfixing component 1997
2025-09-10 08:47:34,189 INFO  ExportHelperExtension.cs: 1352 - Unfixing component 1949
2025-09-10 08:47:34,189 INFO  ExportHelperExtension.cs: 1352 - Unfixing component 1941
2025-09-10 08:47:34,189 INFO  ExportHelperExtension.cs: 1352 - Unfixing component 1884
2025-09-10 08:47:34,189 INFO  ExportHelperExtension.cs: 1352 - Unfixing component 2067
2025-09-10 08:47:34,190 INFO  ExportHelperExtension.cs: 1352 - Unfixing component 2013
2025-09-10 08:47:34,190 INFO  ExportHelperExtension.cs: 1352 - Unfixing component 1957
2025-09-10 08:47:34,190 INFO  ExportHelperExtension.cs: 1352 - Unfixing component 1948
2025-09-10 08:47:34,190 INFO  ExportHelperExtension.cs: 1352 - Unfixing component 1988
2025-09-10 08:47:34,191 INFO  ExportHelperExtension.cs: 1352 - Unfixing component 1956
2025-09-10 08:47:34,191 INFO  ExportHelperExtension.cs: 1352 - Unfixing component 2057
2025-09-10 08:47:34,191 INFO  ExportHelperExtension.cs: 1352 - Unfixing component 1989
2025-09-10 08:47:34,191 INFO  ExportHelperExtension.cs: 1352 - Unfixing component 20
2025-09-10 08:47:34,191 INFO  ExportHelperExtension.cs: 1352 - Unfixing component 18
2025-09-10 08:47:34,191 INFO  ExportHelperExtension.cs: 1352 - Unfixing component 19
2025-09-10 08:47:34,193 INFO  ExportHelperExtension.cs: 1352 - Unfixing component 20
2025-09-10 08:47:34,193 INFO  ExportHelperExtension.cs: 1352 - Unfixing component 19
2025-09-10 08:47:34,193 INFO  ExportHelperExtension.cs: 1352 - Unfixing component 17
2025-09-10 08:47:34,193 INFO  ExportHelperExtension.cs: 1352 - Unfixing component 20
2025-09-10 08:47:34,194 INFO  ExportHelperExtension.cs: 1352 - Unfixing component 18
2025-09-10 08:47:34,194 INFO  ExportHelperExtension.cs: 1352 - Unfixing component 19
2025-09-10 08:47:34,194 INFO  ExportHelperExtension.cs: 1352 - Unfixing component 17
2025-09-10 08:47:34,194 INFO  ExportHelperExtension.cs: 1352 - Unfixing component 19
2025-09-10 08:47:34,194 INFO  ExportHelperExtension.cs: 1352 - Unfixing component 20
2025-09-10 08:47:34,194 INFO  ExportHelperExtension.cs: 1352 - Unfixing component 22
2025-09-10 08:47:34,194 INFO  ExportHelperExtension.cs: 1352 - Unfixing component 22
2025-09-10 08:47:34,195 INFO  ExportHelperExtension.cs: 1352 - Unfixing component 2184
2025-09-10 08:47:37,195 WARN  ExportHelperExtension.cs: 351 - Creating joint from parent base_link to child ultrasound_link6 failed
2025-09-10 08:47:37,223 INFO  ExportHelperExtension.cs: 347 - Creating joint ultrasound_link7
2025-09-10 08:47:37,223 INFO  ExportHelperExtension.cs: 1397 - Fixing components for base_link
2025-09-10 08:47:37,224 INFO  ExportHelperExtension.cs: 1402 - Fixing 500
2025-09-10 08:47:37,224 INFO  ExportHelperExtension.cs: 1402 - Fixing 371
2025-09-10 08:47:37,224 INFO  ExportHelperExtension.cs: 1402 - Fixing 394
2025-09-10 08:47:37,224 INFO  ExportHelperExtension.cs: 1402 - Fixing 542
2025-09-10 08:47:37,225 INFO  ExportHelperExtension.cs: 1402 - Fixing 450
2025-09-10 08:47:37,225 INFO  ExportHelperExtension.cs: 1402 - Fixing 228
2025-09-10 08:47:37,225 INFO  ExportHelperExtension.cs: 1402 - Fixing 434
2025-09-10 08:47:37,225 INFO  ExportHelperExtension.cs: 1402 - Fixing 519
2025-09-10 08:47:37,225 INFO  ExportHelperExtension.cs: 1402 - Fixing 395
2025-09-10 08:47:37,226 INFO  ExportHelperExtension.cs: 1402 - Fixing 473
2025-09-10 08:47:37,226 INFO  ExportHelperExtension.cs: 1402 - Fixing 444
2025-09-10 08:47:37,226 INFO  ExportHelperExtension.cs: 1402 - Fixing 438
2025-09-10 08:47:37,226 INFO  ExportHelperExtension.cs: 1402 - Fixing 428
2025-09-10 08:47:37,226 INFO  ExportHelperExtension.cs: 1402 - Fixing 432
2025-09-10 08:47:37,226 INFO  ExportHelperExtension.cs: 1402 - Fixing 424
2025-09-10 08:47:37,226 INFO  ExportHelperExtension.cs: 1402 - Fixing 373
2025-09-10 08:47:37,227 INFO  ExportHelperExtension.cs: 1402 - Fixing 350
2025-09-10 08:47:37,227 INFO  ExportHelperExtension.cs: 1402 - Fixing 260
2025-09-10 08:47:37,227 INFO  ExportHelperExtension.cs: 1402 - Fixing 229
2025-09-10 08:47:37,227 INFO  ExportHelperExtension.cs: 1402 - Fixing 195
2025-09-10 08:47:37,227 INFO  ExportHelperExtension.cs: 1402 - Fixing 165
2025-09-10 08:47:37,227 INFO  ExportHelperExtension.cs: 1402 - Fixing 132
2025-09-10 08:47:37,227 INFO  ExportHelperExtension.cs: 1402 - Fixing 94
2025-09-10 08:47:37,228 INFO  ExportHelperExtension.cs: 1402 - Fixing 42
2025-09-10 08:47:37,228 INFO  ExportHelperExtension.cs: 1402 - Fixing 41
2025-09-10 08:47:37,228 INFO  ExportHelperExtension.cs: 1402 - Fixing 30
2025-09-10 08:47:37,228 INFO  ExportHelperExtension.cs: 1402 - Fixing 18
2025-09-10 08:47:37,228 INFO  ExportHelperExtension.cs: 1402 - Fixing 29
2025-09-10 08:47:37,228 INFO  ExportHelperExtension.cs: 1402 - Fixing 197
2025-09-10 08:47:37,228 INFO  ExportHelperExtension.cs: 1402 - Fixing 17
2025-09-10 08:47:37,229 INFO  ExportHelperExtension.cs: 1409 - Component 17 is already fixed
2025-09-10 08:47:37,229 INFO  ExportHelperExtension.cs: 1402 - Fixing 95
2025-09-10 08:47:37,229 INFO  ExportHelperExtension.cs: 1402 - Fixing 1748
2025-09-10 08:47:37,229 INFO  ExportHelperExtension.cs: 1402 - Fixing 1731
2025-09-10 08:47:37,229 INFO  ExportHelperExtension.cs: 1402 - Fixing 1749
2025-09-10 08:47:37,229 INFO  ExportHelperExtension.cs: 1402 - Fixing 1715
2025-09-10 08:47:37,229 INFO  ExportHelperExtension.cs: 1402 - Fixing 1716
2025-09-10 08:47:37,230 INFO  ExportHelperExtension.cs: 1402 - Fixing 1700
2025-09-10 08:47:37,230 INFO  ExportHelperExtension.cs: 1402 - Fixing 1696
2025-09-10 08:47:37,230 INFO  ExportHelperExtension.cs: 1402 - Fixing 1647
2025-09-10 08:47:37,230 INFO  ExportHelperExtension.cs: 1402 - Fixing 1624
2025-09-10 08:47:37,230 INFO  ExportHelperExtension.cs: 1402 - Fixing 1623
2025-09-10 08:47:37,230 INFO  ExportHelperExtension.cs: 1402 - Fixing 1622
2025-09-10 08:47:37,231 INFO  ExportHelperExtension.cs: 1402 - Fixing 961
2025-09-10 08:47:37,231 INFO  ExportHelperExtension.cs: 1402 - Fixing 928
2025-09-10 08:47:37,231 INFO  ExportHelperExtension.cs: 1402 - Fixing 910
2025-09-10 08:47:37,231 INFO  ExportHelperExtension.cs: 1402 - Fixing 605
2025-09-10 08:47:37,231 INFO  ExportHelperExtension.cs: 1402 - Fixing 624
2025-09-10 08:47:37,231 INFO  ExportHelperExtension.cs: 1402 - Fixing 620
2025-09-10 08:47:37,232 INFO  ExportHelperExtension.cs: 1402 - Fixing 606
2025-09-10 08:47:37,232 INFO  ExportHelperExtension.cs: 1402 - Fixing 569
2025-09-10 08:47:37,232 INFO  ExportHelperExtension.cs: 1402 - Fixing 604
2025-09-10 08:47:37,232 INFO  ExportHelperExtension.cs: 1402 - Fixing 926
2025-09-10 08:47:37,232 INFO  ExportHelperExtension.cs: 1402 - Fixing 900
2025-09-10 08:47:37,232 INFO  ExportHelperExtension.cs: 1402 - Fixing 927
2025-09-10 08:47:37,232 INFO  ExportHelperExtension.cs: 1402 - Fixing 984
2025-09-10 08:47:37,233 INFO  ExportHelperExtension.cs: 1402 - Fixing 929
2025-09-10 08:47:37,233 INFO  ExportHelperExtension.cs: 1402 - Fixing 628
2025-09-10 08:47:37,233 INFO  ExportHelperExtension.cs: 1402 - Fixing 1621
2025-09-10 08:47:37,233 INFO  ExportHelperExtension.cs: 1402 - Fixing 1997
2025-09-10 08:47:37,233 INFO  ExportHelperExtension.cs: 1402 - Fixing 1949
2025-09-10 08:47:37,233 INFO  ExportHelperExtension.cs: 1402 - Fixing 1941
2025-09-10 08:47:37,233 INFO  ExportHelperExtension.cs: 1402 - Fixing 1884
2025-09-10 08:47:37,233 INFO  ExportHelperExtension.cs: 1402 - Fixing 2067
2025-09-10 08:47:37,234 INFO  ExportHelperExtension.cs: 1402 - Fixing 2013
2025-09-10 08:47:37,234 INFO  ExportHelperExtension.cs: 1402 - Fixing 1957
2025-09-10 08:47:37,234 INFO  ExportHelperExtension.cs: 1402 - Fixing 1948
2025-09-10 08:47:37,234 INFO  ExportHelperExtension.cs: 1402 - Fixing 1988
2025-09-10 08:47:37,234 INFO  ExportHelperExtension.cs: 1402 - Fixing 1956
2025-09-10 08:47:37,235 INFO  ExportHelperExtension.cs: 1402 - Fixing 2057
2025-09-10 08:47:37,235 INFO  ExportHelperExtension.cs: 1402 - Fixing 1989
2025-09-10 08:47:37,235 INFO  ExportHelperExtension.cs: 1402 - Fixing 20
2025-09-10 08:47:37,235 INFO  ExportHelperExtension.cs: 1402 - Fixing 18
2025-09-10 08:47:37,235 INFO  ExportHelperExtension.cs: 1402 - Fixing 19
2025-09-10 08:47:37,235 INFO  ExportHelperExtension.cs: 1402 - Fixing 20
2025-09-10 08:47:37,235 INFO  ExportHelperExtension.cs: 1402 - Fixing 19
2025-09-10 08:47:37,236 INFO  ExportHelperExtension.cs: 1402 - Fixing 17
2025-09-10 08:47:37,236 INFO  ExportHelperExtension.cs: 1402 - Fixing 20
2025-09-10 08:47:37,236 INFO  ExportHelperExtension.cs: 1402 - Fixing 18
2025-09-10 08:47:37,236 INFO  ExportHelperExtension.cs: 1402 - Fixing 19
2025-09-10 08:47:37,236 INFO  ExportHelperExtension.cs: 1402 - Fixing 17
2025-09-10 08:47:37,236 INFO  ExportHelperExtension.cs: 1402 - Fixing 19
2025-09-10 08:47:37,237 INFO  ExportHelperExtension.cs: 1402 - Fixing 20
2025-09-10 08:47:37,237 INFO  ExportHelperExtension.cs: 1402 - Fixing 22
2025-09-10 08:47:37,237 INFO  ExportHelperExtension.cs: 1402 - Fixing 22
2025-09-10 08:47:37,237 INFO  ExportHelperExtension.cs: 1402 - Fixing 2184
2025-09-10 08:47:40,244 INFO  ExportHelperExtension.cs: 832 - R1: 0, 0
2025-09-10 08:47:40,244 INFO  ExportHelperExtension.cs: 841 - R2: 0, 0
2025-09-10 08:47:40,245 INFO  ExportHelperExtension.cs: 849 - L1: 0
2025-09-10 08:47:40,245 INFO  ExportHelperExtension.cs: 857 - L2: 0
2025-09-10 08:47:40,245 INFO  ExportHelperExtension.cs: 1352 - Unfixing component 500
2025-09-10 08:47:40,245 INFO  ExportHelperExtension.cs: 1352 - Unfixing component 371
2025-09-10 08:47:40,245 INFO  ExportHelperExtension.cs: 1352 - Unfixing component 394
2025-09-10 08:47:40,245 INFO  ExportHelperExtension.cs: 1352 - Unfixing component 542
2025-09-10 08:47:40,245 INFO  ExportHelperExtension.cs: 1352 - Unfixing component 450
2025-09-10 08:47:40,246 INFO  ExportHelperExtension.cs: 1352 - Unfixing component 228
2025-09-10 08:47:40,246 INFO  ExportHelperExtension.cs: 1352 - Unfixing component 434
2025-09-10 08:47:40,246 INFO  ExportHelperExtension.cs: 1352 - Unfixing component 519
2025-09-10 08:47:40,246 INFO  ExportHelperExtension.cs: 1352 - Unfixing component 395
2025-09-10 08:47:40,246 INFO  ExportHelperExtension.cs: 1352 - Unfixing component 473
2025-09-10 08:47:40,246 INFO  ExportHelperExtension.cs: 1352 - Unfixing component 444
2025-09-10 08:47:40,246 INFO  ExportHelperExtension.cs: 1352 - Unfixing component 438
2025-09-10 08:47:40,246 INFO  ExportHelperExtension.cs: 1352 - Unfixing component 428
2025-09-10 08:47:40,247 INFO  ExportHelperExtension.cs: 1352 - Unfixing component 432
2025-09-10 08:47:40,247 INFO  ExportHelperExtension.cs: 1352 - Unfixing component 424
2025-09-10 08:47:40,247 INFO  ExportHelperExtension.cs: 1352 - Unfixing component 373
2025-09-10 08:47:40,247 INFO  ExportHelperExtension.cs: 1352 - Unfixing component 350
2025-09-10 08:47:40,247 INFO  ExportHelperExtension.cs: 1352 - Unfixing component 260
2025-09-10 08:47:40,248 INFO  ExportHelperExtension.cs: 1352 - Unfixing component 229
2025-09-10 08:47:40,248 INFO  ExportHelperExtension.cs: 1352 - Unfixing component 195
2025-09-10 08:47:40,248 INFO  ExportHelperExtension.cs: 1352 - Unfixing component 165
2025-09-10 08:47:40,248 INFO  ExportHelperExtension.cs: 1352 - Unfixing component 132
2025-09-10 08:47:40,248 INFO  ExportHelperExtension.cs: 1352 - Unfixing component 94
2025-09-10 08:47:40,248 INFO  ExportHelperExtension.cs: 1352 - Unfixing component 42
2025-09-10 08:47:40,248 INFO  ExportHelperExtension.cs: 1352 - Unfixing component 41
2025-09-10 08:47:40,249 INFO  ExportHelperExtension.cs: 1352 - Unfixing component 30
2025-09-10 08:47:40,249 INFO  ExportHelperExtension.cs: 1352 - Unfixing component 18
2025-09-10 08:47:40,249 INFO  ExportHelperExtension.cs: 1352 - Unfixing component 29
2025-09-10 08:47:40,249 INFO  ExportHelperExtension.cs: 1352 - Unfixing component 197
2025-09-10 08:47:40,249 INFO  ExportHelperExtension.cs: 1352 - Unfixing component 95
2025-09-10 08:47:40,249 INFO  ExportHelperExtension.cs: 1352 - Unfixing component 1748
2025-09-10 08:47:40,249 INFO  ExportHelperExtension.cs: 1352 - Unfixing component 1731
2025-09-10 08:47:40,250 INFO  ExportHelperExtension.cs: 1352 - Unfixing component 1749
2025-09-10 08:47:40,250 INFO  ExportHelperExtension.cs: 1352 - Unfixing component 1715
2025-09-10 08:47:40,250 INFO  ExportHelperExtension.cs: 1352 - Unfixing component 1716
2025-09-10 08:47:40,250 INFO  ExportHelperExtension.cs: 1352 - Unfixing component 1700
2025-09-10 08:47:40,250 INFO  ExportHelperExtension.cs: 1352 - Unfixing component 1696
2025-09-10 08:47:40,250 INFO  ExportHelperExtension.cs: 1352 - Unfixing component 1647
2025-09-10 08:47:40,250 INFO  ExportHelperExtension.cs: 1352 - Unfixing component 1624
2025-09-10 08:47:40,251 INFO  ExportHelperExtension.cs: 1352 - Unfixing component 1623
2025-09-10 08:47:40,251 INFO  ExportHelperExtension.cs: 1352 - Unfixing component 1622
2025-09-10 08:47:40,251 INFO  ExportHelperExtension.cs: 1352 - Unfixing component 961
2025-09-10 08:47:40,251 INFO  ExportHelperExtension.cs: 1352 - Unfixing component 928
2025-09-10 08:47:40,251 INFO  ExportHelperExtension.cs: 1352 - Unfixing component 910
2025-09-10 08:47:40,251 INFO  ExportHelperExtension.cs: 1352 - Unfixing component 605
2025-09-10 08:47:40,252 INFO  ExportHelperExtension.cs: 1352 - Unfixing component 624
2025-09-10 08:47:40,252 INFO  ExportHelperExtension.cs: 1352 - Unfixing component 620
2025-09-10 08:47:40,252 INFO  ExportHelperExtension.cs: 1352 - Unfixing component 606
2025-09-10 08:47:40,252 INFO  ExportHelperExtension.cs: 1352 - Unfixing component 569
2025-09-10 08:47:40,252 INFO  ExportHelperExtension.cs: 1352 - Unfixing component 604
2025-09-10 08:47:40,252 INFO  ExportHelperExtension.cs: 1352 - Unfixing component 926
2025-09-10 08:47:40,253 INFO  ExportHelperExtension.cs: 1352 - Unfixing component 900
2025-09-10 08:47:40,253 INFO  ExportHelperExtension.cs: 1352 - Unfixing component 927
2025-09-10 08:47:40,253 INFO  ExportHelperExtension.cs: 1352 - Unfixing component 984
2025-09-10 08:47:40,253 INFO  ExportHelperExtension.cs: 1352 - Unfixing component 929
2025-09-10 08:47:40,253 INFO  ExportHelperExtension.cs: 1352 - Unfixing component 628
2025-09-10 08:47:40,254 INFO  ExportHelperExtension.cs: 1352 - Unfixing component 1621
2025-09-10 08:47:40,254 INFO  ExportHelperExtension.cs: 1352 - Unfixing component 1997
2025-09-10 08:47:40,254 INFO  ExportHelperExtension.cs: 1352 - Unfixing component 1949
2025-09-10 08:47:40,254 INFO  ExportHelperExtension.cs: 1352 - Unfixing component 1941
2025-09-10 08:47:40,254 INFO  ExportHelperExtension.cs: 1352 - Unfixing component 1884
2025-09-10 08:47:40,254 INFO  ExportHelperExtension.cs: 1352 - Unfixing component 2067
2025-09-10 08:47:40,254 INFO  ExportHelperExtension.cs: 1352 - Unfixing component 2013
2025-09-10 08:47:40,255 INFO  ExportHelperExtension.cs: 1352 - Unfixing component 1957
2025-09-10 08:47:40,255 INFO  ExportHelperExtension.cs: 1352 - Unfixing component 1948
2025-09-10 08:47:40,255 INFO  ExportHelperExtension.cs: 1352 - Unfixing component 1988
2025-09-10 08:47:40,255 INFO  ExportHelperExtension.cs: 1352 - Unfixing component 1956
2025-09-10 08:47:40,255 INFO  ExportHelperExtension.cs: 1352 - Unfixing component 2057
2025-09-10 08:47:40,255 INFO  ExportHelperExtension.cs: 1352 - Unfixing component 1989
2025-09-10 08:47:40,256 INFO  ExportHelperExtension.cs: 1352 - Unfixing component 20
2025-09-10 08:47:40,256 INFO  ExportHelperExtension.cs: 1352 - Unfixing component 18
2025-09-10 08:47:40,256 INFO  ExportHelperExtension.cs: 1352 - Unfixing component 19
2025-09-10 08:47:40,256 INFO  ExportHelperExtension.cs: 1352 - Unfixing component 20
2025-09-10 08:47:40,257 INFO  ExportHelperExtension.cs: 1352 - Unfixing component 19
2025-09-10 08:47:40,259 INFO  ExportHelperExtension.cs: 1352 - Unfixing component 17
2025-09-10 08:47:40,259 INFO  ExportHelperExtension.cs: 1352 - Unfixing component 20
2025-09-10 08:47:40,260 INFO  ExportHelperExtension.cs: 1352 - Unfixing component 18
2025-09-10 08:47:40,260 INFO  ExportHelperExtension.cs: 1352 - Unfixing component 19
2025-09-10 08:47:40,260 INFO  ExportHelperExtension.cs: 1352 - Unfixing component 17
2025-09-10 08:47:40,260 INFO  ExportHelperExtension.cs: 1352 - Unfixing component 19
2025-09-10 08:47:40,260 INFO  ExportHelperExtension.cs: 1352 - Unfixing component 20
2025-09-10 08:47:40,260 INFO  ExportHelperExtension.cs: 1352 - Unfixing component 22
2025-09-10 08:47:40,261 INFO  ExportHelperExtension.cs: 1352 - Unfixing component 22
2025-09-10 08:47:40,261 INFO  ExportHelperExtension.cs: 1352 - Unfixing component 2184
2025-09-10 08:47:43,286 WARN  ExportHelperExtension.cs: 351 - Creating joint from parent base_link to child ultrasound_link7 failed
2025-09-10 08:47:43,313 INFO  ExportHelperExtension.cs: 347 - Creating joint ultrasound_link8
2025-09-10 08:47:43,313 INFO  ExportHelperExtension.cs: 1397 - Fixing components for base_link
2025-09-10 08:47:43,313 INFO  ExportHelperExtension.cs: 1402 - Fixing 500
2025-09-10 08:47:43,313 INFO  ExportHelperExtension.cs: 1402 - Fixing 371
2025-09-10 08:47:43,314 INFO  ExportHelperExtension.cs: 1402 - Fixing 394
2025-09-10 08:47:43,314 INFO  ExportHelperExtension.cs: 1402 - Fixing 542
2025-09-10 08:47:43,314 INFO  ExportHelperExtension.cs: 1402 - Fixing 450
2025-09-10 08:47:43,314 INFO  ExportHelperExtension.cs: 1402 - Fixing 228
2025-09-10 08:47:43,314 INFO  ExportHelperExtension.cs: 1402 - Fixing 434
2025-09-10 08:47:43,315 INFO  ExportHelperExtension.cs: 1402 - Fixing 519
2025-09-10 08:47:43,315 INFO  ExportHelperExtension.cs: 1402 - Fixing 395
2025-09-10 08:47:43,315 INFO  ExportHelperExtension.cs: 1402 - Fixing 473
2025-09-10 08:47:43,315 INFO  ExportHelperExtension.cs: 1402 - Fixing 444
2025-09-10 08:47:43,315 INFO  ExportHelperExtension.cs: 1402 - Fixing 438
2025-09-10 08:47:43,316 INFO  ExportHelperExtension.cs: 1402 - Fixing 428
2025-09-10 08:47:43,316 INFO  ExportHelperExtension.cs: 1402 - Fixing 432
2025-09-10 08:47:43,316 INFO  ExportHelperExtension.cs: 1402 - Fixing 424
2025-09-10 08:47:43,316 INFO  ExportHelperExtension.cs: 1402 - Fixing 373
2025-09-10 08:47:43,316 INFO  ExportHelperExtension.cs: 1402 - Fixing 350
2025-09-10 08:47:43,316 INFO  ExportHelperExtension.cs: 1402 - Fixing 260
2025-09-10 08:47:43,317 INFO  ExportHelperExtension.cs: 1402 - Fixing 229
2025-09-10 08:47:43,317 INFO  ExportHelperExtension.cs: 1402 - Fixing 195
2025-09-10 08:47:43,317 INFO  ExportHelperExtension.cs: 1402 - Fixing 165
2025-09-10 08:47:43,317 INFO  ExportHelperExtension.cs: 1402 - Fixing 132
2025-09-10 08:47:43,317 INFO  ExportHelperExtension.cs: 1402 - Fixing 94
2025-09-10 08:47:43,317 INFO  ExportHelperExtension.cs: 1402 - Fixing 42
2025-09-10 08:47:43,317 INFO  ExportHelperExtension.cs: 1402 - Fixing 41
2025-09-10 08:47:43,318 INFO  ExportHelperExtension.cs: 1402 - Fixing 30
2025-09-10 08:47:43,318 INFO  ExportHelperExtension.cs: 1402 - Fixing 18
2025-09-10 08:47:43,318 INFO  ExportHelperExtension.cs: 1402 - Fixing 29
2025-09-10 08:47:43,318 INFO  ExportHelperExtension.cs: 1402 - Fixing 197
2025-09-10 08:47:43,319 INFO  ExportHelperExtension.cs: 1402 - Fixing 17
2025-09-10 08:47:43,319 INFO  ExportHelperExtension.cs: 1409 - Component 17 is already fixed
2025-09-10 08:47:43,319 INFO  ExportHelperExtension.cs: 1402 - Fixing 95
2025-09-10 08:47:43,319 INFO  ExportHelperExtension.cs: 1402 - Fixing 1748
2025-09-10 08:47:43,319 INFO  ExportHelperExtension.cs: 1402 - Fixing 1731
2025-09-10 08:47:43,319 INFO  ExportHelperExtension.cs: 1402 - Fixing 1749
2025-09-10 08:47:43,319 INFO  ExportHelperExtension.cs: 1402 - Fixing 1715
2025-09-10 08:47:43,320 INFO  ExportHelperExtension.cs: 1402 - Fixing 1716
2025-09-10 08:47:43,320 INFO  ExportHelperExtension.cs: 1402 - Fixing 1700
2025-09-10 08:47:43,320 INFO  ExportHelperExtension.cs: 1402 - Fixing 1696
2025-09-10 08:47:43,320 INFO  ExportHelperExtension.cs: 1402 - Fixing 1647
2025-09-10 08:47:43,320 INFO  ExportHelperExtension.cs: 1402 - Fixing 1624
2025-09-10 08:47:43,320 INFO  ExportHelperExtension.cs: 1402 - Fixing 1623
2025-09-10 08:47:43,321 INFO  ExportHelperExtension.cs: 1402 - Fixing 1622
2025-09-10 08:47:43,321 INFO  ExportHelperExtension.cs: 1402 - Fixing 961
2025-09-10 08:47:43,321 INFO  ExportHelperExtension.cs: 1402 - Fixing 928
2025-09-10 08:47:43,321 INFO  ExportHelperExtension.cs: 1402 - Fixing 910
2025-09-10 08:47:43,321 INFO  ExportHelperExtension.cs: 1402 - Fixing 605
2025-09-10 08:47:43,321 INFO  ExportHelperExtension.cs: 1402 - Fixing 624
2025-09-10 08:47:43,321 INFO  ExportHelperExtension.cs: 1402 - Fixing 620
2025-09-10 08:47:43,322 INFO  ExportHelperExtension.cs: 1402 - Fixing 606
2025-09-10 08:47:43,322 INFO  ExportHelperExtension.cs: 1402 - Fixing 569
2025-09-10 08:47:43,322 INFO  ExportHelperExtension.cs: 1402 - Fixing 604
2025-09-10 08:47:43,322 INFO  ExportHelperExtension.cs: 1402 - Fixing 926
2025-09-10 08:47:43,322 INFO  ExportHelperExtension.cs: 1402 - Fixing 900
2025-09-10 08:47:43,322 INFO  ExportHelperExtension.cs: 1402 - Fixing 927
2025-09-10 08:47:43,322 INFO  ExportHelperExtension.cs: 1402 - Fixing 984
2025-09-10 08:47:43,323 INFO  ExportHelperExtension.cs: 1402 - Fixing 929
2025-09-10 08:47:43,323 INFO  ExportHelperExtension.cs: 1402 - Fixing 628
2025-09-10 08:47:43,323 INFO  ExportHelperExtension.cs: 1402 - Fixing 1621
2025-09-10 08:47:43,323 INFO  ExportHelperExtension.cs: 1402 - Fixing 1997
2025-09-10 08:47:43,323 INFO  ExportHelperExtension.cs: 1402 - Fixing 1949
2025-09-10 08:47:43,323 INFO  ExportHelperExtension.cs: 1402 - Fixing 1941
2025-09-10 08:47:43,323 INFO  ExportHelperExtension.cs: 1402 - Fixing 1884
2025-09-10 08:47:43,324 INFO  ExportHelperExtension.cs: 1402 - Fixing 2067
2025-09-10 08:47:43,324 INFO  ExportHelperExtension.cs: 1402 - Fixing 2013
2025-09-10 08:47:43,324 INFO  ExportHelperExtension.cs: 1402 - Fixing 1957
2025-09-10 08:47:43,324 INFO  ExportHelperExtension.cs: 1402 - Fixing 1948
2025-09-10 08:47:43,324 INFO  ExportHelperExtension.cs: 1402 - Fixing 1988
2025-09-10 08:47:43,324 INFO  ExportHelperExtension.cs: 1402 - Fixing 1956
2025-09-10 08:47:43,324 INFO  ExportHelperExtension.cs: 1402 - Fixing 2057
2025-09-10 08:47:43,325 INFO  ExportHelperExtension.cs: 1402 - Fixing 1989
2025-09-10 08:47:43,325 INFO  ExportHelperExtension.cs: 1402 - Fixing 20
2025-09-10 08:47:43,325 INFO  ExportHelperExtension.cs: 1402 - Fixing 18
2025-09-10 08:47:43,325 INFO  ExportHelperExtension.cs: 1402 - Fixing 19
2025-09-10 08:47:43,325 INFO  ExportHelperExtension.cs: 1402 - Fixing 20
2025-09-10 08:47:43,325 INFO  ExportHelperExtension.cs: 1402 - Fixing 19
2025-09-10 08:47:43,325 INFO  ExportHelperExtension.cs: 1402 - Fixing 17
2025-09-10 08:47:43,326 INFO  ExportHelperExtension.cs: 1402 - Fixing 20
2025-09-10 08:47:43,326 INFO  ExportHelperExtension.cs: 1402 - Fixing 18
2025-09-10 08:47:43,326 INFO  ExportHelperExtension.cs: 1402 - Fixing 19
2025-09-10 08:47:43,326 INFO  ExportHelperExtension.cs: 1402 - Fixing 17
2025-09-10 08:47:43,326 INFO  ExportHelperExtension.cs: 1402 - Fixing 19
2025-09-10 08:47:43,326 INFO  ExportHelperExtension.cs: 1402 - Fixing 20
2025-09-10 08:47:43,326 INFO  ExportHelperExtension.cs: 1402 - Fixing 22
2025-09-10 08:47:43,327 INFO  ExportHelperExtension.cs: 1402 - Fixing 22
2025-09-10 08:47:43,327 INFO  ExportHelperExtension.cs: 1402 - Fixing 2184
2025-09-10 08:47:46,381 INFO  ExportHelperExtension.cs: 832 - R1: 0, 0
2025-09-10 08:47:46,382 INFO  ExportHelperExtension.cs: 841 - R2: 0, 0
2025-09-10 08:47:46,382 INFO  ExportHelperExtension.cs: 849 - L1: 0
2025-09-10 08:47:46,382 INFO  ExportHelperExtension.cs: 857 - L2: 0
2025-09-10 08:47:46,382 INFO  ExportHelperExtension.cs: 1352 - Unfixing component 500
2025-09-10 08:47:46,382 INFO  ExportHelperExtension.cs: 1352 - Unfixing component 371
2025-09-10 08:47:46,383 INFO  ExportHelperExtension.cs: 1352 - Unfixing component 394
2025-09-10 08:47:46,383 INFO  ExportHelperExtension.cs: 1352 - Unfixing component 542
2025-09-10 08:47:46,383 INFO  ExportHelperExtension.cs: 1352 - Unfixing component 450
2025-09-10 08:47:46,383 INFO  ExportHelperExtension.cs: 1352 - Unfixing component 228
2025-09-10 08:47:46,383 INFO  ExportHelperExtension.cs: 1352 - Unfixing component 434
2025-09-10 08:47:46,383 INFO  ExportHelperExtension.cs: 1352 - Unfixing component 519
2025-09-10 08:47:46,383 INFO  ExportHelperExtension.cs: 1352 - Unfixing component 395
2025-09-10 08:47:46,384 INFO  ExportHelperExtension.cs: 1352 - Unfixing component 473
2025-09-10 08:47:46,384 INFO  ExportHelperExtension.cs: 1352 - Unfixing component 444
2025-09-10 08:47:46,384 INFO  ExportHelperExtension.cs: 1352 - Unfixing component 438
2025-09-10 08:47:46,384 INFO  ExportHelperExtension.cs: 1352 - Unfixing component 428
2025-09-10 08:47:46,384 INFO  ExportHelperExtension.cs: 1352 - Unfixing component 432
2025-09-10 08:47:46,384 INFO  ExportHelperExtension.cs: 1352 - Unfixing component 424
2025-09-10 08:47:46,384 INFO  ExportHelperExtension.cs: 1352 - Unfixing component 373
2025-09-10 08:47:46,385 INFO  ExportHelperExtension.cs: 1352 - Unfixing component 350
2025-09-10 08:47:46,385 INFO  ExportHelperExtension.cs: 1352 - Unfixing component 260
2025-09-10 08:47:46,385 INFO  ExportHelperExtension.cs: 1352 - Unfixing component 229
2025-09-10 08:47:46,385 INFO  ExportHelperExtension.cs: 1352 - Unfixing component 195
2025-09-10 08:47:46,385 INFO  ExportHelperExtension.cs: 1352 - Unfixing component 165
2025-09-10 08:47:46,385 INFO  ExportHelperExtension.cs: 1352 - Unfixing component 132
2025-09-10 08:47:46,385 INFO  ExportHelperExtension.cs: 1352 - Unfixing component 94
2025-09-10 08:47:46,385 INFO  ExportHelperExtension.cs: 1352 - Unfixing component 42
2025-09-10 08:47:46,385 INFO  ExportHelperExtension.cs: 1352 - Unfixing component 41
2025-09-10 08:47:46,387 INFO  ExportHelperExtension.cs: 1352 - Unfixing component 30
2025-09-10 08:47:46,387 INFO  ExportHelperExtension.cs: 1352 - Unfixing component 18
2025-09-10 08:47:46,387 INFO  ExportHelperExtension.cs: 1352 - Unfixing component 29
2025-09-10 08:47:46,387 INFO  ExportHelperExtension.cs: 1352 - Unfixing component 197
2025-09-10 08:47:46,387 INFO  ExportHelperExtension.cs: 1352 - Unfixing component 95
2025-09-10 08:47:46,387 INFO  ExportHelperExtension.cs: 1352 - Unfixing component 1748
2025-09-10 08:47:46,387 INFO  ExportHelperExtension.cs: 1352 - Unfixing component 1731
2025-09-10 08:47:46,387 INFO  ExportHelperExtension.cs: 1352 - Unfixing component 1749
2025-09-10 08:47:46,387 INFO  ExportHelperExtension.cs: 1352 - Unfixing component 1715
2025-09-10 08:47:46,387 INFO  ExportHelperExtension.cs: 1352 - Unfixing component 1716
2025-09-10 08:47:46,387 INFO  ExportHelperExtension.cs: 1352 - Unfixing component 1700
2025-09-10 08:47:46,387 INFO  ExportHelperExtension.cs: 1352 - Unfixing component 1696
2025-09-10 08:47:46,387 INFO  ExportHelperExtension.cs: 1352 - Unfixing component 1647
2025-09-10 08:47:46,387 INFO  ExportHelperExtension.cs: 1352 - Unfixing component 1624
2025-09-10 08:47:46,388 INFO  ExportHelperExtension.cs: 1352 - Unfixing component 1623
2025-09-10 08:47:46,388 INFO  ExportHelperExtension.cs: 1352 - Unfixing component 1622
2025-09-10 08:47:46,388 INFO  ExportHelperExtension.cs: 1352 - Unfixing component 961
2025-09-10 08:47:46,388 INFO  ExportHelperExtension.cs: 1352 - Unfixing component 928
2025-09-10 08:47:46,388 INFO  ExportHelperExtension.cs: 1352 - Unfixing component 910
2025-09-10 08:47:46,388 INFO  ExportHelperExtension.cs: 1352 - Unfixing component 605
2025-09-10 08:47:46,388 INFO  ExportHelperExtension.cs: 1352 - Unfixing component 624
2025-09-10 08:47:46,389 INFO  ExportHelperExtension.cs: 1352 - Unfixing component 620
2025-09-10 08:47:46,389 INFO  ExportHelperExtension.cs: 1352 - Unfixing component 606
2025-09-10 08:47:46,389 INFO  ExportHelperExtension.cs: 1352 - Unfixing component 569
2025-09-10 08:47:46,389 INFO  ExportHelperExtension.cs: 1352 - Unfixing component 604
2025-09-10 08:47:46,389 INFO  ExportHelperExtension.cs: 1352 - Unfixing component 926
2025-09-10 08:47:46,389 INFO  ExportHelperExtension.cs: 1352 - Unfixing component 900
2025-09-10 08:47:46,389 INFO  ExportHelperExtension.cs: 1352 - Unfixing component 927
2025-09-10 08:47:46,390 INFO  ExportHelperExtension.cs: 1352 - Unfixing component 984
2025-09-10 08:47:46,390 INFO  ExportHelperExtension.cs: 1352 - Unfixing component 929
2025-09-10 08:47:46,390 INFO  ExportHelperExtension.cs: 1352 - Unfixing component 628
2025-09-10 08:47:46,390 INFO  ExportHelperExtension.cs: 1352 - Unfixing component 1621
2025-09-10 08:47:46,390 INFO  ExportHelperExtension.cs: 1352 - Unfixing component 1997
2025-09-10 08:47:46,390 INFO  ExportHelperExtension.cs: 1352 - Unfixing component 1949
2025-09-10 08:47:46,390 INFO  ExportHelperExtension.cs: 1352 - Unfixing component 1941
2025-09-10 08:47:46,391 INFO  ExportHelperExtension.cs: 1352 - Unfixing component 1884
2025-09-10 08:47:46,391 INFO  ExportHelperExtension.cs: 1352 - Unfixing component 2067
2025-09-10 08:47:46,391 INFO  ExportHelperExtension.cs: 1352 - Unfixing component 2013
2025-09-10 08:47:46,391 INFO  ExportHelperExtension.cs: 1352 - Unfixing component 1957
2025-09-10 08:47:46,391 INFO  ExportHelperExtension.cs: 1352 - Unfixing component 1948
2025-09-10 08:47:46,391 INFO  ExportHelperExtension.cs: 1352 - Unfixing component 1988
2025-09-10 08:47:46,391 INFO  ExportHelperExtension.cs: 1352 - Unfixing component 1956
2025-09-10 08:47:46,392 INFO  ExportHelperExtension.cs: 1352 - Unfixing component 2057
2025-09-10 08:47:46,392 INFO  ExportHelperExtension.cs: 1352 - Unfixing component 1989
2025-09-10 08:47:46,392 INFO  ExportHelperExtension.cs: 1352 - Unfixing component 20
2025-09-10 08:47:46,392 INFO  ExportHelperExtension.cs: 1352 - Unfixing component 18
2025-09-10 08:47:46,392 INFO  ExportHelperExtension.cs: 1352 - Unfixing component 19
2025-09-10 08:47:46,392 INFO  ExportHelperExtension.cs: 1352 - Unfixing component 20
2025-09-10 08:47:46,392 INFO  ExportHelperExtension.cs: 1352 - Unfixing component 19
2025-09-10 08:47:46,393 INFO  ExportHelperExtension.cs: 1352 - Unfixing component 17
2025-09-10 08:47:46,393 INFO  ExportHelperExtension.cs: 1352 - Unfixing component 20
2025-09-10 08:47:46,393 INFO  ExportHelperExtension.cs: 1352 - Unfixing component 18
2025-09-10 08:47:46,395 INFO  ExportHelperExtension.cs: 1352 - Unfixing component 19
2025-09-10 08:47:46,395 INFO  ExportHelperExtension.cs: 1352 - Unfixing component 17
2025-09-10 08:47:46,395 INFO  ExportHelperExtension.cs: 1352 - Unfixing component 19
2025-09-10 08:47:46,395 INFO  ExportHelperExtension.cs: 1352 - Unfixing component 20
2025-09-10 08:47:46,395 INFO  ExportHelperExtension.cs: 1352 - Unfixing component 22
2025-09-10 08:47:46,396 INFO  ExportHelperExtension.cs: 1352 - Unfixing component 22
2025-09-10 08:47:46,396 INFO  ExportHelperExtension.cs: 1352 - Unfixing component 2184
2025-09-10 08:47:52,044 WARN  ExportHelperExtension.cs: 351 - Creating joint from parent base_link to child ultrasound_link8 failed
2025-09-10 08:47:52,219 INFO  ExportHelperExtension.cs: 1125 - Retrieving features of type [CoordSys] from µ×ÅÌ×Ü×°_Mid360°æ
2025-09-10 08:47:52,223 INFO  ExportHelperExtension.cs: 1136 - Found 482 in µ×ÅÌ×Ü×°_Mid360°æ
2025-09-10 08:47:52,224 INFO  ExportHelperExtension.cs: 1145 - Found 19 features of type [CoordSys] in µ×ÅÌ×Ü×°_Mid360°æ
2025-09-10 08:47:52,224 INFO  ExportHelperExtension.cs: 1148 - Proceeding through assembly components
2025-09-10 08:47:52,224 INFO  ExportHelperExtension.cs: 1160 - 108 components to check
2025-09-10 08:47:52,224 INFO  ExportHelperExtension.cs: 1125 - Retrieving features of type [CoordSys] from µ×ÅÌ-1
2025-09-10 08:47:52,225 INFO  ExportHelperExtension.cs: 1136 - Found 69 in µ×ÅÌ-1
2025-09-10 08:47:52,225 INFO  ExportHelperExtension.cs: 1145 - Found 0 features of type [CoordSys] in µ×ÅÌ-1
2025-09-10 08:47:52,225 INFO  ExportHelperExtension.cs: 1125 - Retrieving features of type [CoordSys] from ½»²æ¹ö×Ó-1
2025-09-10 08:47:52,225 INFO  ExportHelperExtension.cs: 1136 - Found 36 in ½»²æ¹ö×Ó-1
2025-09-10 08:47:52,226 INFO  ExportHelperExtension.cs: 1145 - Found 0 features of type [CoordSys] in ½»²æ¹ö×Ó-1
2025-09-10 08:47:52,226 INFO  ExportHelperExtension.cs: 1125 - Retrieving features of type [CoordSys] from °Ú±ÛÇ°Á¬½Ó¼þ-1
2025-09-10 08:47:52,226 INFO  ExportHelperExtension.cs: 1136 - Found 32 in °Ú±ÛÇ°Á¬½Ó¼þ-1
2025-09-10 08:47:52,226 INFO  ExportHelperExtension.cs: 1145 - Found 0 features of type [CoordSys] in °Ú±ÛÇ°Á¬½Ó¼þ-1
2025-09-10 08:47:52,226 INFO  ExportHelperExtension.cs: 1125 - Retrieving features of type [CoordSys] from ³¬Éù²¨Ì½Í·¹Ì¶¨¼þ-5
2025-09-10 08:47:52,226 INFO  ExportHelperExtension.cs: 1136 - Found 36 in ³¬Éù²¨Ì½Í·¹Ì¶¨¼þ-5
2025-09-10 08:47:52,227 INFO  ExportHelperExtension.cs: 1145 - Found 0 features of type [CoordSys] in ³¬Éù²¨Ì½Í·¹Ì¶¨¼þ-5
2025-09-10 08:47:52,227 INFO  ExportHelperExtension.cs: 1125 - Retrieving features of type [CoordSys] from ³¬Éù²¨Ì½Í·¹Ì¶¨¼þ-6
2025-09-10 08:47:52,227 INFO  ExportHelperExtension.cs: 1136 - Found 36 in ³¬Éù²¨Ì½Í·¹Ì¶¨¼þ-6
2025-09-10 08:47:52,227 INFO  ExportHelperExtension.cs: 1145 - Found 0 features of type [CoordSys] in ³¬Éù²¨Ì½Í·¹Ì¶¨¼þ-6
2025-09-10 08:47:52,228 INFO  ExportHelperExtension.cs: 1125 - Retrieving features of type [CoordSys] from ³¬Éù²¨Ì½Í·¹Ì¶¨¼þ-7
2025-09-10 08:47:52,228 INFO  ExportHelperExtension.cs: 1136 - Found 36 in ³¬Éù²¨Ì½Í·¹Ì¶¨¼þ-7
2025-09-10 08:47:52,228 INFO  ExportHelperExtension.cs: 1145 - Found 0 features of type [CoordSys] in ³¬Éù²¨Ì½Í·¹Ì¶¨¼þ-7
2025-09-10 08:47:52,228 INFO  ExportHelperExtension.cs: 1125 - Retrieving features of type [CoordSys] from ³¬Éù²¨Ì½Í·¹Ì¶¨¼þ-8
2025-09-10 08:47:52,229 INFO  ExportHelperExtension.cs: 1136 - Found 36 in ³¬Éù²¨Ì½Í·¹Ì¶¨¼þ-8
2025-09-10 08:47:52,229 INFO  ExportHelperExtension.cs: 1145 - Found 0 features of type [CoordSys] in ³¬Éù²¨Ì½Í·¹Ì¶¨¼þ-8
2025-09-10 08:47:52,229 INFO  ExportHelperExtension.cs: 1125 - Retrieving features of type [CoordSys] from ²àÃæÖ§³Å°å-2
2025-09-10 08:47:52,229 INFO  ExportHelperExtension.cs: 1136 - Found 29 in ²àÃæÖ§³Å°å-2
2025-09-10 08:47:52,229 INFO  ExportHelperExtension.cs: 1145 - Found 0 features of type [CoordSys] in ²àÃæÖ§³Å°å-2
2025-09-10 08:47:52,230 INFO  ExportHelperExtension.cs: 1125 - Retrieving features of type [CoordSys] from ¼ÓÇ¿½î-11
2025-09-10 08:47:52,230 INFO  ExportHelperExtension.cs: 1136 - Found 25 in ¼ÓÇ¿½î-11
2025-09-10 08:47:52,230 INFO  ExportHelperExtension.cs: 1145 - Found 0 features of type [CoordSys] in ¼ÓÇ¿½î-11
2025-09-10 08:47:52,230 INFO  ExportHelperExtension.cs: 1125 - Retrieving features of type [CoordSys] from ¼ÓÇ¿½î-4
2025-09-10 08:47:52,231 INFO  ExportHelperExtension.cs: 1136 - Found 25 in ¼ÓÇ¿½î-4
2025-09-10 08:47:52,231 INFO  ExportHelperExtension.cs: 1145 - Found 0 features of type [CoordSys] in ¼ÓÇ¿½î-4
2025-09-10 08:47:52,231 INFO  ExportHelperExtension.cs: 1125 - Retrieving features of type [CoordSys] from 24V60Ahï®µç³Ø300-200-100-1
2025-09-10 08:47:52,231 INFO  ExportHelperExtension.cs: 1136 - Found 26 in 24V60Ahï®µç³Ø300-200-100-1
2025-09-10 08:47:52,231 INFO  ExportHelperExtension.cs: 1145 - Found 0 features of type [CoordSys] in 24V60Ahï®µç³Ø300-200-100-1
2025-09-10 08:47:52,232 INFO  ExportHelperExtension.cs: 1125 - Retrieving features of type [CoordSys] from ¶þ²ãÔØ°å-1
2025-09-10 08:47:52,232 INFO  ExportHelperExtension.cs: 1136 - Found 89 in ¶þ²ãÔØ°å-1
2025-09-10 08:47:52,232 INFO  ExportHelperExtension.cs: 1145 - Found 0 features of type [CoordSys] in ¶þ²ãÔØ°å-1
2025-09-10 08:47:52,233 INFO  ExportHelperExtension.cs: 1125 - Retrieving features of type [CoordSys] from µç»ú¹Ì¶¨°å-2
2025-09-10 08:47:52,233 INFO  ExportHelperExtension.cs: 1136 - Found 38 in µç»ú¹Ì¶¨°å-2
2025-09-10 08:47:52,233 INFO  ExportHelperExtension.cs: 1145 - Found 0 features of type [CoordSys] in µç»ú¹Ì¶¨°å-2
2025-09-10 08:47:52,233 INFO  ExportHelperExtension.cs: 1125 - Retrieving features of type [CoordSys] from ¼ÓÇ¿½î-8
2025-09-10 08:47:52,233 INFO  ExportHelperExtension.cs: 1136 - Found 25 in ¼ÓÇ¿½î-8
2025-09-10 08:47:52,233 INFO  ExportHelperExtension.cs: 1145 - Found 0 features of type [CoordSys] in ¼ÓÇ¿½î-8
2025-09-10 08:47:52,234 INFO  ExportHelperExtension.cs: 1125 - Retrieving features of type [CoordSys] from ¼ÓÇ¿½î-14
2025-09-10 08:47:52,234 INFO  ExportHelperExtension.cs: 1136 - Found 25 in ¼ÓÇ¿½î-14
2025-09-10 08:47:52,234 INFO  ExportHelperExtension.cs: 1145 - Found 0 features of type [CoordSys] in ¼ÓÇ¿½î-14
2025-09-10 08:47:52,234 INFO  ExportHelperExtension.cs: 1125 - Retrieving features of type [CoordSys] from ¼ÓÇ¿½î-16
2025-09-10 08:47:52,234 INFO  ExportHelperExtension.cs: 1136 - Found 25 in ¼ÓÇ¿½î-16
2025-09-10 08:47:52,234 INFO  ExportHelperExtension.cs: 1145 - Found 0 features of type [CoordSys] in ¼ÓÇ¿½î-16
2025-09-10 08:47:52,235 INFO  ExportHelperExtension.cs: 1125 - Retrieving features of type [CoordSys] from ¼ÓÇ¿½î-18
2025-09-10 08:47:52,235 INFO  ExportHelperExtension.cs: 1136 - Found 25 in ¼ÓÇ¿½î-18
2025-09-10 08:47:52,235 INFO  ExportHelperExtension.cs: 1145 - Found 0 features of type [CoordSys] in ¼ÓÇ¿½î-18
2025-09-10 08:47:52,235 INFO  ExportHelperExtension.cs: 1125 - Retrieving features of type [CoordSys] from ²àÃæÖ§³Å°å-1
2025-09-10 08:47:52,235 INFO  ExportHelperExtension.cs: 1136 - Found 29 in ²àÃæÖ§³Å°å-1
2025-09-10 08:47:52,235 INFO  ExportHelperExtension.cs: 1145 - Found 0 features of type [CoordSys] in ²àÃæÖ§³Å°å-1
2025-09-10 08:47:52,236 INFO  ExportHelperExtension.cs: 1125 - Retrieving features of type [CoordSys] from Ç°°Ú±ÛºáÁº-1
2025-09-10 08:47:52,236 INFO  ExportHelperExtension.cs: 1136 - Found 29 in Ç°°Ú±ÛºáÁº-1
2025-09-10 08:47:52,236 INFO  ExportHelperExtension.cs: 1145 - Found 0 features of type [CoordSys] in Ç°°Ú±ÛºáÁº-1
2025-09-10 08:47:52,236 INFO  ExportHelperExtension.cs: 1125 - Retrieving features of type [CoordSys] from ¼ÓÇ¿½î-2
2025-09-10 08:47:52,236 INFO  ExportHelperExtension.cs: 1136 - Found 25 in ¼ÓÇ¿½î-2
2025-09-10 08:47:52,236 INFO  ExportHelperExtension.cs: 1145 - Found 0 features of type [CoordSys] in ¼ÓÇ¿½î-2
2025-09-10 08:47:52,237 INFO  ExportHelperExtension.cs: 1125 - Retrieving features of type [CoordSys] from ¼ÓÇ¿½î-9
2025-09-10 08:47:52,237 INFO  ExportHelperExtension.cs: 1136 - Found 25 in ¼ÓÇ¿½î-9
2025-09-10 08:47:52,237 INFO  ExportHelperExtension.cs: 1145 - Found 0 features of type [CoordSys] in ¼ÓÇ¿½î-9
2025-09-10 08:47:52,237 INFO  ExportHelperExtension.cs: 1125 - Retrieving features of type [CoordSys] from µç»ú¹Ì¶¨°å-1
2025-09-10 08:47:52,237 INFO  ExportHelperExtension.cs: 1136 - Found 38 in µç»ú¹Ì¶¨°å-1
2025-09-10 08:47:52,237 INFO  ExportHelperExtension.cs: 1145 - Found 0 features of type [CoordSys] in µç»ú¹Ì¶¨°å-1
2025-09-10 08:47:52,238 INFO  ExportHelperExtension.cs: 1125 - Retrieving features of type [CoordSys] from ¼ÓÇ¿½î-12
2025-09-10 08:47:52,238 INFO  ExportHelperExtension.cs: 1136 - Found 25 in ¼ÓÇ¿½î-12
2025-09-10 08:47:52,238 INFO  ExportHelperExtension.cs: 1145 - Found 0 features of type [CoordSys] in ¼ÓÇ¿½î-12
2025-09-10 08:47:52,238 INFO  ExportHelperExtension.cs: 1125 - Retrieving features of type [CoordSys] from ¶þ²ãÁ¬½Ó¼þ£¨×óÓÒ£©-1
2025-09-10 08:47:52,238 INFO  ExportHelperExtension.cs: 1136 - Found 34 in ¶þ²ãÁ¬½Ó¼þ£¨×óÓÒ£©-1
2025-09-10 08:47:52,238 INFO  ExportHelperExtension.cs: 1145 - Found 0 features of type [CoordSys] in ¶þ²ãÁ¬½Ó¼þ£¨×óÓÒ£©-1
2025-09-10 08:47:52,239 INFO  ExportHelperExtension.cs: 1125 - Retrieving features of type [CoordSys] from ÂÖì±µç»ú-2
2025-09-10 08:47:52,239 INFO  ExportHelperExtension.cs: 1136 - Found 24 in ÂÖì±µç»ú-2
2025-09-10 08:47:52,239 INFO  ExportHelperExtension.cs: 1145 - Found 0 features of type [CoordSys] in ÂÖì±µç»ú-2
2025-09-10 08:47:52,239 INFO  ExportHelperExtension.cs: 1125 - Retrieving features of type [CoordSys] from ¼ÓÇ¿½î-1
2025-09-10 08:47:52,239 INFO  ExportHelperExtension.cs: 1136 - Found 25 in ¼ÓÇ¿½î-1
2025-09-10 08:47:52,239 INFO  ExportHelperExtension.cs: 1145 - Found 0 features of type [CoordSys] in ¼ÓÇ¿½î-1
2025-09-10 08:47:52,240 INFO  ExportHelperExtension.cs: 1125 - Retrieving features of type [CoordSys] from ¼ÓÇ¿½î-6
2025-09-10 08:47:52,240 INFO  ExportHelperExtension.cs: 1136 - Found 25 in ¼ÓÇ¿½î-6
2025-09-10 08:47:52,240 INFO  ExportHelperExtension.cs: 1145 - Found 0 features of type [CoordSys] in ¼ÓÇ¿½î-6
2025-09-10 08:47:52,240 INFO  ExportHelperExtension.cs: 1125 - Retrieving features of type [CoordSys] from ÂÖì±µç»ú-1
2025-09-10 08:47:52,240 INFO  ExportHelperExtension.cs: 1136 - Found 24 in ÂÖì±µç»ú-1
2025-09-10 08:47:52,240 INFO  ExportHelperExtension.cs: 1145 - Found 0 features of type [CoordSys] in ÂÖì±µç»ú-1
2025-09-10 08:47:52,241 INFO  ExportHelperExtension.cs: 1125 - Retrieving features of type [CoordSys] from ¼ÓÇ¿½î-3
2025-09-10 08:47:52,241 INFO  ExportHelperExtension.cs: 1136 - Found 25 in ¼ÓÇ¿½î-3
2025-09-10 08:47:52,241 INFO  ExportHelperExtension.cs: 1145 - Found 0 features of type [CoordSys] in ¼ÓÇ¿½î-3
2025-09-10 08:47:52,241 INFO  ExportHelperExtension.cs: 1125 - Retrieving features of type [CoordSys] from ¼ÓÇ¿½î-10
2025-09-10 08:47:52,278 INFO  ExportHelperExtension.cs: 1136 - Found 25 in ¼ÓÇ¿½î-10
2025-09-10 08:47:52,278 INFO  ExportHelperExtension.cs: 1145 - Found 0 features of type [CoordSys] in ¼ÓÇ¿½î-10
2025-09-10 08:47:52,278 INFO  ExportHelperExtension.cs: 1125 - Retrieving features of type [CoordSys] from ¶þ²ãÁ¬½Ó¼þ£¨×óÓÒ£©-2
2025-09-10 08:47:52,279 INFO  ExportHelperExtension.cs: 1136 - Found 34 in ¶þ²ãÁ¬½Ó¼þ£¨×óÓÒ£©-2
2025-09-10 08:47:52,279 INFO  ExportHelperExtension.cs: 1145 - Found 0 features of type [CoordSys] in ¶þ²ãÁ¬½Ó¼þ£¨×óÓÒ£©-2
2025-09-10 08:47:52,279 INFO  ExportHelperExtension.cs: 1125 - Retrieving features of type [CoordSys] from ¶þ²ãÁ¬½Ó¼þ£¨Ç°£©-1
2025-09-10 08:47:52,279 INFO  ExportHelperExtension.cs: 1136 - Found 42 in ¶þ²ãÁ¬½Ó¼þ£¨Ç°£©-1
2025-09-10 08:47:52,280 INFO  ExportHelperExtension.cs: 1145 - Found 0 features of type [CoordSys] in ¶þ²ãÁ¬½Ó¼þ£¨Ç°£©-1
2025-09-10 08:47:52,280 INFO  ExportHelperExtension.cs: 1125 - Retrieving features of type [CoordSys] from µ×ÅÌ¼ÓÇ¿½î£¨ºá£©-1
2025-09-10 08:47:52,280 INFO  ExportHelperExtension.cs: 1136 - Found 29 in µ×ÅÌ¼ÓÇ¿½î£¨ºá£©-1
2025-09-10 08:47:52,280 INFO  ExportHelperExtension.cs: 1145 - Found 0 features of type [CoordSys] in µ×ÅÌ¼ÓÇ¿½î£¨ºá£©-1
2025-09-10 08:47:52,281 INFO  ExportHelperExtension.cs: 1125 - Retrieving features of type [CoordSys] from µ×ÅÌ¼ÓÇ¿½î£¨×Ý£©-1
2025-09-10 08:47:52,281 INFO  ExportHelperExtension.cs: 1136 - Found 31 in µ×ÅÌ¼ÓÇ¿½î£¨×Ý£©-1
2025-09-10 08:47:52,281 INFO  ExportHelperExtension.cs: 1145 - Found 0 features of type [CoordSys] in µ×ÅÌ¼ÓÇ¿½î£¨×Ý£©-1
2025-09-10 08:47:52,281 INFO  ExportHelperExtension.cs: 1125 - Retrieving features of type [CoordSys] from µç³ØºÐ-1
2025-09-10 08:47:52,281 INFO  ExportHelperExtension.cs: 1136 - Found 38 in µç³ØºÐ-1
2025-09-10 08:47:52,282 INFO  ExportHelperExtension.cs: 1145 - Found 0 features of type [CoordSys] in µç³ØºÐ-1
2025-09-10 08:47:52,282 INFO  ExportHelperExtension.cs: 1125 - Retrieving features of type [CoordSys] from ¼ÓÇ¿½î-13
2025-09-10 08:47:52,282 INFO  ExportHelperExtension.cs: 1136 - Found 25 in ¼ÓÇ¿½î-13
2025-09-10 08:47:52,282 INFO  ExportHelperExtension.cs: 1145 - Found 0 features of type [CoordSys] in ¼ÓÇ¿½î-13
2025-09-10 08:47:52,282 INFO  ExportHelperExtension.cs: 1125 - Retrieving features of type [CoordSys] from ¼ÓÇ¿½î-15
2025-09-10 08:47:52,282 INFO  ExportHelperExtension.cs: 1136 - Found 25 in ¼ÓÇ¿½î-15
2025-09-10 08:47:52,283 INFO  ExportHelperExtension.cs: 1145 - Found 0 features of type [CoordSys] in ¼ÓÇ¿½î-15
2025-09-10 08:47:52,283 INFO  ExportHelperExtension.cs: 1125 - Retrieving features of type [CoordSys] from ¼ÓÇ¿½î-17
2025-09-10 08:47:52,283 INFO  ExportHelperExtension.cs: 1136 - Found 25 in ¼ÓÇ¿½î-17
2025-09-10 08:47:52,283 INFO  ExportHelperExtension.cs: 1145 - Found 0 features of type [CoordSys] in ¼ÓÇ¿½î-17
2025-09-10 08:47:52,283 INFO  ExportHelperExtension.cs: 1125 - Retrieving features of type [CoordSys] from ZLAC8015D-V2_0-20210223.STEP-1
2025-09-10 08:47:52,283 INFO  ExportHelperExtension.cs: 1136 - Found 31 in ZLAC8015D-V2_0-20210223.STEP-1
2025-09-10 08:47:52,284 INFO  ExportHelperExtension.cs: 1145 - Found 0 features of type [CoordSys] in ZLAC8015D-V2_0-20210223.STEP-1
2025-09-10 08:47:52,284 INFO  ExportHelperExtension.cs: 1125 - Retrieving features of type [CoordSys] from µç³Ø²Ö£¨Ç°£©-1
2025-09-10 08:47:52,284 INFO  ExportHelperExtension.cs: 1136 - Found 25 in µç³Ø²Ö£¨Ç°£©-1
2025-09-10 08:47:52,284 INFO  ExportHelperExtension.cs: 1145 - Found 0 features of type [CoordSys] in µç³Ø²Ö£¨Ç°£©-1
2025-09-10 08:47:52,284 INFO  ExportHelperExtension.cs: 1125 - Retrieving features of type [CoordSys] from ¶þ²ã²àÃæÖ§³Å°å-6
2025-09-10 08:47:52,284 INFO  ExportHelperExtension.cs: 1136 - Found 32 in ¶þ²ã²àÃæÖ§³Å°å-6
2025-09-10 08:47:52,285 INFO  ExportHelperExtension.cs: 1145 - Found 0 features of type [CoordSys] in ¶þ²ã²àÃæÖ§³Å°å-6
2025-09-10 08:47:52,285 INFO  ExportHelperExtension.cs: 1125 - Retrieving features of type [CoordSys] from ¶þ²ã²àÃæÖ§³Å°å-1
2025-09-10 08:47:52,285 INFO  ExportHelperExtension.cs: 1136 - Found 32 in ¶þ²ã²àÃæÖ§³Å°å-1
2025-09-10 08:47:52,285 INFO  ExportHelperExtension.cs: 1145 - Found 0 features of type [CoordSys] in ¶þ²ã²àÃæÖ§³Å°å-1
2025-09-10 08:47:52,285 INFO  ExportHelperExtension.cs: 1125 - Retrieving features of type [CoordSys] from ¶þ²ã²àÃæÖ§³Å°å-7
2025-09-10 08:47:52,286 INFO  ExportHelperExtension.cs: 1136 - Found 32 in ¶þ²ã²àÃæÖ§³Å°å-7
2025-09-10 08:47:52,286 INFO  ExportHelperExtension.cs: 1145 - Found 0 features of type [CoordSys] in ¶þ²ã²àÃæÖ§³Å°å-7
2025-09-10 08:47:52,286 INFO  ExportHelperExtension.cs: 1125 - Retrieving features of type [CoordSys] from ¶þ²ã²àÃæÖ§³Å°å-8
2025-09-10 08:47:52,286 INFO  ExportHelperExtension.cs: 1136 - Found 32 in ¶þ²ã²àÃæÖ§³Å°å-8
2025-09-10 08:47:52,286 INFO  ExportHelperExtension.cs: 1145 - Found 0 features of type [CoordSys] in ¶þ²ã²àÃæÖ§³Å°å-8
2025-09-10 08:47:52,286 INFO  ExportHelperExtension.cs: 1125 - Retrieving features of type [CoordSys] from µç³Ø²Ö£¨Ç°£©-2
2025-09-10 08:47:52,287 INFO  ExportHelperExtension.cs: 1136 - Found 25 in µç³Ø²Ö£¨Ç°£©-2
2025-09-10 08:47:52,287 INFO  ExportHelperExtension.cs: 1145 - Found 0 features of type [CoordSys] in µç³Ø²Ö£¨Ç°£©-2
2025-09-10 08:47:52,287 INFO  ExportHelperExtension.cs: 1125 - Retrieving features of type [CoordSys] from µç³Ø²Ö£¨ºó£©-1
2025-09-10 08:47:52,287 INFO  ExportHelperExtension.cs: 1136 - Found 27 in µç³Ø²Ö£¨ºó£©-1
2025-09-10 08:47:52,287 INFO  ExportHelperExtension.cs: 1145 - Found 0 features of type [CoordSys] in µç³Ø²Ö£¨ºó£©-1
2025-09-10 08:47:52,287 INFO  ExportHelperExtension.cs: 1125 - Retrieving features of type [CoordSys] from µç³Ø²Ö£¨²à£©-1
2025-09-10 08:47:52,288 INFO  ExportHelperExtension.cs: 1136 - Found 29 in µç³Ø²Ö£¨²à£©-1
2025-09-10 08:47:52,288 INFO  ExportHelperExtension.cs: 1145 - Found 0 features of type [CoordSys] in µç³Ø²Ö£¨²à£©-1
2025-09-10 08:47:52,288 INFO  ExportHelperExtension.cs: 1125 - Retrieving features of type [CoordSys] from µç³Ø²Ö£¨²à£©-2
2025-09-10 08:47:52,288 INFO  ExportHelperExtension.cs: 1136 - Found 29 in µç³Ø²Ö£¨²à£©-2
2025-09-10 08:47:52,288 INFO  ExportHelperExtension.cs: 1145 - Found 0 features of type [CoordSys] in µç³Ø²Ö£¨²à£©-2
2025-09-10 08:47:52,289 INFO  ExportHelperExtension.cs: 1125 - Retrieving features of type [CoordSys] from µç³Ø²Ö£¨µ×£©-1
2025-09-10 08:47:52,289 INFO  ExportHelperExtension.cs: 1136 - Found 30 in µç³Ø²Ö£¨µ×£©-1
2025-09-10 08:47:52,289 INFO  ExportHelperExtension.cs: 1145 - Found 0 features of type [CoordSys] in µç³Ø²Ö£¨µ×£©-1
2025-09-10 08:47:52,289 INFO  ExportHelperExtension.cs: 1125 - Retrieving features of type [CoordSys] from ¶þ²ã²àÃæÖ§³Å°å-4
2025-09-10 08:47:52,289 INFO  ExportHelperExtension.cs: 1136 - Found 32 in ¶þ²ã²àÃæÖ§³Å°å-4
2025-09-10 08:47:52,289 INFO  ExportHelperExtension.cs: 1145 - Found 0 features of type [CoordSys] in ¶þ²ã²àÃæÖ§³Å°å-4
2025-09-10 08:47:52,290 INFO  ExportHelperExtension.cs: 1125 - Retrieving features of type [CoordSys] from ÔØÖØ»·-1
2025-09-10 08:47:52,290 INFO  ExportHelperExtension.cs: 1136 - Found 199 in ÔØÖØ»·-1
2025-09-10 08:47:52,290 INFO  ExportHelperExtension.cs: 1145 - Found 0 features of type [CoordSys] in ÔØÖØ»·-1
2025-09-10 08:47:52,291 INFO  ExportHelperExtension.cs: 1125 - Retrieving features of type [CoordSys] from ¶þ²ã²àÃæÖ§³Å°å-5
2025-09-10 08:47:52,291 INFO  ExportHelperExtension.cs: 1136 - Found 32 in ¶þ²ã²àÃæÖ§³Å°å-5
2025-09-10 08:47:52,291 INFO  ExportHelperExtension.cs: 1145 - Found 0 features of type [CoordSys] in ¶þ²ã²àÃæÖ§³Å°å-5
2025-09-10 08:47:52,291 INFO  ExportHelperExtension.cs: 1125 - Retrieving features of type [CoordSys] from ÂÁÐÍ²Ä3030-300-1
2025-09-10 08:47:52,291 INFO  ExportHelperExtension.cs: 1136 - Found 26 in ÂÁÐÍ²Ä3030-300-1
2025-09-10 08:47:52,292 INFO  ExportHelperExtension.cs: 1145 - Found 0 features of type [CoordSys] in ÂÁÐÍ²Ä3030-300-1
2025-09-10 08:47:52,292 INFO  ExportHelperExtension.cs: 1125 - Retrieving features of type [CoordSys] from Íâ¿Ç£¨ºó£©1-1
2025-09-10 08:47:52,292 INFO  ExportHelperExtension.cs: 1136 - Found 48 in Íâ¿Ç£¨ºó£©1-1
2025-09-10 08:47:52,292 INFO  ExportHelperExtension.cs: 1145 - Found 0 features of type [CoordSys] in Íâ¿Ç£¨ºó£©1-1
2025-09-10 08:47:52,292 INFO  ExportHelperExtension.cs: 1125 - Retrieving features of type [CoordSys] from ÂÁÐÍ²Ä3030-300-3
2025-09-10 08:47:52,293 INFO  ExportHelperExtension.cs: 1136 - Found 26 in ÂÁÐÍ²Ä3030-300-3
2025-09-10 08:47:52,293 INFO  ExportHelperExtension.cs: 1145 - Found 0 features of type [CoordSys] in ÂÁÐÍ²Ä3030-300-3
2025-09-10 08:47:52,293 INFO  ExportHelperExtension.cs: 1125 - Retrieving features of type [CoordSys] from Íâ¿ÇÁ¬½Ó¼ÓÇ¿¼þ-2
2025-09-10 08:47:52,293 INFO  ExportHelperExtension.cs: 1136 - Found 42 in Íâ¿ÇÁ¬½Ó¼ÓÇ¿¼þ-2
2025-09-10 08:47:52,294 INFO  ExportHelperExtension.cs: 1145 - Found 0 features of type [CoordSys] in Íâ¿ÇÁ¬½Ó¼ÓÇ¿¼þ-2
2025-09-10 08:47:52,294 INFO  ExportHelperExtension.cs: 1125 - Retrieving features of type [CoordSys] from Íâ¿ÇÁ¬½Ó¼ÓÇ¿¼þ-4
2025-09-10 08:47:52,294 INFO  ExportHelperExtension.cs: 1136 - Found 42 in Íâ¿ÇÁ¬½Ó¼ÓÇ¿¼þ-4
2025-09-10 08:47:52,294 INFO  ExportHelperExtension.cs: 1145 - Found 0 features of type [CoordSys] in Íâ¿ÇÁ¬½Ó¼ÓÇ¿¼þ-4
2025-09-10 08:47:52,295 INFO  ExportHelperExtension.cs: 1125 - Retrieving features of type [CoordSys] from ÆÁÄ»¹Ì¶¨°å£¨²àÃæ£©-1
2025-09-10 08:47:52,295 INFO  ExportHelperExtension.cs: 1136 - Found 25 in ÆÁÄ»¹Ì¶¨°å£¨²àÃæ£©-1
2025-09-10 08:47:52,295 INFO  ExportHelperExtension.cs: 1145 - Found 0 features of type [CoordSys] in ÆÁÄ»¹Ì¶¨°å£¨²àÃæ£©-1
2025-09-10 08:47:52,295 INFO  ExportHelperExtension.cs: 1125 - Retrieving features of type [CoordSys] from MIIVII EVO ONX_V2.0.01-1
2025-09-10 08:47:52,296 INFO  ExportHelperExtension.cs: 1136 - Found 36 in MIIVII EVO ONX_V2.0.01-1
2025-09-10 08:47:52,296 INFO  ExportHelperExtension.cs: 1145 - Found 0 features of type [CoordSys] in MIIVII EVO ONX_V2.0.01-1
2025-09-10 08:47:52,296 INFO  ExportHelperExtension.cs: 1125 - Retrieving features of type [CoordSys] from ÔØ°å-1
2025-09-10 08:47:52,296 INFO  ExportHelperExtension.cs: 1136 - Found 39 in ÔØ°å-1
2025-09-10 08:47:52,297 INFO  ExportHelperExtension.cs: 1145 - Found 0 features of type [CoordSys] in ÔØ°å-1
2025-09-10 08:47:52,297 INFO  ExportHelperExtension.cs: 1125 - Retrieving features of type [CoordSys] from ·öÊÖ-1
2025-09-10 08:47:52,297 INFO  ExportHelperExtension.cs: 1136 - Found 39 in ·öÊÖ-1
2025-09-10 08:47:52,297 INFO  ExportHelperExtension.cs: 1145 - Found 0 features of type [CoordSys] in ·öÊÖ-1
2025-09-10 08:47:52,297 INFO  ExportHelperExtension.cs: 1125 - Retrieving features of type [CoordSys] from À×´ï_À×ÉñN10-1
2025-09-10 08:47:52,298 INFO  ExportHelperExtension.cs: 1136 - Found 36 in À×´ï_À×ÉñN10-1
2025-09-10 08:47:52,298 INFO  ExportHelperExtension.cs: 1145 - Found 0 features of type [CoordSys] in À×´ï_À×ÉñN10-1
2025-09-10 08:47:52,298 INFO  ExportHelperExtension.cs: 1125 - Retrieving features of type [CoordSys] from Íâ¿Ç£¨²à£©2-1
2025-09-10 08:47:52,298 INFO  ExportHelperExtension.cs: 1136 - Found 50 in Íâ¿Ç£¨²à£©2-1
2025-09-10 08:47:52,299 INFO  ExportHelperExtension.cs: 1145 - Found 0 features of type [CoordSys] in Íâ¿Ç£¨²à£©2-1
2025-09-10 08:47:52,299 INFO  ExportHelperExtension.cs: 1125 - Retrieving features of type [CoordSys] from ¹ßµ¼Ä£¿é_·ÀË®°æN100WP(N200WP_N300WP)¿Í»§Í¼-1
2025-09-10 08:47:52,299 INFO  ExportHelperExtension.cs: 1136 - Found 36 in ¹ßµ¼Ä£¿é_·ÀË®°æN100WP(N200WP_N300WP)¿Í»§Í¼-1
2025-09-10 08:47:52,299 INFO  ExportHelperExtension.cs: 1145 - Found 0 features of type [CoordSys] in ¹ßµ¼Ä£¿é_·ÀË®°æN100WP(N200WP_N300WP)¿Í»§Í¼-1
2025-09-10 08:47:52,299 INFO  ExportHelperExtension.cs: 1125 - Retrieving features of type [CoordSys] from ÆÁÄ»-1
2025-09-10 08:47:52,300 INFO  ExportHelperExtension.cs: 1136 - Found 31 in ÆÁÄ»-1
2025-09-10 08:47:52,300 INFO  ExportHelperExtension.cs: 1145 - Found 0 features of type [CoordSys] in ÆÁÄ»-1
2025-09-10 08:47:52,300 INFO  ExportHelperExtension.cs: 1125 - Retrieving features of type [CoordSys] from Íâ¿Ç£¨Ç°£©1-1
2025-09-10 08:47:52,300 INFO  ExportHelperExtension.cs: 1136 - Found 62 in Íâ¿Ç£¨Ç°£©1-1
2025-09-10 08:47:52,301 INFO  ExportHelperExtension.cs: 1145 - Found 0 features of type [CoordSys] in Íâ¿Ç£¨Ç°£©1-1
2025-09-10 08:47:52,301 INFO  ExportHelperExtension.cs: 1125 - Retrieving features of type [CoordSys] from ¶þ²ã²àÃæÖ§³Å°å£¨Ç°£©-1
2025-09-10 08:47:52,301 INFO  ExportHelperExtension.cs: 1136 - Found 28 in ¶þ²ã²àÃæÖ§³Å°å£¨Ç°£©-1
2025-09-10 08:47:52,301 INFO  ExportHelperExtension.cs: 1145 - Found 0 features of type [CoordSys] in ¶þ²ã²àÃæÖ§³Å°å£¨Ç°£©-1
2025-09-10 08:47:52,301 INFO  ExportHelperExtension.cs: 1125 - Retrieving features of type [CoordSys] from ÆÁÄ»¹Ì¶¨°å£¨µ×Ãæ£©-1
2025-09-10 08:47:52,324 INFO  ExportHelperExtension.cs: 1136 - Found 25 in ÆÁÄ»¹Ì¶¨°å£¨µ×Ãæ£©-1
2025-09-10 08:47:52,324 INFO  ExportHelperExtension.cs: 1145 - Found 0 features of type [CoordSys] in ÆÁÄ»¹Ì¶¨°å£¨µ×Ãæ£©-1
2025-09-10 08:47:52,325 INFO  ExportHelperExtension.cs: 1125 - Retrieving features of type [CoordSys] from ÎÞÏß³äµçÄ£¿é2-1
2025-09-10 08:47:52,325 INFO  ExportHelperExtension.cs: 1136 - Found 23 in ÎÞÏß³äµçÄ£¿é2-1
2025-09-10 08:47:52,325 INFO  ExportHelperExtension.cs: 1145 - Found 0 features of type [CoordSys] in ÎÞÏß³äµçÄ£¿é2-1
2025-09-10 08:47:52,325 INFO  ExportHelperExtension.cs: 1125 - Retrieving features of type [CoordSys] from ÆÁÄ»¹Ì¶¨°å£¨²àÃæ£©-2
2025-09-10 08:47:52,326 INFO  ExportHelperExtension.cs: 1136 - Found 25 in ÆÁÄ»¹Ì¶¨°å£¨²àÃæ£©-2
2025-09-10 08:47:52,326 INFO  ExportHelperExtension.cs: 1145 - Found 0 features of type [CoordSys] in ÆÁÄ»¹Ì¶¨°å£¨²àÃæ£©-2
2025-09-10 08:47:52,326 INFO  ExportHelperExtension.cs: 1125 - Retrieving features of type [CoordSys] from Íâ¿Ç£¨²à£©1-1
2025-09-10 08:47:52,326 INFO  ExportHelperExtension.cs: 1136 - Found 50 in Íâ¿Ç£¨²à£©1-1
2025-09-10 08:47:52,327 INFO  ExportHelperExtension.cs: 1145 - Found 0 features of type [CoordSys] in Íâ¿Ç£¨²à£©1-1
2025-09-10 08:47:52,327 INFO  ExportHelperExtension.cs: 1125 - Retrieving features of type [CoordSys] from ·öÊÖ-2
2025-09-10 08:47:52,327 INFO  ExportHelperExtension.cs: 1136 - Found 39 in ·öÊÖ-2
2025-09-10 08:47:52,327 INFO  ExportHelperExtension.cs: 1145 - Found 0 features of type [CoordSys] in ·öÊÖ-2
2025-09-10 08:47:52,328 INFO  ExportHelperExtension.cs: 1125 - Retrieving features of type [CoordSys] from ¶þ²ã²àÃæÖ§³Å°å£¨Ç°£©-2
2025-09-10 08:47:52,328 INFO  ExportHelperExtension.cs: 1136 - Found 28 in ¶þ²ã²àÃæÖ§³Å°å£¨Ç°£©-2
2025-09-10 08:47:52,328 INFO  ExportHelperExtension.cs: 1145 - Found 0 features of type [CoordSys] in ¶þ²ã²àÃæÖ§³Å°å£¨Ç°£©-2
2025-09-10 08:47:52,328 INFO  ExportHelperExtension.cs: 1125 - Retrieving features of type [CoordSys] from ÂÁÐÍ²Ä3030-300-2
2025-09-10 08:47:52,329 INFO  ExportHelperExtension.cs: 1136 - Found 26 in ÂÁÐÍ²Ä3030-300-2
2025-09-10 08:47:52,329 INFO  ExportHelperExtension.cs: 1145 - Found 0 features of type [CoordSys] in ÂÁÐÍ²Ä3030-300-2
2025-09-10 08:47:52,329 INFO  ExportHelperExtension.cs: 1125 - Retrieving features of type [CoordSys] from ÂÁÐÍ²Ä3030-1300-1
2025-09-10 08:47:52,329 INFO  ExportHelperExtension.cs: 1136 - Found 26 in ÂÁÐÍ²Ä3030-1300-1
2025-09-10 08:47:52,329 INFO  ExportHelperExtension.cs: 1145 - Found 0 features of type [CoordSys] in ÂÁÐÍ²Ä3030-1300-1
2025-09-10 08:47:52,330 INFO  ExportHelperExtension.cs: 1125 - Retrieving features of type [CoordSys] from ÂÁÐÍ²Ä3030-1300-2
2025-09-10 08:47:52,330 INFO  ExportHelperExtension.cs: 1136 - Found 26 in ÂÁÐÍ²Ä3030-1300-2
2025-09-10 08:47:52,330 INFO  ExportHelperExtension.cs: 1145 - Found 0 features of type [CoordSys] in ÂÁÐÍ²Ä3030-1300-2
2025-09-10 08:47:52,330 INFO  ExportHelperExtension.cs: 1125 - Retrieving features of type [CoordSys] from Íâ¿ÇÁ¬½Ó¼ÓÇ¿¼þ-1
2025-09-10 08:47:52,330 INFO  ExportHelperExtension.cs: 1136 - Found 42 in Íâ¿ÇÁ¬½Ó¼ÓÇ¿¼þ-1
2025-09-10 08:47:52,331 INFO  ExportHelperExtension.cs: 1145 - Found 0 features of type [CoordSys] in Íâ¿ÇÁ¬½Ó¼ÓÇ¿¼þ-1
2025-09-10 08:47:52,331 INFO  ExportHelperExtension.cs: 1125 - Retrieving features of type [CoordSys] from Íâ¿ÇÁ¬½Ó¼ÓÇ¿¼þ-3
2025-09-10 08:47:52,331 INFO  ExportHelperExtension.cs: 1136 - Found 42 in Íâ¿ÇÁ¬½Ó¼ÓÇ¿¼þ-3
2025-09-10 08:47:52,331 INFO  ExportHelperExtension.cs: 1145 - Found 0 features of type [CoordSys] in Íâ¿ÇÁ¬½Ó¼ÓÇ¿¼þ-3
2025-09-10 08:47:52,331 INFO  ExportHelperExtension.cs: 1125 - Retrieving features of type [CoordSys] from Íâ¿ÇÁ¬½Ó¼ÓÇ¿¼þ-7
2025-09-10 08:47:52,332 INFO  ExportHelperExtension.cs: 1136 - Found 42 in Íâ¿ÇÁ¬½Ó¼ÓÇ¿¼þ-7
2025-09-10 08:47:52,332 INFO  ExportHelperExtension.cs: 1145 - Found 0 features of type [CoordSys] in Íâ¿ÇÁ¬½Ó¼ÓÇ¿¼þ-7
2025-09-10 08:47:52,332 INFO  ExportHelperExtension.cs: 1125 - Retrieving features of type [CoordSys] from Íâ¿ÇÁ¬½Ó¼ÓÇ¿¼þ-5
2025-09-10 08:47:52,332 INFO  ExportHelperExtension.cs: 1136 - Found 42 in Íâ¿ÇÁ¬½Ó¼ÓÇ¿¼þ-5
2025-09-10 08:47:52,332 INFO  ExportHelperExtension.cs: 1145 - Found 0 features of type [CoordSys] in Íâ¿ÇÁ¬½Ó¼ÓÇ¿¼þ-5
2025-09-10 08:47:52,333 INFO  ExportHelperExtension.cs: 1125 - Retrieving features of type [CoordSys] from Íâ¿ÇÁ¬½Ó¼ÓÇ¿¼þ-10
2025-09-10 08:47:52,333 INFO  ExportHelperExtension.cs: 1136 - Found 42 in Íâ¿ÇÁ¬½Ó¼ÓÇ¿¼þ-10
2025-09-10 08:47:52,333 INFO  ExportHelperExtension.cs: 1145 - Found 0 features of type [CoordSys] in Íâ¿ÇÁ¬½Ó¼ÓÇ¿¼þ-10
2025-09-10 08:47:52,333 INFO  ExportHelperExtension.cs: 1125 - Retrieving features of type [CoordSys] from Íâ¿ÇÁ¬½Ó¼ÓÇ¿¼þ-11
2025-09-10 08:47:52,333 INFO  ExportHelperExtension.cs: 1136 - Found 42 in Íâ¿ÇÁ¬½Ó¼ÓÇ¿¼þ-11
2025-09-10 08:47:52,334 INFO  ExportHelperExtension.cs: 1145 - Found 0 features of type [CoordSys] in Íâ¿ÇÁ¬½Ó¼ÓÇ¿¼þ-11
2025-09-10 08:47:52,334 INFO  ExportHelperExtension.cs: 1125 - Retrieving features of type [CoordSys] from Ïð½º¼õÕðÆ÷M4-12 D15-H10-2
2025-09-10 08:47:52,334 INFO  ExportHelperExtension.cs: 1136 - Found 27 in Ïð½º¼õÕðÆ÷M4-12 D15-H10-2
2025-09-10 08:47:52,334 INFO  ExportHelperExtension.cs: 1145 - Found 0 features of type [CoordSys] in Ïð½º¼õÕðÆ÷M4-12 D15-H10-2
2025-09-10 08:47:52,334 INFO  ExportHelperExtension.cs: 1125 - Retrieving features of type [CoordSys] from ÆÁÄ»¹Ì¶¨°å-2
2025-09-10 08:47:52,335 INFO  ExportHelperExtension.cs: 1136 - Found 27 in ÆÁÄ»¹Ì¶¨°å-2
2025-09-10 08:47:52,335 INFO  ExportHelperExtension.cs: 1145 - Found 0 features of type [CoordSys] in ÆÁÄ»¹Ì¶¨°å-2
2025-09-10 08:47:52,335 INFO  ExportHelperExtension.cs: 1125 - Retrieving features of type [CoordSys] from Íâ¿ÇÁ¬½Ó¼ÓÇ¿¼þ-6
2025-09-10 08:47:52,335 INFO  ExportHelperExtension.cs: 1136 - Found 42 in Íâ¿ÇÁ¬½Ó¼ÓÇ¿¼þ-6
2025-09-10 08:47:52,335 INFO  ExportHelperExtension.cs: 1145 - Found 0 features of type [CoordSys] in Íâ¿ÇÁ¬½Ó¼ÓÇ¿¼þ-6
2025-09-10 08:47:52,336 INFO  ExportHelperExtension.cs: 1125 - Retrieving features of type [CoordSys] from Íâ¿ÇÁ¬½Ó¼ÓÇ¿¼þ-9
2025-09-10 08:47:52,336 INFO  ExportHelperExtension.cs: 1136 - Found 42 in Íâ¿ÇÁ¬½Ó¼ÓÇ¿¼þ-9
2025-09-10 08:47:52,336 INFO  ExportHelperExtension.cs: 1145 - Found 0 features of type [CoordSys] in Íâ¿ÇÁ¬½Ó¼ÓÇ¿¼þ-9
2025-09-10 08:47:52,336 INFO  ExportHelperExtension.cs: 1125 - Retrieving features of type [CoordSys] from ÆÁÄ»¹Ì¶¨°å-1
2025-09-10 08:47:52,336 INFO  ExportHelperExtension.cs: 1136 - Found 27 in ÆÁÄ»¹Ì¶¨°å-1
2025-09-10 08:47:52,336 INFO  ExportHelperExtension.cs: 1145 - Found 0 features of type [CoordSys] in ÆÁÄ»¹Ì¶¨°å-1
2025-09-10 08:47:52,337 INFO  ExportHelperExtension.cs: 1125 - Retrieving features of type [CoordSys] from Ïð½º¼õÕðÆ÷M4-12 D15-H10-1
2025-09-10 08:47:52,337 INFO  ExportHelperExtension.cs: 1136 - Found 27 in Ïð½º¼õÕðÆ÷M4-12 D15-H10-1
2025-09-10 08:47:52,337 INFO  ExportHelperExtension.cs: 1145 - Found 0 features of type [CoordSys] in Ïð½º¼õÕðÆ÷M4-12 D15-H10-1
2025-09-10 08:47:52,337 INFO  ExportHelperExtension.cs: 1125 - Retrieving features of type [CoordSys] from Íâ¿ÇÁ¬½Ó¼ÓÇ¿¼þ-12
2025-09-10 08:47:52,337 INFO  ExportHelperExtension.cs: 1136 - Found 42 in Íâ¿ÇÁ¬½Ó¼ÓÇ¿¼þ-12
2025-09-10 08:47:52,338 INFO  ExportHelperExtension.cs: 1145 - Found 0 features of type [CoordSys] in Íâ¿ÇÁ¬½Ó¼ÓÇ¿¼þ-12
2025-09-10 08:47:52,338 INFO  ExportHelperExtension.cs: 1125 - Retrieving features of type [CoordSys] from ÂÁÐÍ²Ä3030-1000-1
2025-09-10 08:47:52,338 INFO  ExportHelperExtension.cs: 1136 - Found 26 in ÂÁÐÍ²Ä3030-1000-1
2025-09-10 08:47:52,338 INFO  ExportHelperExtension.cs: 1145 - Found 0 features of type [CoordSys] in ÂÁÐÍ²Ä3030-1000-1
2025-09-10 08:47:52,338 INFO  ExportHelperExtension.cs: 1125 - Retrieving features of type [CoordSys] from ÂÁÐÍ²Ä3030-300-5
2025-09-10 08:47:52,339 INFO  ExportHelperExtension.cs: 1136 - Found 26 in ÂÁÐÍ²Ä3030-300-5
2025-09-10 08:47:52,339 INFO  ExportHelperExtension.cs: 1145 - Found 0 features of type [CoordSys] in ÂÁÐÍ²Ä3030-300-5
2025-09-10 08:47:52,339 INFO  ExportHelperExtension.cs: 1125 - Retrieving features of type [CoordSys] from µÆÌõ¹Ì¶¨¼þ1-1
2025-09-10 08:47:52,339 INFO  ExportHelperExtension.cs: 1136 - Found 31 in µÆÌõ¹Ì¶¨¼þ1-1
2025-09-10 08:47:52,339 INFO  ExportHelperExtension.cs: 1145 - Found 0 features of type [CoordSys] in µÆÌõ¹Ì¶¨¼þ1-1
2025-09-10 08:47:52,340 INFO  ExportHelperExtension.cs: 1125 - Retrieving features of type [CoordSys] from ÂÁÐÍ²Ä3030-1000-2
2025-09-10 08:47:52,340 INFO  ExportHelperExtension.cs: 1136 - Found 26 in ÂÁÐÍ²Ä3030-1000-2
2025-09-10 08:47:52,340 INFO  ExportHelperExtension.cs: 1145 - Found 0 features of type [CoordSys] in ÂÁÐÍ²Ä3030-1000-2
2025-09-10 08:47:52,341 INFO  ExportHelperExtension.cs: 1125 - Retrieving features of type [CoordSys] from ÂÁÐÍ²Ä3030-300-6
2025-09-10 08:47:52,341 INFO  ExportHelperExtension.cs: 1136 - Found 26 in ÂÁÐÍ²Ä3030-300-6
2025-09-10 08:47:52,341 INFO  ExportHelperExtension.cs: 1145 - Found 0 features of type [CoordSys] in ÂÁÐÍ²Ä3030-300-6
2025-09-10 08:47:52,341 INFO  ExportHelperExtension.cs: 1125 - Retrieving features of type [CoordSys] from ÂÁÐÍ²Ä3030-300-4
2025-09-10 08:47:52,342 INFO  ExportHelperExtension.cs: 1136 - Found 26 in ÂÁÐÍ²Ä3030-300-4
2025-09-10 08:47:52,342 INFO  ExportHelperExtension.cs: 1145 - Found 0 features of type [CoordSys] in ÂÁÐÍ²Ä3030-300-4
2025-09-10 08:47:52,342 INFO  ExportHelperExtension.cs: 1125 - Retrieving features of type [CoordSys] from Íâ¿ÇÁ¬½Ó¼ÓÇ¿¼þ-8
2025-09-10 08:47:52,342 INFO  ExportHelperExtension.cs: 1136 - Found 42 in Íâ¿ÇÁ¬½Ó¼ÓÇ¿¼þ-8
2025-09-10 08:47:52,342 INFO  ExportHelperExtension.cs: 1145 - Found 0 features of type [CoordSys] in Íâ¿ÇÁ¬½Ó¼ÓÇ¿¼þ-8
2025-09-10 08:47:52,343 INFO  ExportHelperExtension.cs: 1125 - Retrieving features of type [CoordSys] from ¿ª¹Ø¹Ì¶¨°å-1
2025-09-10 08:47:52,343 INFO  ExportHelperExtension.cs: 1136 - Found 28 in ¿ª¹Ø¹Ì¶¨°å-1
2025-09-10 08:47:52,343 INFO  ExportHelperExtension.cs: 1145 - Found 0 features of type [CoordSys] in ¿ª¹Ø¹Ì¶¨°å-1
2025-09-10 08:47:52,343 INFO  ExportHelperExtension.cs: 1125 - Retrieving features of type [CoordSys] from ÂÁÐÍ²Ä3030-300-8
2025-09-10 08:47:52,343 INFO  ExportHelperExtension.cs: 1136 - Found 26 in ÂÁÐÍ²Ä3030-300-8
2025-09-10 08:47:52,343 INFO  ExportHelperExtension.cs: 1145 - Found 0 features of type [CoordSys] in ÂÁÐÍ²Ä3030-300-8
2025-09-10 08:47:52,344 INFO  ExportHelperExtension.cs: 1125 - Retrieving features of type [CoordSys] from Mid360¹Ì¶¨×ù-1
2025-09-10 08:47:52,344 INFO  ExportHelperExtension.cs: 1136 - Found 38 in Mid360¹Ì¶¨×ù-1
2025-09-10 08:47:52,344 INFO  ExportHelperExtension.cs: 1145 - Found 0 features of type [CoordSys] in Mid360¹Ì¶¨×ù-1
2025-09-10 08:47:52,345 INFO  ExportHelperExtension.cs: 1125 - Retrieving features of type [CoordSys] from E-CLHJ75-N-1
2025-09-10 08:47:52,345 INFO  ExportHelperExtension.cs: 1136 - Found 24 in E-CLHJ75-N-1
2025-09-10 08:47:52,345 INFO  ExportHelperExtension.cs: 1145 - Found 0 features of type [CoordSys] in E-CLHJ75-N-1
2025-09-10 08:47:52,345 INFO  ExportHelperExtension.cs: 1125 - Retrieving features of type [CoordSys] from ³¬Éù²¨Ì½Í·¹Ì¶¨¼þ-2
2025-09-10 08:47:52,346 INFO  ExportHelperExtension.cs: 1136 - Found 36 in ³¬Éù²¨Ì½Í·¹Ì¶¨¼þ-2
2025-09-10 08:47:52,346 INFO  ExportHelperExtension.cs: 1145 - Found 0 features of type [CoordSys] in ³¬Éù²¨Ì½Í·¹Ì¶¨¼þ-2
2025-09-10 08:47:52,346 INFO  ExportHelperExtension.cs: 1125 - Retrieving features of type [CoordSys] from E-CLHJ75-N-2
2025-09-10 08:47:52,347 INFO  ExportHelperExtension.cs: 1136 - Found 24 in E-CLHJ75-N-2
2025-09-10 08:47:52,347 INFO  ExportHelperExtension.cs: 1145 - Found 0 features of type [CoordSys] in E-CLHJ75-N-2
2025-09-10 08:47:52,347 INFO  ExportHelperExtension.cs: 1125 - Retrieving features of type [CoordSys] from ³¬Éù²¨Ì½Í·¹Ì¶¨¼þ-1
2025-09-10 08:47:52,347 INFO  ExportHelperExtension.cs: 1136 - Found 36 in ³¬Éù²¨Ì½Í·¹Ì¶¨¼þ-1
2025-09-10 08:47:52,348 INFO  ExportHelperExtension.cs: 1145 - Found 0 features of type [CoordSys] in ³¬Éù²¨Ì½Í·¹Ì¶¨¼þ-1
2025-09-10 08:47:52,348 INFO  ExportHelperExtension.cs: 1125 - Retrieving features of type [CoordSys] from mid-360-asm-1
2025-09-10 08:47:52,348 INFO  ExportHelperExtension.cs: 1136 - Found 24 in mid-360-asm-1
2025-09-10 08:47:52,348 INFO  ExportHelperExtension.cs: 1145 - Found 0 features of type [CoordSys] in mid-360-asm-1
2025-09-10 08:47:52,348 INFO  ExportHelperExtension.cs: 1125 - Retrieving features of type [CoordSys] from ³äµç×®×Ü×°-1
2025-09-10 08:47:52,349 INFO  ExportHelperExtension.cs: 1136 - Found 31 in ³äµç×®×Ü×°-1
2025-09-10 08:47:52,349 INFO  ExportHelperExtension.cs: 1145 - Found 0 features of type [CoordSys] in ³äµç×®×Ü×°-1
2025-09-10 08:47:52,349 INFO  ExportHelperExtension.cs: 1125 - Retrieving features of type [CoordSys] from ÂÁÐÍ²Ä3030-300-7
2025-09-10 08:47:52,349 INFO  ExportHelperExtension.cs: 1136 - Found 26 in ÂÁÐÍ²Ä3030-300-7
2025-09-10 08:47:52,352 INFO  ExportHelperExtension.cs: 1145 - Found 0 features of type [CoordSys] in ÂÁÐÍ²Ä3030-300-7
2025-09-10 08:47:52,352 INFO  ExportHelperExtension.cs: 1125 - Retrieving features of type [CoordSys] from ³¬Éù²¨Ì½Í·¹Ì¶¨¼þ-4
2025-09-10 08:47:52,372 INFO  ExportHelperExtension.cs: 1136 - Found 36 in ³¬Éù²¨Ì½Í·¹Ì¶¨¼þ-4
2025-09-10 08:47:52,372 INFO  ExportHelperExtension.cs: 1145 - Found 0 features of type [CoordSys] in ³¬Éù²¨Ì½Í·¹Ì¶¨¼þ-4
2025-09-10 08:47:52,372 INFO  ExportHelperExtension.cs: 1125 - Retrieving features of type [CoordSys] from ³¬Éù²¨Ì½Í·¹Ì¶¨¼þ-3
2025-09-10 08:47:52,373 INFO  ExportHelperExtension.cs: 1136 - Found 36 in ³¬Éù²¨Ì½Í·¹Ì¶¨¼þ-3
2025-09-10 08:47:52,373 INFO  ExportHelperExtension.cs: 1145 - Found 0 features of type [CoordSys] in ³¬Éù²¨Ì½Í·¹Ì¶¨¼þ-3
2025-09-10 08:47:52,373 INFO  ExportHelperExtension.cs: 1125 - Retrieving features of type [RefAxis] from µ×ÅÌ×Ü×°_Mid360°æ
2025-09-10 08:47:52,374 INFO  ExportHelperExtension.cs: 1136 - Found 482 in µ×ÅÌ×Ü×°_Mid360°æ
2025-09-10 08:47:52,375 INFO  ExportHelperExtension.cs: 1145 - Found 6 features of type [RefAxis] in µ×ÅÌ×Ü×°_Mid360°æ
2025-09-10 08:47:52,375 INFO  ExportHelperExtension.cs: 1148 - Proceeding through assembly components
2025-09-10 08:47:52,375 INFO  ExportHelperExtension.cs: 1160 - 108 components to check
2025-09-10 08:47:52,375 INFO  ExportHelperExtension.cs: 1125 - Retrieving features of type [RefAxis] from µ×ÅÌ-1
2025-09-10 08:47:52,375 INFO  ExportHelperExtension.cs: 1136 - Found 69 in µ×ÅÌ-1
2025-09-10 08:47:52,376 INFO  ExportHelperExtension.cs: 1145 - Found 0 features of type [RefAxis] in µ×ÅÌ-1
2025-09-10 08:47:52,376 INFO  ExportHelperExtension.cs: 1125 - Retrieving features of type [RefAxis] from ½»²æ¹ö×Ó-1
2025-09-10 08:47:52,376 INFO  ExportHelperExtension.cs: 1136 - Found 36 in ½»²æ¹ö×Ó-1
2025-09-10 08:47:52,376 INFO  ExportHelperExtension.cs: 1145 - Found 0 features of type [RefAxis] in ½»²æ¹ö×Ó-1
2025-09-10 08:47:52,376 INFO  ExportHelperExtension.cs: 1125 - Retrieving features of type [RefAxis] from °Ú±ÛÇ°Á¬½Ó¼þ-1
2025-09-10 08:47:52,376 INFO  ExportHelperExtension.cs: 1136 - Found 32 in °Ú±ÛÇ°Á¬½Ó¼þ-1
2025-09-10 08:47:52,377 INFO  ExportHelperExtension.cs: 1145 - Found 0 features of type [RefAxis] in °Ú±ÛÇ°Á¬½Ó¼þ-1
2025-09-10 08:47:52,377 INFO  ExportHelperExtension.cs: 1125 - Retrieving features of type [RefAxis] from ³¬Éù²¨Ì½Í·¹Ì¶¨¼þ-5
2025-09-10 08:47:52,377 INFO  ExportHelperExtension.cs: 1136 - Found 36 in ³¬Éù²¨Ì½Í·¹Ì¶¨¼þ-5
2025-09-10 08:47:52,377 INFO  ExportHelperExtension.cs: 1145 - Found 0 features of type [RefAxis] in ³¬Éù²¨Ì½Í·¹Ì¶¨¼þ-5
2025-09-10 08:47:52,377 INFO  ExportHelperExtension.cs: 1125 - Retrieving features of type [RefAxis] from ³¬Éù²¨Ì½Í·¹Ì¶¨¼þ-6
2025-09-10 08:47:52,378 INFO  ExportHelperExtension.cs: 1136 - Found 36 in ³¬Éù²¨Ì½Í·¹Ì¶¨¼þ-6
2025-09-10 08:47:52,378 INFO  ExportHelperExtension.cs: 1145 - Found 0 features of type [RefAxis] in ³¬Éù²¨Ì½Í·¹Ì¶¨¼þ-6
2025-09-10 08:47:52,378 INFO  ExportHelperExtension.cs: 1125 - Retrieving features of type [RefAxis] from ³¬Éù²¨Ì½Í·¹Ì¶¨¼þ-7
2025-09-10 08:47:52,378 INFO  ExportHelperExtension.cs: 1136 - Found 36 in ³¬Éù²¨Ì½Í·¹Ì¶¨¼þ-7
2025-09-10 08:47:52,378 INFO  ExportHelperExtension.cs: 1145 - Found 0 features of type [RefAxis] in ³¬Éù²¨Ì½Í·¹Ì¶¨¼þ-7
2025-09-10 08:47:52,378 INFO  ExportHelperExtension.cs: 1125 - Retrieving features of type [RefAxis] from ³¬Éù²¨Ì½Í·¹Ì¶¨¼þ-8
2025-09-10 08:47:52,379 INFO  ExportHelperExtension.cs: 1136 - Found 36 in ³¬Éù²¨Ì½Í·¹Ì¶¨¼þ-8
2025-09-10 08:47:52,379 INFO  ExportHelperExtension.cs: 1145 - Found 0 features of type [RefAxis] in ³¬Éù²¨Ì½Í·¹Ì¶¨¼þ-8
2025-09-10 08:47:52,379 INFO  ExportHelperExtension.cs: 1125 - Retrieving features of type [RefAxis] from ²àÃæÖ§³Å°å-2
2025-09-10 08:47:52,379 INFO  ExportHelperExtension.cs: 1136 - Found 29 in ²àÃæÖ§³Å°å-2
2025-09-10 08:47:52,379 INFO  ExportHelperExtension.cs: 1145 - Found 0 features of type [RefAxis] in ²àÃæÖ§³Å°å-2
2025-09-10 08:47:52,379 INFO  ExportHelperExtension.cs: 1125 - Retrieving features of type [RefAxis] from ¼ÓÇ¿½î-11
2025-09-10 08:47:52,380 INFO  ExportHelperExtension.cs: 1136 - Found 25 in ¼ÓÇ¿½î-11
2025-09-10 08:47:52,380 INFO  ExportHelperExtension.cs: 1145 - Found 0 features of type [RefAxis] in ¼ÓÇ¿½î-11
2025-09-10 08:47:52,380 INFO  ExportHelperExtension.cs: 1125 - Retrieving features of type [RefAxis] from ¼ÓÇ¿½î-4
2025-09-10 08:47:52,380 INFO  ExportHelperExtension.cs: 1136 - Found 25 in ¼ÓÇ¿½î-4
2025-09-10 08:47:52,380 INFO  ExportHelperExtension.cs: 1145 - Found 0 features of type [RefAxis] in ¼ÓÇ¿½î-4
2025-09-10 08:47:52,380 INFO  ExportHelperExtension.cs: 1125 - Retrieving features of type [RefAxis] from 24V60Ahï®µç³Ø300-200-100-1
2025-09-10 08:47:52,381 INFO  ExportHelperExtension.cs: 1136 - Found 26 in 24V60Ahï®µç³Ø300-200-100-1
2025-09-10 08:47:52,381 INFO  ExportHelperExtension.cs: 1145 - Found 0 features of type [RefAxis] in 24V60Ahï®µç³Ø300-200-100-1
2025-09-10 08:47:52,381 INFO  ExportHelperExtension.cs: 1125 - Retrieving features of type [RefAxis] from ¶þ²ãÔØ°å-1
2025-09-10 08:47:52,381 INFO  ExportHelperExtension.cs: 1136 - Found 89 in ¶þ²ãÔØ°å-1
2025-09-10 08:47:52,382 INFO  ExportHelperExtension.cs: 1145 - Found 0 features of type [RefAxis] in ¶þ²ãÔØ°å-1
2025-09-10 08:47:52,382 INFO  ExportHelperExtension.cs: 1125 - Retrieving features of type [RefAxis] from µç»ú¹Ì¶¨°å-2
2025-09-10 08:47:52,382 INFO  ExportHelperExtension.cs: 1136 - Found 38 in µç»ú¹Ì¶¨°å-2
2025-09-10 08:47:52,382 INFO  ExportHelperExtension.cs: 1145 - Found 0 features of type [RefAxis] in µç»ú¹Ì¶¨°å-2
2025-09-10 08:47:52,382 INFO  ExportHelperExtension.cs: 1125 - Retrieving features of type [RefAxis] from ¼ÓÇ¿½î-8
2025-09-10 08:47:52,383 INFO  ExportHelperExtension.cs: 1136 - Found 25 in ¼ÓÇ¿½î-8
2025-09-10 08:47:52,383 INFO  ExportHelperExtension.cs: 1145 - Found 0 features of type [RefAxis] in ¼ÓÇ¿½î-8
2025-09-10 08:47:52,383 INFO  ExportHelperExtension.cs: 1125 - Retrieving features of type [RefAxis] from ¼ÓÇ¿½î-14
2025-09-10 08:47:52,383 INFO  ExportHelperExtension.cs: 1136 - Found 25 in ¼ÓÇ¿½î-14
2025-09-10 08:47:52,383 INFO  ExportHelperExtension.cs: 1145 - Found 0 features of type [RefAxis] in ¼ÓÇ¿½î-14
2025-09-10 08:47:52,383 INFO  ExportHelperExtension.cs: 1125 - Retrieving features of type [RefAxis] from ¼ÓÇ¿½î-16
2025-09-10 08:47:52,384 INFO  ExportHelperExtension.cs: 1136 - Found 25 in ¼ÓÇ¿½î-16
2025-09-10 08:47:52,384 INFO  ExportHelperExtension.cs: 1145 - Found 0 features of type [RefAxis] in ¼ÓÇ¿½î-16
2025-09-10 08:47:52,384 INFO  ExportHelperExtension.cs: 1125 - Retrieving features of type [RefAxis] from ¼ÓÇ¿½î-18
2025-09-10 08:47:52,384 INFO  ExportHelperExtension.cs: 1136 - Found 25 in ¼ÓÇ¿½î-18
2025-09-10 08:47:52,384 INFO  ExportHelperExtension.cs: 1145 - Found 0 features of type [RefAxis] in ¼ÓÇ¿½î-18
2025-09-10 08:47:52,385 INFO  ExportHelperExtension.cs: 1125 - Retrieving features of type [RefAxis] from ²àÃæÖ§³Å°å-1
2025-09-10 08:47:52,385 INFO  ExportHelperExtension.cs: 1136 - Found 29 in ²àÃæÖ§³Å°å-1
2025-09-10 08:47:52,385 INFO  ExportHelperExtension.cs: 1145 - Found 0 features of type [RefAxis] in ²àÃæÖ§³Å°å-1
2025-09-10 08:47:52,385 INFO  ExportHelperExtension.cs: 1125 - Retrieving features of type [RefAxis] from Ç°°Ú±ÛºáÁº-1
2025-09-10 08:47:52,385 INFO  ExportHelperExtension.cs: 1136 - Found 29 in Ç°°Ú±ÛºáÁº-1
2025-09-10 08:47:52,385 INFO  ExportHelperExtension.cs: 1145 - Found 0 features of type [RefAxis] in Ç°°Ú±ÛºáÁº-1
2025-09-10 08:47:52,386 INFO  ExportHelperExtension.cs: 1125 - Retrieving features of type [RefAxis] from ¼ÓÇ¿½î-2
2025-09-10 08:47:52,386 INFO  ExportHelperExtension.cs: 1136 - Found 25 in ¼ÓÇ¿½î-2
2025-09-10 08:47:52,386 INFO  ExportHelperExtension.cs: 1145 - Found 0 features of type [RefAxis] in ¼ÓÇ¿½î-2
2025-09-10 08:47:52,386 INFO  ExportHelperExtension.cs: 1125 - Retrieving features of type [RefAxis] from ¼ÓÇ¿½î-9
2025-09-10 08:47:52,386 INFO  ExportHelperExtension.cs: 1136 - Found 25 in ¼ÓÇ¿½î-9
2025-09-10 08:47:52,386 INFO  ExportHelperExtension.cs: 1145 - Found 0 features of type [RefAxis] in ¼ÓÇ¿½î-9
2025-09-10 08:47:52,387 INFO  ExportHelperExtension.cs: 1125 - Retrieving features of type [RefAxis] from µç»ú¹Ì¶¨°å-1
2025-09-10 08:47:52,387 INFO  ExportHelperExtension.cs: 1136 - Found 38 in µç»ú¹Ì¶¨°å-1
2025-09-10 08:47:52,387 INFO  ExportHelperExtension.cs: 1145 - Found 0 features of type [RefAxis] in µç»ú¹Ì¶¨°å-1
2025-09-10 08:47:52,387 INFO  ExportHelperExtension.cs: 1125 - Retrieving features of type [RefAxis] from ¼ÓÇ¿½î-12
2025-09-10 08:47:52,387 INFO  ExportHelperExtension.cs: 1136 - Found 25 in ¼ÓÇ¿½î-12
2025-09-10 08:47:52,387 INFO  ExportHelperExtension.cs: 1145 - Found 0 features of type [RefAxis] in ¼ÓÇ¿½î-12
2025-09-10 08:47:52,388 INFO  ExportHelperExtension.cs: 1125 - Retrieving features of type [RefAxis] from ¶þ²ãÁ¬½Ó¼þ£¨×óÓÒ£©-1
2025-09-10 08:47:52,388 INFO  ExportHelperExtension.cs: 1136 - Found 34 in ¶þ²ãÁ¬½Ó¼þ£¨×óÓÒ£©-1
2025-09-10 08:47:52,388 INFO  ExportHelperExtension.cs: 1145 - Found 0 features of type [RefAxis] in ¶þ²ãÁ¬½Ó¼þ£¨×óÓÒ£©-1
2025-09-10 08:47:52,389 INFO  ExportHelperExtension.cs: 1125 - Retrieving features of type [RefAxis] from ÂÖì±µç»ú-2
2025-09-10 08:47:52,389 INFO  ExportHelperExtension.cs: 1136 - Found 24 in ÂÖì±µç»ú-2
2025-09-10 08:47:52,389 INFO  ExportHelperExtension.cs: 1145 - Found 0 features of type [RefAxis] in ÂÖì±µç»ú-2
2025-09-10 08:47:52,389 INFO  ExportHelperExtension.cs: 1125 - Retrieving features of type [RefAxis] from ¼ÓÇ¿½î-1
2025-09-10 08:47:52,390 INFO  ExportHelperExtension.cs: 1136 - Found 25 in ¼ÓÇ¿½î-1
2025-09-10 08:47:52,390 INFO  ExportHelperExtension.cs: 1145 - Found 0 features of type [RefAxis] in ¼ÓÇ¿½î-1
2025-09-10 08:47:52,390 INFO  ExportHelperExtension.cs: 1125 - Retrieving features of type [RefAxis] from ¼ÓÇ¿½î-6
2025-09-10 08:47:52,390 INFO  ExportHelperExtension.cs: 1136 - Found 25 in ¼ÓÇ¿½î-6
2025-09-10 08:47:52,390 INFO  ExportHelperExtension.cs: 1145 - Found 0 features of type [RefAxis] in ¼ÓÇ¿½î-6
2025-09-10 08:47:52,390 INFO  ExportHelperExtension.cs: 1125 - Retrieving features of type [RefAxis] from ÂÖì±µç»ú-1
2025-09-10 08:47:52,391 INFO  ExportHelperExtension.cs: 1136 - Found 24 in ÂÖì±µç»ú-1
2025-09-10 08:47:52,391 INFO  ExportHelperExtension.cs: 1145 - Found 0 features of type [RefAxis] in ÂÖì±µç»ú-1
2025-09-10 08:47:52,391 INFO  ExportHelperExtension.cs: 1125 - Retrieving features of type [RefAxis] from ¼ÓÇ¿½î-3
2025-09-10 08:47:52,391 INFO  ExportHelperExtension.cs: 1136 - Found 25 in ¼ÓÇ¿½î-3
2025-09-10 08:47:52,391 INFO  ExportHelperExtension.cs: 1145 - Found 0 features of type [RefAxis] in ¼ÓÇ¿½î-3
2025-09-10 08:47:52,391 INFO  ExportHelperExtension.cs: 1125 - Retrieving features of type [RefAxis] from ¼ÓÇ¿½î-10
2025-09-10 08:47:52,392 INFO  ExportHelperExtension.cs: 1136 - Found 25 in ¼ÓÇ¿½î-10
2025-09-10 08:47:52,392 INFO  ExportHelperExtension.cs: 1145 - Found 0 features of type [RefAxis] in ¼ÓÇ¿½î-10
2025-09-10 08:47:52,392 INFO  ExportHelperExtension.cs: 1125 - Retrieving features of type [RefAxis] from ¶þ²ãÁ¬½Ó¼þ£¨×óÓÒ£©-2
2025-09-10 08:47:52,392 INFO  ExportHelperExtension.cs: 1136 - Found 34 in ¶þ²ãÁ¬½Ó¼þ£¨×óÓÒ£©-2
2025-09-10 08:47:52,392 INFO  ExportHelperExtension.cs: 1145 - Found 0 features of type [RefAxis] in ¶þ²ãÁ¬½Ó¼þ£¨×óÓÒ£©-2
2025-09-10 08:47:52,393 INFO  ExportHelperExtension.cs: 1125 - Retrieving features of type [RefAxis] from ¶þ²ãÁ¬½Ó¼þ£¨Ç°£©-1
2025-09-10 08:47:52,393 INFO  ExportHelperExtension.cs: 1136 - Found 42 in ¶þ²ãÁ¬½Ó¼þ£¨Ç°£©-1
2025-09-10 08:47:52,393 INFO  ExportHelperExtension.cs: 1145 - Found 0 features of type [RefAxis] in ¶þ²ãÁ¬½Ó¼þ£¨Ç°£©-1
2025-09-10 08:47:52,393 INFO  ExportHelperExtension.cs: 1125 - Retrieving features of type [RefAxis] from µ×ÅÌ¼ÓÇ¿½î£¨ºá£©-1
2025-09-10 08:47:52,393 INFO  ExportHelperExtension.cs: 1136 - Found 29 in µ×ÅÌ¼ÓÇ¿½î£¨ºá£©-1
2025-09-10 08:47:52,394 INFO  ExportHelperExtension.cs: 1145 - Found 0 features of type [RefAxis] in µ×ÅÌ¼ÓÇ¿½î£¨ºá£©-1
2025-09-10 08:47:52,394 INFO  ExportHelperExtension.cs: 1125 - Retrieving features of type [RefAxis] from µ×ÅÌ¼ÓÇ¿½î£¨×Ý£©-1
2025-09-10 08:47:52,394 INFO  ExportHelperExtension.cs: 1136 - Found 31 in µ×ÅÌ¼ÓÇ¿½î£¨×Ý£©-1
2025-09-10 08:47:52,394 INFO  ExportHelperExtension.cs: 1145 - Found 0 features of type [RefAxis] in µ×ÅÌ¼ÓÇ¿½î£¨×Ý£©-1
2025-09-10 08:47:52,397 INFO  ExportHelperExtension.cs: 1125 - Retrieving features of type [RefAxis] from µç³ØºÐ-1
2025-09-10 08:47:52,420 INFO  ExportHelperExtension.cs: 1136 - Found 38 in µç³ØºÐ-1
2025-09-10 08:47:52,420 INFO  ExportHelperExtension.cs: 1145 - Found 0 features of type [RefAxis] in µç³ØºÐ-1
2025-09-10 08:47:52,421 INFO  ExportHelperExtension.cs: 1125 - Retrieving features of type [RefAxis] from ¼ÓÇ¿½î-13
2025-09-10 08:47:52,421 INFO  ExportHelperExtension.cs: 1136 - Found 25 in ¼ÓÇ¿½î-13
2025-09-10 08:47:52,421 INFO  ExportHelperExtension.cs: 1145 - Found 0 features of type [RefAxis] in ¼ÓÇ¿½î-13
2025-09-10 08:47:52,421 INFO  ExportHelperExtension.cs: 1125 - Retrieving features of type [RefAxis] from ¼ÓÇ¿½î-15
2025-09-10 08:47:52,421 INFO  ExportHelperExtension.cs: 1136 - Found 25 in ¼ÓÇ¿½î-15
2025-09-10 08:47:52,422 INFO  ExportHelperExtension.cs: 1145 - Found 0 features of type [RefAxis] in ¼ÓÇ¿½î-15
2025-09-10 08:47:52,422 INFO  ExportHelperExtension.cs: 1125 - Retrieving features of type [RefAxis] from ¼ÓÇ¿½î-17
2025-09-10 08:47:52,422 INFO  ExportHelperExtension.cs: 1136 - Found 25 in ¼ÓÇ¿½î-17
2025-09-10 08:47:52,422 INFO  ExportHelperExtension.cs: 1145 - Found 0 features of type [RefAxis] in ¼ÓÇ¿½î-17
2025-09-10 08:47:52,422 INFO  ExportHelperExtension.cs: 1125 - Retrieving features of type [RefAxis] from ZLAC8015D-V2_0-20210223.STEP-1
2025-09-10 08:47:52,422 INFO  ExportHelperExtension.cs: 1136 - Found 31 in ZLAC8015D-V2_0-20210223.STEP-1
2025-09-10 08:47:52,423 INFO  ExportHelperExtension.cs: 1145 - Found 0 features of type [RefAxis] in ZLAC8015D-V2_0-20210223.STEP-1
2025-09-10 08:47:52,423 INFO  ExportHelperExtension.cs: 1125 - Retrieving features of type [RefAxis] from µç³Ø²Ö£¨Ç°£©-1
2025-09-10 08:47:52,423 INFO  ExportHelperExtension.cs: 1136 - Found 25 in µç³Ø²Ö£¨Ç°£©-1
2025-09-10 08:47:52,423 INFO  ExportHelperExtension.cs: 1145 - Found 0 features of type [RefAxis] in µç³Ø²Ö£¨Ç°£©-1
2025-09-10 08:47:52,423 INFO  ExportHelperExtension.cs: 1125 - Retrieving features of type [RefAxis] from ¶þ²ã²àÃæÖ§³Å°å-6
2025-09-10 08:47:52,423 INFO  ExportHelperExtension.cs: 1136 - Found 32 in ¶þ²ã²àÃæÖ§³Å°å-6
2025-09-10 08:47:52,424 INFO  ExportHelperExtension.cs: 1145 - Found 0 features of type [RefAxis] in ¶þ²ã²àÃæÖ§³Å°å-6
2025-09-10 08:47:52,424 INFO  ExportHelperExtension.cs: 1125 - Retrieving features of type [RefAxis] from ¶þ²ã²àÃæÖ§³Å°å-1
2025-09-10 08:47:52,424 INFO  ExportHelperExtension.cs: 1136 - Found 32 in ¶þ²ã²àÃæÖ§³Å°å-1
2025-09-10 08:47:52,424 INFO  ExportHelperExtension.cs: 1145 - Found 0 features of type [RefAxis] in ¶þ²ã²àÃæÖ§³Å°å-1
2025-09-10 08:47:52,425 INFO  ExportHelperExtension.cs: 1125 - Retrieving features of type [RefAxis] from ¶þ²ã²àÃæÖ§³Å°å-7
2025-09-10 08:47:52,425 INFO  ExportHelperExtension.cs: 1136 - Found 32 in ¶þ²ã²àÃæÖ§³Å°å-7
2025-09-10 08:47:52,425 INFO  ExportHelperExtension.cs: 1145 - Found 0 features of type [RefAxis] in ¶þ²ã²àÃæÖ§³Å°å-7
2025-09-10 08:47:52,425 INFO  ExportHelperExtension.cs: 1125 - Retrieving features of type [RefAxis] from ¶þ²ã²àÃæÖ§³Å°å-8
2025-09-10 08:47:52,425 INFO  ExportHelperExtension.cs: 1136 - Found 32 in ¶þ²ã²àÃæÖ§³Å°å-8
2025-09-10 08:47:52,426 INFO  ExportHelperExtension.cs: 1145 - Found 0 features of type [RefAxis] in ¶þ²ã²àÃæÖ§³Å°å-8
2025-09-10 08:47:52,426 INFO  ExportHelperExtension.cs: 1125 - Retrieving features of type [RefAxis] from µç³Ø²Ö£¨Ç°£©-2
2025-09-10 08:47:52,432 INFO  ExportHelperExtension.cs: 1136 - Found 25 in µç³Ø²Ö£¨Ç°£©-2
2025-09-10 08:47:52,432 INFO  ExportHelperExtension.cs: 1145 - Found 0 features of type [RefAxis] in µç³Ø²Ö£¨Ç°£©-2
2025-09-10 08:47:52,432 INFO  ExportHelperExtension.cs: 1125 - Retrieving features of type [RefAxis] from µç³Ø²Ö£¨ºó£©-1
2025-09-10 08:47:52,432 INFO  ExportHelperExtension.cs: 1136 - Found 27 in µç³Ø²Ö£¨ºó£©-1
2025-09-10 08:47:52,433 INFO  ExportHelperExtension.cs: 1145 - Found 0 features of type [RefAxis] in µç³Ø²Ö£¨ºó£©-1
2025-09-10 08:47:52,433 INFO  ExportHelperExtension.cs: 1125 - Retrieving features of type [RefAxis] from µç³Ø²Ö£¨²à£©-1
2025-09-10 08:47:52,433 INFO  ExportHelperExtension.cs: 1136 - Found 29 in µç³Ø²Ö£¨²à£©-1
2025-09-10 08:47:52,433 INFO  ExportHelperExtension.cs: 1145 - Found 0 features of type [RefAxis] in µç³Ø²Ö£¨²à£©-1
2025-09-10 08:47:52,433 INFO  ExportHelperExtension.cs: 1125 - Retrieving features of type [RefAxis] from µç³Ø²Ö£¨²à£©-2
2025-09-10 08:47:52,433 INFO  ExportHelperExtension.cs: 1136 - Found 29 in µç³Ø²Ö£¨²à£©-2
2025-09-10 08:47:52,434 INFO  ExportHelperExtension.cs: 1145 - Found 0 features of type [RefAxis] in µç³Ø²Ö£¨²à£©-2
2025-09-10 08:47:52,434 INFO  ExportHelperExtension.cs: 1125 - Retrieving features of type [RefAxis] from µç³Ø²Ö£¨µ×£©-1
2025-09-10 08:47:52,434 INFO  ExportHelperExtension.cs: 1136 - Found 30 in µç³Ø²Ö£¨µ×£©-1
2025-09-10 08:47:52,434 INFO  ExportHelperExtension.cs: 1145 - Found 0 features of type [RefAxis] in µç³Ø²Ö£¨µ×£©-1
2025-09-10 08:47:52,434 INFO  ExportHelperExtension.cs: 1125 - Retrieving features of type [RefAxis] from ¶þ²ã²àÃæÖ§³Å°å-4
2025-09-10 08:47:52,435 INFO  ExportHelperExtension.cs: 1136 - Found 32 in ¶þ²ã²àÃæÖ§³Å°å-4
2025-09-10 08:47:52,435 INFO  ExportHelperExtension.cs: 1145 - Found 0 features of type [RefAxis] in ¶þ²ã²àÃæÖ§³Å°å-4
2025-09-10 08:47:52,435 INFO  ExportHelperExtension.cs: 1125 - Retrieving features of type [RefAxis] from ÔØÖØ»·-1
2025-09-10 08:47:52,435 INFO  ExportHelperExtension.cs: 1136 - Found 199 in ÔØÖØ»·-1
2025-09-10 08:47:52,436 INFO  ExportHelperExtension.cs: 1145 - Found 0 features of type [RefAxis] in ÔØÖØ»·-1
2025-09-10 08:47:52,436 INFO  ExportHelperExtension.cs: 1125 - Retrieving features of type [RefAxis] from ¶þ²ã²àÃæÖ§³Å°å-5
2025-09-10 08:47:52,437 INFO  ExportHelperExtension.cs: 1136 - Found 32 in ¶þ²ã²àÃæÖ§³Å°å-5
2025-09-10 08:47:52,437 INFO  ExportHelperExtension.cs: 1145 - Found 0 features of type [RefAxis] in ¶þ²ã²àÃæÖ§³Å°å-5
2025-09-10 08:47:52,437 INFO  ExportHelperExtension.cs: 1125 - Retrieving features of type [RefAxis] from ÂÁÐÍ²Ä3030-300-1
2025-09-10 08:47:52,437 INFO  ExportHelperExtension.cs: 1136 - Found 26 in ÂÁÐÍ²Ä3030-300-1
2025-09-10 08:47:52,437 INFO  ExportHelperExtension.cs: 1145 - Found 0 features of type [RefAxis] in ÂÁÐÍ²Ä3030-300-1
2025-09-10 08:47:52,437 INFO  ExportHelperExtension.cs: 1125 - Retrieving features of type [RefAxis] from Íâ¿Ç£¨ºó£©1-1
2025-09-10 08:47:52,438 INFO  ExportHelperExtension.cs: 1136 - Found 48 in Íâ¿Ç£¨ºó£©1-1
2025-09-10 08:47:52,438 INFO  ExportHelperExtension.cs: 1145 - Found 0 features of type [RefAxis] in Íâ¿Ç£¨ºó£©1-1
2025-09-10 08:47:52,438 INFO  ExportHelperExtension.cs: 1125 - Retrieving features of type [RefAxis] from ÂÁÐÍ²Ä3030-300-3
2025-09-10 08:47:52,438 INFO  ExportHelperExtension.cs: 1136 - Found 26 in ÂÁÐÍ²Ä3030-300-3
2025-09-10 08:47:52,438 INFO  ExportHelperExtension.cs: 1145 - Found 0 features of type [RefAxis] in ÂÁÐÍ²Ä3030-300-3
2025-09-10 08:47:52,439 INFO  ExportHelperExtension.cs: 1125 - Retrieving features of type [RefAxis] from Íâ¿ÇÁ¬½Ó¼ÓÇ¿¼þ-2
2025-09-10 08:47:52,439 INFO  ExportHelperExtension.cs: 1136 - Found 42 in Íâ¿ÇÁ¬½Ó¼ÓÇ¿¼þ-2
2025-09-10 08:47:52,439 INFO  ExportHelperExtension.cs: 1145 - Found 0 features of type [RefAxis] in Íâ¿ÇÁ¬½Ó¼ÓÇ¿¼þ-2
2025-09-10 08:47:52,439 INFO  ExportHelperExtension.cs: 1125 - Retrieving features of type [RefAxis] from Íâ¿ÇÁ¬½Ó¼ÓÇ¿¼þ-4
2025-09-10 08:47:52,439 INFO  ExportHelperExtension.cs: 1136 - Found 42 in Íâ¿ÇÁ¬½Ó¼ÓÇ¿¼þ-4
2025-09-10 08:47:52,439 INFO  ExportHelperExtension.cs: 1145 - Found 0 features of type [RefAxis] in Íâ¿ÇÁ¬½Ó¼ÓÇ¿¼þ-4
2025-09-10 08:47:52,440 INFO  ExportHelperExtension.cs: 1125 - Retrieving features of type [RefAxis] from ÆÁÄ»¹Ì¶¨°å£¨²àÃæ£©-1
2025-09-10 08:47:52,440 INFO  ExportHelperExtension.cs: 1136 - Found 25 in ÆÁÄ»¹Ì¶¨°å£¨²àÃæ£©-1
2025-09-10 08:47:52,440 INFO  ExportHelperExtension.cs: 1145 - Found 0 features of type [RefAxis] in ÆÁÄ»¹Ì¶¨°å£¨²àÃæ£©-1
2025-09-10 08:47:52,440 INFO  ExportHelperExtension.cs: 1125 - Retrieving features of type [RefAxis] from MIIVII EVO ONX_V2.0.01-1
2025-09-10 08:47:52,440 INFO  ExportHelperExtension.cs: 1136 - Found 36 in MIIVII EVO ONX_V2.0.01-1
2025-09-10 08:47:52,441 INFO  ExportHelperExtension.cs: 1145 - Found 0 features of type [RefAxis] in MIIVII EVO ONX_V2.0.01-1
2025-09-10 08:47:52,441 INFO  ExportHelperExtension.cs: 1125 - Retrieving features of type [RefAxis] from ÔØ°å-1
2025-09-10 08:47:52,441 INFO  ExportHelperExtension.cs: 1136 - Found 39 in ÔØ°å-1
2025-09-10 08:47:52,441 INFO  ExportHelperExtension.cs: 1145 - Found 0 features of type [RefAxis] in ÔØ°å-1
2025-09-10 08:47:52,441 INFO  ExportHelperExtension.cs: 1125 - Retrieving features of type [RefAxis] from ·öÊÖ-1
2025-09-10 08:47:52,442 INFO  ExportHelperExtension.cs: 1136 - Found 39 in ·öÊÖ-1
2025-09-10 08:47:52,442 INFO  ExportHelperExtension.cs: 1145 - Found 0 features of type [RefAxis] in ·öÊÖ-1
2025-09-10 08:47:52,442 INFO  ExportHelperExtension.cs: 1125 - Retrieving features of type [RefAxis] from À×´ï_À×ÉñN10-1
2025-09-10 08:47:52,442 INFO  ExportHelperExtension.cs: 1136 - Found 36 in À×´ï_À×ÉñN10-1
2025-09-10 08:47:52,442 INFO  ExportHelperExtension.cs: 1145 - Found 0 features of type [RefAxis] in À×´ï_À×ÉñN10-1
2025-09-10 08:47:52,442 INFO  ExportHelperExtension.cs: 1125 - Retrieving features of type [RefAxis] from Íâ¿Ç£¨²à£©2-1
2025-09-10 08:47:52,443 INFO  ExportHelperExtension.cs: 1136 - Found 50 in Íâ¿Ç£¨²à£©2-1
2025-09-10 08:47:52,443 INFO  ExportHelperExtension.cs: 1145 - Found 0 features of type [RefAxis] in Íâ¿Ç£¨²à£©2-1
2025-09-10 08:47:52,443 INFO  ExportHelperExtension.cs: 1125 - Retrieving features of type [RefAxis] from ¹ßµ¼Ä£¿é_·ÀË®°æN100WP(N200WP_N300WP)¿Í»§Í¼-1
2025-09-10 08:47:52,443 INFO  ExportHelperExtension.cs: 1136 - Found 36 in ¹ßµ¼Ä£¿é_·ÀË®°æN100WP(N200WP_N300WP)¿Í»§Í¼-1
2025-09-10 08:47:52,443 INFO  ExportHelperExtension.cs: 1145 - Found 0 features of type [RefAxis] in ¹ßµ¼Ä£¿é_·ÀË®°æN100WP(N200WP_N300WP)¿Í»§Í¼-1
2025-09-10 08:47:52,444 INFO  ExportHelperExtension.cs: 1125 - Retrieving features of type [RefAxis] from ÆÁÄ»-1
2025-09-10 08:47:52,444 INFO  ExportHelperExtension.cs: 1136 - Found 31 in ÆÁÄ»-1
2025-09-10 08:47:52,444 INFO  ExportHelperExtension.cs: 1145 - Found 0 features of type [RefAxis] in ÆÁÄ»-1
2025-09-10 08:47:52,444 INFO  ExportHelperExtension.cs: 1125 - Retrieving features of type [RefAxis] from Íâ¿Ç£¨Ç°£©1-1
2025-09-10 08:47:52,445 INFO  ExportHelperExtension.cs: 1136 - Found 62 in Íâ¿Ç£¨Ç°£©1-1
2025-09-10 08:47:52,445 INFO  ExportHelperExtension.cs: 1145 - Found 0 features of type [RefAxis] in Íâ¿Ç£¨Ç°£©1-1
2025-09-10 08:47:52,445 INFO  ExportHelperExtension.cs: 1125 - Retrieving features of type [RefAxis] from ¶þ²ã²àÃæÖ§³Å°å£¨Ç°£©-1
2025-09-10 08:47:52,445 INFO  ExportHelperExtension.cs: 1136 - Found 28 in ¶þ²ã²àÃæÖ§³Å°å£¨Ç°£©-1
2025-09-10 08:47:52,446 INFO  ExportHelperExtension.cs: 1145 - Found 0 features of type [RefAxis] in ¶þ²ã²àÃæÖ§³Å°å£¨Ç°£©-1
2025-09-10 08:47:52,446 INFO  ExportHelperExtension.cs: 1125 - Retrieving features of type [RefAxis] from ÆÁÄ»¹Ì¶¨°å£¨µ×Ãæ£©-1
2025-09-10 08:47:52,446 INFO  ExportHelperExtension.cs: 1136 - Found 25 in ÆÁÄ»¹Ì¶¨°å£¨µ×Ãæ£©-1
2025-09-10 08:47:52,446 INFO  ExportHelperExtension.cs: 1145 - Found 0 features of type [RefAxis] in ÆÁÄ»¹Ì¶¨°å£¨µ×Ãæ£©-1
2025-09-10 08:47:52,446 INFO  ExportHelperExtension.cs: 1125 - Retrieving features of type [RefAxis] from ÎÞÏß³äµçÄ£¿é2-1
2025-09-10 08:47:52,447 INFO  ExportHelperExtension.cs: 1136 - Found 23 in ÎÞÏß³äµçÄ£¿é2-1
2025-09-10 08:47:52,447 INFO  ExportHelperExtension.cs: 1145 - Found 0 features of type [RefAxis] in ÎÞÏß³äµçÄ£¿é2-1
2025-09-10 08:47:52,447 INFO  ExportHelperExtension.cs: 1125 - Retrieving features of type [RefAxis] from ÆÁÄ»¹Ì¶¨°å£¨²àÃæ£©-2
2025-09-10 08:47:52,447 INFO  ExportHelperExtension.cs: 1136 - Found 25 in ÆÁÄ»¹Ì¶¨°å£¨²àÃæ£©-2
2025-09-10 08:47:52,447 INFO  ExportHelperExtension.cs: 1145 - Found 0 features of type [RefAxis] in ÆÁÄ»¹Ì¶¨°å£¨²àÃæ£©-2
2025-09-10 08:47:52,447 INFO  ExportHelperExtension.cs: 1125 - Retrieving features of type [RefAxis] from Íâ¿Ç£¨²à£©1-1
2025-09-10 08:47:52,448 INFO  ExportHelperExtension.cs: 1136 - Found 50 in Íâ¿Ç£¨²à£©1-1
2025-09-10 08:47:52,448 INFO  ExportHelperExtension.cs: 1145 - Found 0 features of type [RefAxis] in Íâ¿Ç£¨²à£©1-1
2025-09-10 08:47:52,448 INFO  ExportHelperExtension.cs: 1125 - Retrieving features of type [RefAxis] from ·öÊÖ-2
2025-09-10 08:47:52,448 INFO  ExportHelperExtension.cs: 1136 - Found 39 in ·öÊÖ-2
2025-09-10 08:47:52,448 INFO  ExportHelperExtension.cs: 1145 - Found 0 features of type [RefAxis] in ·öÊÖ-2
2025-09-10 08:47:52,450 INFO  ExportHelperExtension.cs: 1125 - Retrieving features of type [RefAxis] from ¶þ²ã²àÃæÖ§³Å°å£¨Ç°£©-2
2025-09-10 08:47:52,467 INFO  ExportHelperExtension.cs: 1136 - Found 28 in ¶þ²ã²àÃæÖ§³Å°å£¨Ç°£©-2
2025-09-10 08:47:52,467 INFO  ExportHelperExtension.cs: 1145 - Found 0 features of type [RefAxis] in ¶þ²ã²àÃæÖ§³Å°å£¨Ç°£©-2
2025-09-10 08:47:52,468 INFO  ExportHelperExtension.cs: 1125 - Retrieving features of type [RefAxis] from ÂÁÐÍ²Ä3030-300-2
2025-09-10 08:47:52,468 INFO  ExportHelperExtension.cs: 1136 - Found 26 in ÂÁÐÍ²Ä3030-300-2
2025-09-10 08:47:52,468 INFO  ExportHelperExtension.cs: 1145 - Found 0 features of type [RefAxis] in ÂÁÐÍ²Ä3030-300-2
2025-09-10 08:47:52,469 INFO  ExportHelperExtension.cs: 1125 - Retrieving features of type [RefAxis] from ÂÁÐÍ²Ä3030-1300-1
2025-09-10 08:47:52,469 INFO  ExportHelperExtension.cs: 1136 - Found 26 in ÂÁÐÍ²Ä3030-1300-1
2025-09-10 08:47:52,469 INFO  ExportHelperExtension.cs: 1145 - Found 0 features of type [RefAxis] in ÂÁÐÍ²Ä3030-1300-1
2025-09-10 08:47:52,469 INFO  ExportHelperExtension.cs: 1125 - Retrieving features of type [RefAxis] from ÂÁÐÍ²Ä3030-1300-2
2025-09-10 08:47:52,469 INFO  ExportHelperExtension.cs: 1136 - Found 26 in ÂÁÐÍ²Ä3030-1300-2
2025-09-10 08:47:52,470 INFO  ExportHelperExtension.cs: 1145 - Found 0 features of type [RefAxis] in ÂÁÐÍ²Ä3030-1300-2
2025-09-10 08:47:52,470 INFO  ExportHelperExtension.cs: 1125 - Retrieving features of type [RefAxis] from Íâ¿ÇÁ¬½Ó¼ÓÇ¿¼þ-1
2025-09-10 08:47:52,470 INFO  ExportHelperExtension.cs: 1136 - Found 42 in Íâ¿ÇÁ¬½Ó¼ÓÇ¿¼þ-1
2025-09-10 08:47:52,470 INFO  ExportHelperExtension.cs: 1145 - Found 0 features of type [RefAxis] in Íâ¿ÇÁ¬½Ó¼ÓÇ¿¼þ-1
2025-09-10 08:47:52,470 INFO  ExportHelperExtension.cs: 1125 - Retrieving features of type [RefAxis] from Íâ¿ÇÁ¬½Ó¼ÓÇ¿¼þ-3
2025-09-10 08:47:52,471 INFO  ExportHelperExtension.cs: 1136 - Found 42 in Íâ¿ÇÁ¬½Ó¼ÓÇ¿¼þ-3
2025-09-10 08:47:52,471 INFO  ExportHelperExtension.cs: 1145 - Found 0 features of type [RefAxis] in Íâ¿ÇÁ¬½Ó¼ÓÇ¿¼þ-3
2025-09-10 08:47:52,471 INFO  ExportHelperExtension.cs: 1125 - Retrieving features of type [RefAxis] from Íâ¿ÇÁ¬½Ó¼ÓÇ¿¼þ-7
2025-09-10 08:47:52,471 INFO  ExportHelperExtension.cs: 1136 - Found 42 in Íâ¿ÇÁ¬½Ó¼ÓÇ¿¼þ-7
2025-09-10 08:47:52,471 INFO  ExportHelperExtension.cs: 1145 - Found 0 features of type [RefAxis] in Íâ¿ÇÁ¬½Ó¼ÓÇ¿¼þ-7
2025-09-10 08:47:52,472 INFO  ExportHelperExtension.cs: 1125 - Retrieving features of type [RefAxis] from Íâ¿ÇÁ¬½Ó¼ÓÇ¿¼þ-5
2025-09-10 08:47:52,472 INFO  ExportHelperExtension.cs: 1136 - Found 42 in Íâ¿ÇÁ¬½Ó¼ÓÇ¿¼þ-5
2025-09-10 08:47:52,472 INFO  ExportHelperExtension.cs: 1145 - Found 0 features of type [RefAxis] in Íâ¿ÇÁ¬½Ó¼ÓÇ¿¼þ-5
2025-09-10 08:47:52,472 INFO  ExportHelperExtension.cs: 1125 - Retrieving features of type [RefAxis] from Íâ¿ÇÁ¬½Ó¼ÓÇ¿¼þ-10
2025-09-10 08:47:52,472 INFO  ExportHelperExtension.cs: 1136 - Found 42 in Íâ¿ÇÁ¬½Ó¼ÓÇ¿¼þ-10
2025-09-10 08:47:52,472 INFO  ExportHelperExtension.cs: 1145 - Found 0 features of type [RefAxis] in Íâ¿ÇÁ¬½Ó¼ÓÇ¿¼þ-10
2025-09-10 08:47:52,473 INFO  ExportHelperExtension.cs: 1125 - Retrieving features of type [RefAxis] from Íâ¿ÇÁ¬½Ó¼ÓÇ¿¼þ-11
2025-09-10 08:47:52,473 INFO  ExportHelperExtension.cs: 1136 - Found 42 in Íâ¿ÇÁ¬½Ó¼ÓÇ¿¼þ-11
2025-09-10 08:47:52,473 INFO  ExportHelperExtension.cs: 1145 - Found 0 features of type [RefAxis] in Íâ¿ÇÁ¬½Ó¼ÓÇ¿¼þ-11
2025-09-10 08:47:52,473 INFO  ExportHelperExtension.cs: 1125 - Retrieving features of type [RefAxis] from Ïð½º¼õÕðÆ÷M4-12 D15-H10-2
2025-09-10 08:47:52,473 INFO  ExportHelperExtension.cs: 1136 - Found 27 in Ïð½º¼õÕðÆ÷M4-12 D15-H10-2
2025-09-10 08:47:52,473 INFO  ExportHelperExtension.cs: 1145 - Found 0 features of type [RefAxis] in Ïð½º¼õÕðÆ÷M4-12 D15-H10-2
2025-09-10 08:47:52,474 INFO  ExportHelperExtension.cs: 1125 - Retrieving features of type [RefAxis] from ÆÁÄ»¹Ì¶¨°å-2
2025-09-10 08:47:52,474 INFO  ExportHelperExtension.cs: 1136 - Found 27 in ÆÁÄ»¹Ì¶¨°å-2
2025-09-10 08:47:52,474 INFO  ExportHelperExtension.cs: 1145 - Found 0 features of type [RefAxis] in ÆÁÄ»¹Ì¶¨°å-2
2025-09-10 08:47:52,474 INFO  ExportHelperExtension.cs: 1125 - Retrieving features of type [RefAxis] from Íâ¿ÇÁ¬½Ó¼ÓÇ¿¼þ-6
2025-09-10 08:47:52,474 INFO  ExportHelperExtension.cs: 1136 - Found 42 in Íâ¿ÇÁ¬½Ó¼ÓÇ¿¼þ-6
2025-09-10 08:47:52,475 INFO  ExportHelperExtension.cs: 1145 - Found 0 features of type [RefAxis] in Íâ¿ÇÁ¬½Ó¼ÓÇ¿¼þ-6
2025-09-10 08:47:52,475 INFO  ExportHelperExtension.cs: 1125 - Retrieving features of type [RefAxis] from Íâ¿ÇÁ¬½Ó¼ÓÇ¿¼þ-9
2025-09-10 08:47:52,475 INFO  ExportHelperExtension.cs: 1136 - Found 42 in Íâ¿ÇÁ¬½Ó¼ÓÇ¿¼þ-9
2025-09-10 08:47:52,475 INFO  ExportHelperExtension.cs: 1145 - Found 0 features of type [RefAxis] in Íâ¿ÇÁ¬½Ó¼ÓÇ¿¼þ-9
2025-09-10 08:47:52,475 INFO  ExportHelperExtension.cs: 1125 - Retrieving features of type [RefAxis] from ÆÁÄ»¹Ì¶¨°å-1
2025-09-10 08:47:52,475 INFO  ExportHelperExtension.cs: 1136 - Found 27 in ÆÁÄ»¹Ì¶¨°å-1
2025-09-10 08:47:52,476 INFO  ExportHelperExtension.cs: 1145 - Found 0 features of type [RefAxis] in ÆÁÄ»¹Ì¶¨°å-1
2025-09-10 08:47:52,476 INFO  ExportHelperExtension.cs: 1125 - Retrieving features of type [RefAxis] from Ïð½º¼õÕðÆ÷M4-12 D15-H10-1
2025-09-10 08:47:52,476 INFO  ExportHelperExtension.cs: 1136 - Found 27 in Ïð½º¼õÕðÆ÷M4-12 D15-H10-1
2025-09-10 08:47:52,476 INFO  ExportHelperExtension.cs: 1145 - Found 0 features of type [RefAxis] in Ïð½º¼õÕðÆ÷M4-12 D15-H10-1
2025-09-10 08:47:52,476 INFO  ExportHelperExtension.cs: 1125 - Retrieving features of type [RefAxis] from Íâ¿ÇÁ¬½Ó¼ÓÇ¿¼þ-12
2025-09-10 08:47:52,476 INFO  ExportHelperExtension.cs: 1136 - Found 42 in Íâ¿ÇÁ¬½Ó¼ÓÇ¿¼þ-12
2025-09-10 08:47:52,477 INFO  ExportHelperExtension.cs: 1145 - Found 0 features of type [RefAxis] in Íâ¿ÇÁ¬½Ó¼ÓÇ¿¼þ-12
2025-09-10 08:47:52,477 INFO  ExportHelperExtension.cs: 1125 - Retrieving features of type [RefAxis] from ÂÁÐÍ²Ä3030-1000-1
2025-09-10 08:47:52,477 INFO  ExportHelperExtension.cs: 1136 - Found 26 in ÂÁÐÍ²Ä3030-1000-1
2025-09-10 08:47:52,477 INFO  ExportHelperExtension.cs: 1145 - Found 0 features of type [RefAxis] in ÂÁÐÍ²Ä3030-1000-1
2025-09-10 08:47:52,477 INFO  ExportHelperExtension.cs: 1125 - Retrieving features of type [RefAxis] from ÂÁÐÍ²Ä3030-300-5
2025-09-10 08:47:52,477 INFO  ExportHelperExtension.cs: 1136 - Found 26 in ÂÁÐÍ²Ä3030-300-5
2025-09-10 08:47:52,478 INFO  ExportHelperExtension.cs: 1145 - Found 0 features of type [RefAxis] in ÂÁÐÍ²Ä3030-300-5
2025-09-10 08:47:52,478 INFO  ExportHelperExtension.cs: 1125 - Retrieving features of type [RefAxis] from µÆÌõ¹Ì¶¨¼þ1-1
2025-09-10 08:47:52,478 INFO  ExportHelperExtension.cs: 1136 - Found 31 in µÆÌõ¹Ì¶¨¼þ1-1
2025-09-10 08:47:52,478 INFO  ExportHelperExtension.cs: 1145 - Found 0 features of type [RefAxis] in µÆÌõ¹Ì¶¨¼þ1-1
2025-09-10 08:47:52,479 INFO  ExportHelperExtension.cs: 1125 - Retrieving features of type [RefAxis] from ÂÁÐÍ²Ä3030-1000-2
2025-09-10 08:47:52,479 INFO  ExportHelperExtension.cs: 1136 - Found 26 in ÂÁÐÍ²Ä3030-1000-2
2025-09-10 08:47:52,479 INFO  ExportHelperExtension.cs: 1145 - Found 0 features of type [RefAxis] in ÂÁÐÍ²Ä3030-1000-2
2025-09-10 08:47:52,479 INFO  ExportHelperExtension.cs: 1125 - Retrieving features of type [RefAxis] from ÂÁÐÍ²Ä3030-300-6
2025-09-10 08:47:52,479 INFO  ExportHelperExtension.cs: 1136 - Found 26 in ÂÁÐÍ²Ä3030-300-6
2025-09-10 08:47:52,480 INFO  ExportHelperExtension.cs: 1145 - Found 0 features of type [RefAxis] in ÂÁÐÍ²Ä3030-300-6
2025-09-10 08:47:52,480 INFO  ExportHelperExtension.cs: 1125 - Retrieving features of type [RefAxis] from ÂÁÐÍ²Ä3030-300-4
2025-09-10 08:47:52,480 INFO  ExportHelperExtension.cs: 1136 - Found 26 in ÂÁÐÍ²Ä3030-300-4
2025-09-10 08:47:52,480 INFO  ExportHelperExtension.cs: 1145 - Found 0 features of type [RefAxis] in ÂÁÐÍ²Ä3030-300-4
2025-09-10 08:47:52,480 INFO  ExportHelperExtension.cs: 1125 - Retrieving features of type [RefAxis] from Íâ¿ÇÁ¬½Ó¼ÓÇ¿¼þ-8
2025-09-10 08:47:52,480 INFO  ExportHelperExtension.cs: 1136 - Found 42 in Íâ¿ÇÁ¬½Ó¼ÓÇ¿¼þ-8
2025-09-10 08:47:52,481 INFO  ExportHelperExtension.cs: 1145 - Found 0 features of type [RefAxis] in Íâ¿ÇÁ¬½Ó¼ÓÇ¿¼þ-8
2025-09-10 08:47:52,481 INFO  ExportHelperExtension.cs: 1125 - Retrieving features of type [RefAxis] from ¿ª¹Ø¹Ì¶¨°å-1
2025-09-10 08:47:52,481 INFO  ExportHelperExtension.cs: 1136 - Found 28 in ¿ª¹Ø¹Ì¶¨°å-1
2025-09-10 08:47:52,481 INFO  ExportHelperExtension.cs: 1145 - Found 0 features of type [RefAxis] in ¿ª¹Ø¹Ì¶¨°å-1
2025-09-10 08:47:52,481 INFO  ExportHelperExtension.cs: 1125 - Retrieving features of type [RefAxis] from ÂÁÐÍ²Ä3030-300-8
2025-09-10 08:47:52,481 INFO  ExportHelperExtension.cs: 1136 - Found 26 in ÂÁÐÍ²Ä3030-300-8
2025-09-10 08:47:52,482 INFO  ExportHelperExtension.cs: 1145 - Found 0 features of type [RefAxis] in ÂÁÐÍ²Ä3030-300-8
2025-09-10 08:47:52,482 INFO  ExportHelperExtension.cs: 1125 - Retrieving features of type [RefAxis] from Mid360¹Ì¶¨×ù-1
2025-09-10 08:47:52,482 INFO  ExportHelperExtension.cs: 1136 - Found 38 in Mid360¹Ì¶¨×ù-1
2025-09-10 08:47:52,482 INFO  ExportHelperExtension.cs: 1145 - Found 0 features of type [RefAxis] in Mid360¹Ì¶¨×ù-1
2025-09-10 08:47:52,482 INFO  ExportHelperExtension.cs: 1125 - Retrieving features of type [RefAxis] from E-CLHJ75-N-1
2025-09-10 08:47:52,483 INFO  ExportHelperExtension.cs: 1136 - Found 24 in E-CLHJ75-N-1
2025-09-10 08:47:52,483 INFO  ExportHelperExtension.cs: 1145 - Found 0 features of type [RefAxis] in E-CLHJ75-N-1
2025-09-10 08:47:52,483 INFO  ExportHelperExtension.cs: 1125 - Retrieving features of type [RefAxis] from ³¬Éù²¨Ì½Í·¹Ì¶¨¼þ-2
2025-09-10 08:47:52,483 INFO  ExportHelperExtension.cs: 1136 - Found 36 in ³¬Éù²¨Ì½Í·¹Ì¶¨¼þ-2
2025-09-10 08:47:52,484 INFO  ExportHelperExtension.cs: 1145 - Found 0 features of type [RefAxis] in ³¬Éù²¨Ì½Í·¹Ì¶¨¼þ-2
2025-09-10 08:47:52,484 INFO  ExportHelperExtension.cs: 1125 - Retrieving features of type [RefAxis] from E-CLHJ75-N-2
2025-09-10 08:47:52,484 INFO  ExportHelperExtension.cs: 1136 - Found 24 in E-CLHJ75-N-2
2025-09-10 08:47:52,484 INFO  ExportHelperExtension.cs: 1145 - Found 0 features of type [RefAxis] in E-CLHJ75-N-2
2025-09-10 08:47:52,484 INFO  ExportHelperExtension.cs: 1125 - Retrieving features of type [RefAxis] from ³¬Éù²¨Ì½Í·¹Ì¶¨¼þ-1
2025-09-10 08:47:52,484 INFO  ExportHelperExtension.cs: 1136 - Found 36 in ³¬Éù²¨Ì½Í·¹Ì¶¨¼þ-1
2025-09-10 08:47:52,485 INFO  ExportHelperExtension.cs: 1145 - Found 0 features of type [RefAxis] in ³¬Éù²¨Ì½Í·¹Ì¶¨¼þ-1
2025-09-10 08:47:52,485 INFO  ExportHelperExtension.cs: 1125 - Retrieving features of type [RefAxis] from mid-360-asm-1
2025-09-10 08:47:52,485 INFO  ExportHelperExtension.cs: 1136 - Found 24 in mid-360-asm-1
2025-09-10 08:47:52,485 INFO  ExportHelperExtension.cs: 1145 - Found 0 features of type [RefAxis] in mid-360-asm-1
2025-09-10 08:47:52,485 INFO  ExportHelperExtension.cs: 1125 - Retrieving features of type [RefAxis] from ³äµç×®×Ü×°-1
2025-09-10 08:47:52,486 INFO  ExportHelperExtension.cs: 1136 - Found 31 in ³äµç×®×Ü×°-1
2025-09-10 08:47:52,486 INFO  ExportHelperExtension.cs: 1145 - Found 0 features of type [RefAxis] in ³äµç×®×Ü×°-1
2025-09-10 08:47:52,486 INFO  ExportHelperExtension.cs: 1125 - Retrieving features of type [RefAxis] from ÂÁÐÍ²Ä3030-300-7
2025-09-10 08:47:52,486 INFO  ExportHelperExtension.cs: 1136 - Found 26 in ÂÁÐÍ²Ä3030-300-7
2025-09-10 08:47:52,487 INFO  ExportHelperExtension.cs: 1145 - Found 0 features of type [RefAxis] in ÂÁÐÍ²Ä3030-300-7
2025-09-10 08:47:52,487 INFO  ExportHelperExtension.cs: 1125 - Retrieving features of type [RefAxis] from ³¬Éù²¨Ì½Í·¹Ì¶¨¼þ-4
2025-09-10 08:47:52,487 INFO  ExportHelperExtension.cs: 1136 - Found 36 in ³¬Éù²¨Ì½Í·¹Ì¶¨¼þ-4
2025-09-10 08:47:52,487 INFO  ExportHelperExtension.cs: 1145 - Found 0 features of type [RefAxis] in ³¬Éù²¨Ì½Í·¹Ì¶¨¼þ-4
2025-09-10 08:47:52,487 INFO  ExportHelperExtension.cs: 1125 - Retrieving features of type [RefAxis] from ³¬Éù²¨Ì½Í·¹Ì¶¨¼þ-3
2025-09-10 08:47:52,488 INFO  ExportHelperExtension.cs: 1136 - Found 36 in ³¬Éù²¨Ì½Í·¹Ì¶¨¼þ-3
2025-09-10 08:47:52,488 INFO  ExportHelperExtension.cs: 1145 - Found 0 features of type [RefAxis] in ³¬Éù²¨Ì½Í·¹Ì¶¨¼þ-3
2025-09-10 08:47:52,539 INFO  ExportPropertyManager.cs: 1142 - AfterClose called. This method no longer throws an Exception. It just silently does nothing. Ok, except for this logging message
2025-09-10 08:49:13,413 INFO  AssemblyExportForm.cs: 253 - Completing URDF export
2025-09-10 08:49:13,418 INFO  ConfigurationSerialization.cs: 276 - URDF Configuration found
<Link z:Id="i1" xmlns="http://schemas.datacontract.org/2004/07/SW2URDF" xmlns:i="http://www.w3.org/2001/XMLSchema-instance" xmlns:z="http://schemas.microsoft.com/2003/10/Serialization/"><Attributes><Attribute z:Id="i2"><AttributeType>name</AttributeType><IsRequired>true</IsRequired><Value i:type="a:string" xmlns:a="http://www.w3.org/2001/XMLSchema">base_link</Value></Attribute></Attributes><ChildElements><URDFElement z:Id="i3" i:type="Inertial"><Attributes/><ChildElements><URDFElement z:Id="i4" i:type="Origin"><Attributes><Attribute z:Id="i5"><AttributeType>xyz</AttributeType><IsRequired>true</IsRequired><Value i:type="a:ArrayOfdouble" xmlns:a="http://schemas.microsoft.com/2003/10/Serialization/Arrays"><a:double>0.18150805064388537</a:double><a:double>-0.0004794508119103924</a:double><a:double>0.22234280245785115</a:double></Value></Attribute><Attribute z:Id="i6"><AttributeType>rpy</AttributeType><IsRequired>true</IsRequired><Value i:type="a:ArrayOfdouble" xmlns:a="http://schemas.microsoft.com/2003/10/Serialization/Arrays"><a:double>0</a:double><a:double>0</a:double><a:double>0</a:double></Value></Attribute></Attributes><ChildElements/><ElementName>origin</ElementName><required>false</required><RPYAttribute z:Ref="i6"/><XYZAttribute z:Ref="i5"/><isCustomized>false</isCustomized></URDFElement><URDFElement z:Id="i7" i:type="Mass"><Attributes><Attribute z:Id="i8"><AttributeType>value</AttributeType><IsRequired>true</IsRequired><Value i:type="a:double" xmlns:a="http://www.w3.org/2001/XMLSchema">13.443297507664827</Value></Attribute></Attributes><ChildElements/><ElementName>mass</ElementName><required>false</required><ValueAttribute z:Ref="i8"/></URDFElement><URDFElement z:Id="i9" i:type="Inertia"><Attributes><Attribute z:Id="i10"><AttributeType>ixx</AttributeType><IsRequired>true</IsRequired><Value i:type="a:double" xmlns:a="http://www.w3.org/2001/XMLSchema">0.28164858628336104</Value></Attribute><Attribute z:Id="i11"><AttributeType>ixy</AttributeType><IsRequired>true</IsRequired><Value i:type="a:double" xmlns:a="http://www.w3.org/2001/XMLSchema">0.00012588712911322666</Value></Attribute><Attribute z:Id="i12"><AttributeType>ixz</AttributeType><IsRequired>true</IsRequired><Value i:type="a:double" xmlns:a="http://www.w3.org/2001/XMLSchema">0.0013750082500362411</Value></Attribute><Attribute z:Id="i13"><AttributeType>iyy</AttributeType><IsRequired>true</IsRequired><Value i:type="a:double" xmlns:a="http://www.w3.org/2001/XMLSchema">0.27510072324414692</Value></Attribute><Attribute z:Id="i14"><AttributeType>iyz</AttributeType><IsRequired>true</IsRequired><Value i:type="a:double" xmlns:a="http://www.w3.org/2001/XMLSchema">-1.9257940804252346E-05</Value></Attribute><Attribute z:Id="i15"><AttributeType>izz</AttributeType><IsRequired>true</IsRequired><Value i:type="a:double" xmlns:a="http://www.w3.org/2001/XMLSchema">0.18796558298456004</Value></Attribute></Attributes><ChildElements/><ElementName>inertia</ElementName><required>false</required><IxxAttribute z:Ref="i10"/><IxyAttribute z:Ref="i11"/><IxzAttribute z:Ref="i12"/><IyyAttribute z:Ref="i13"/><IyzAttribute z:Ref="i14"/><IzzAttribute z:Ref="i15"/></URDFElement></ChildElements><ElementName>inertial</ElementName><required>false</required><Inertia z:Ref="i9"/><Mass z:Ref="i7"/><Origin z:Ref="i4"/></URDFElement><URDFElement z:Id="i16" i:type="Visual"><Attributes/><ChildElements><URDFElement z:Id="i17" i:type="Origin"><Attributes><Attribute z:Id="i18"><AttributeType>xyz</AttributeType><IsRequired>true</IsRequired><Value i:type="a:ArrayOfdouble" xmlns:a="http://schemas.microsoft.com/2003/10/Serialization/Arrays"><a:double>0</a:double><a:double>0</a:double><a:double>0</a:double></Value></Attribute><Attribute z:Id="i19"><AttributeType>rpy</AttributeType><IsRequired>true</IsRequired><Value i:type="a:ArrayOfdouble" xmlns:a="http://schemas.microsoft.com/2003/10/Serialization/Arrays"><a:double>0</a:double><a:double>0</a:double><a:double>0</a:double></Value></Attribute></Attributes><ChildElements/><ElementName>origin</ElementName><required>false</required><RPYAttribute z:Ref="i19"/><XYZAttribute z:Ref="i18"/><isCustomized>false</isCustomized></URDFElement><URDFElement z:Id="i20" i:type="Geometry"><Attributes/><ChildElements><URDFElement z:Id="i21" i:type="Mesh"><Attributes><Attribute z:Id="i22"><AttributeType>filename</AttributeType><IsRequired>true</IsRequired><Value i:nil="true"/></Attribute></Attributes><ChildElements/><ElementName>mesh</ElementName><required>false</required><FilenameAttribute z:Ref="i22"/></URDFElement></ChildElements><ElementName>geometry</ElementName><required>true</required><Mesh z:Ref="i21"/></URDFElement><URDFElement z:Id="i23" i:type="Material"><Attributes><Attribute z:Id="i24"><AttributeType>name</AttributeType><IsRequired>true</IsRequired><Value i:type="a:string" xmlns:a="http://www.w3.org/2001/XMLSchema"/></Attribute></Attributes><ChildElements><URDFElement z:Id="i25" i:type="Color"><Attributes><Attribute z:Id="i26"><AttributeType>rgba</AttributeType><IsRequired>true</IsRequired><Value i:type="a:ArrayOfdouble" xmlns:a="http://schemas.microsoft.com/2003/10/Serialization/Arrays"><a:double>0.77647058823529413</a:double><a:double>0.75686274509803919</a:double><a:double>0.73725490196078436</a:double><a:double>1</a:double></Value></Attribute></Attributes><ChildElements/><ElementName>color</ElementName><required>false</required><RGBAAttribute z:Ref="i26"/></URDFElement><URDFElement z:Id="i27" i:type="Texture"><Attributes><Attribute z:Id="i28"><AttributeType>filename</AttributeType><IsRequired>true</IsRequired><Value i:nil="true"/></Attribute></Attributes><ChildElements/><ElementName>texture</ElementName><required>false</required><FilenameAttribute z:Ref="i28"/><wFilename/></URDFElement></ChildElements><ElementName>material</ElementName><required>false</required><Color z:Ref="i25"/><NameAttribute z:Ref="i24"/><Texture z:Ref="i27"/></URDFElement></ChildElements><ElementName>visual</ElementName><required>false</required><Geometry z:Ref="i20"/><Material z:Ref="i23"/><Origin z:Ref="i17"/></URDFElement><URDFElement z:Id="i29" i:type="Collision"><Attributes/><ChildElements><URDFElement z:Id="i30" i:type="Origin"><Attributes><Attribute z:Id="i31"><AttributeType>xyz</AttributeType><IsRequired>true</IsRequired><Value i:type="a:ArrayOfdouble" xmlns:a="http://schemas.microsoft.com/2003/10/Serialization/Arrays"><a:double>0</a:double><a:double>0</a:double><a:double>0</a:double></Value></Attribute><Attribute z:Id="i32"><AttributeType>rpy</AttributeType><IsRequired>true</IsRequired><Value i:type="a:ArrayOfdouble" xmlns:a="http://schemas.microsoft.com/2003/10/Serialization/Arrays"><a:double>0</a:double><a:double>0</a:double><a:double>0</a:double></Value></Attribute></Attributes><ChildElements/><ElementName>origin</ElementName><required>false</required><RPYAttribute z:Ref="i32"/><XYZAttribute z:Ref="i31"/><isCustomized>false</isCustomized></URDFElement><URDFElement z:Id="i33" i:type="Geometry"><Attributes/><ChildElements><URDFElement z:Id="i34" i:type="Mesh"><Attributes><Attribute z:Id="i35"><AttributeType>filename</AttributeType><IsRequired>true</IsRequired><Value i:nil="true"/></Attribute></Attributes><ChildElements/><ElementName>mesh</ElementName><required>false</required><FilenameAttribute z:Ref="i35"/></URDFElement></ChildElements><ElementName>geometry</ElementName><required>true</required><Mesh z:Ref="i34"/></URDFElement></ChildElements><ElementName>collision</ElementName><required>false</required><Geometry z:Ref="i33"/><Origin z:Ref="i30"/></URDFElement><URDFElement z:Id="i36" i:type="Joint"><Attributes><Attribute z:Id="i37"><AttributeType>name</AttributeType><IsRequired>true</IsRequired><Value i:type="a:string" xmlns:a="http://www.w3.org/2001/XMLSchema"/></Attribute><Attribute z:Id="i38"><AttributeType>type</AttributeType><IsRequired>true</IsRequired><Value i:type="a:string" xmlns:a="http://www.w3.org/2001/XMLSchema"/></Attribute></Attributes><ChildElements><URDFElement z:Id="i39" i:type="Origin"><Attributes><Attribute z:Id="i40"><AttributeType>xyz</AttributeType><IsRequired>true</IsRequired><Value i:type="a:ArrayOfdouble" xmlns:a="http://schemas.microsoft.com/2003/10/Serialization/Arrays"><a:double>0</a:double><a:double>0</a:double><a:double>0</a:double></Value></Attribute><Attribute z:Id="i41"><AttributeType>rpy</AttributeType><IsRequired>true</IsRequired><Value i:type="a:ArrayOfdouble" xmlns:a="http://schemas.microsoft.com/2003/10/Serialization/Arrays"><a:double>0</a:double><a:double>0</a:double><a:double>0</a:double></Value></Attribute></Attributes><ChildElements/><ElementName>origin</ElementName><required>false</required><RPYAttribute z:Ref="i41"/><XYZAttribute z:Ref="i40"/><isCustomized>false</isCustomized></URDFElement><URDFElement z:Id="i42" i:type="ParentLink"><Attributes><Attribute z:Id="i43"><AttributeType>link</AttributeType><IsRequired>true</IsRequired><Value i:type="a:string" xmlns:a="http://www.w3.org/2001/XMLSchema"/></Attribute></Attributes><ChildElements/><ElementName>parent</ElementName><required>true</required><NameAttribute z:Ref="i43"/></URDFElement><URDFElement z:Id="i44" i:type="ChildLink"><Attributes><Attribute z:Id="i45"><AttributeType>link</AttributeType><IsRequired>true</IsRequired><Value i:type="a:string" xmlns:a="http://www.w3.org/2001/XMLSchema"/></Attribute></Attributes><ChildElements/><ElementName>child</ElementName><required>true</required><NameAttribute z:Ref="i45"/></URDFElement><URDFElement z:Id="i46" i:type="Axis"><Attributes><Attribute z:Id="i47"><AttributeType>xyz</AttributeType><IsRequired>true</IsRequired><Value i:type="a:ArrayOfdouble" xmlns:a="http://schemas.microsoft.com/2003/10/Serialization/Arrays"><a:double>0</a:double><a:double>0</a:double><a:double>0</a:double></Value></Attribute></Attributes><ChildElements/><ElementName>axis</ElementName><required>false</required><XYZAttribute z:Ref="i47"/></URDFElement><URDFElement z:Id="i48" i:type="Limit"><Attributes><Attribute z:Id="i49"><AttributeType>lower</AttributeType><IsRequired>false</IsRequired><Value i:nil="true"/></Attribute><Attribute z:Id="i50"><AttributeType>upper</AttributeType><IsRequired>false</IsRequired><Value i:nil="true"/></Attribute><Attribute z:Id="i51"><AttributeType>effort</AttributeType><IsRequired>true</IsRequired><Value i:nil="true"/></Attribute><Attribute z:Id="i52"><AttributeType>velocity</AttributeType><IsRequired>true</IsRequired><Value i:nil="true"/></Attribute></Attributes><ChildElements/><ElementName>limit</ElementName><required>false</required><EffortAttribute z:Ref="i51"/><LowerAttribute z:Ref="i49"/><UpperAttribute z:Ref="i50"/><VelocityAttribute z:Ref="i52"/></URDFElement><URDFElement z:Id="i53" i:type="Calibration"><Attributes><Attribute z:Id="i54"><AttributeType>rising</AttributeType><IsRequired>false</IsRequired><Value i:nil="true"/></Attribute><Attribute z:Id="i55"><AttributeType>falling</AttributeType><IsRequired>false</IsRequired><Value i:nil="true"/></Attribute></Attributes><ChildElements/><ElementName>calibration</ElementName><required>false</required><FallingAttribute z:Ref="i55"/><RisingAttribute z:Ref="i54"/></URDFElement><URDFElement z:Id="i56" i:type="Dynamics"><Attributes><Attribute z:Id="i57"><AttributeType>damping</AttributeType><IsRequired>false</IsRequired><Value i:nil="true"/></Attribute><Attribute z:Id="i58"><AttributeType>friction</AttributeType><IsRequired>false</IsRequired><Value i:nil="true"/></Attribute></Attributes><ChildElements/><ElementName>dynamics</ElementName><required>false</required><DampingAttribute z:Ref="i57"/><FrictionAttribute z:Ref="i58"/></URDFElement><URDFElement z:Id="i59" i:type="SafetyController"><Attributes><Attribute z:Id="i60"><AttributeType>soft_upper_limit</AttributeType><IsRequired>false</IsRequired><Value i:nil="true"/></Attribute><Attribute z:Id="i61"><AttributeType>soft_lower_limit</AttributeType><IsRequired>false</IsRequired><Value i:nil="true"/></Attribute><Attribute z:Id="i62"><AttributeType>k_position</AttributeType><IsRequired>false</IsRequired><Value i:nil="true"/></Attribute><Attribute z:Id="i63"><AttributeType>k_velocity</AttributeType><IsRequired>true</IsRequired><Value i:nil="true"/></Attribute></Attributes><ChildElements/><ElementName>safety_controller</ElementName><required>false</required><KPositionAttribute z:Ref="i62"/><KVelocityAttribute z:Ref="i63"/><SoftLowerAttribute z:Ref="i61"/><SoftUpperAttribute z:Ref="i60"/></URDFElement><URDFElement z:Id="i64" i:type="Mimic"><Attributes><Attribute z:Id="i65"><AttributeType>joint</AttributeType><IsRequired>true</IsRequired><Value i:nil="true"/></Attribute><Attribute z:Id="i66"><AttributeType>multiplier</AttributeType><IsRequired>false</IsRequired><Value i:nil="true"/></Attribute><Attribute z:Id="i67"><AttributeType>offset</AttributeType><IsRequired>false</IsRequired><Value i:nil="true"/></Attribute></Attributes><ChildElements/><ElementName>mimic</ElementName><required>false</required><JointNameAttribute z:Ref="i65"/><MultiplierAttribute z:Ref="i66"/><OffsetAttribute z:Ref="i67"/></URDFElement></ChildElements><ElementName>joint</ElementName><required>false</required><Axis z:Ref="i46"/><AxisName/><Calibration z:Ref="i53"/><Child z:Ref="i44"/><CoordinateSystemName>Origin_global</CoordinateSystemName><Dynamics z:Ref="i56"/><Limit z:Ref="i48"/><Mimic z:Ref="i64"/><NameAttribute z:Ref="i37"/><Origin z:Ref="i39"/><Parent z:Ref="i42"/><Safety z:Ref="i59"/><TypeAttribute z:Ref="i38"/></URDFElement></ChildElements><ElementName>link</ElementName><required>true</required><Children><Link z:Id="i68"><Attributes><Attribute z:Id="i69"><AttributeType>name</AttributeType><IsRequired>true</IsRequired><Value i:type="a:string" xmlns:a="http://www.w3.org/2001/XMLSchema">left_wheel_Link</Value></Attribute></Attributes><ChildElements><URDFElement z:Id="i70" i:type="Inertial"><Attributes/><ChildElements><URDFElement z:Id="i71" i:type="Origin"><Attributes><Attribute z:Id="i72"><AttributeType>xyz</AttributeType><IsRequired>true</IsRequired><Value i:type="a:ArrayOfdouble" xmlns:a="http://schemas.microsoft.com/2003/10/Serialization/Arrays"><a:double>5.6509876333876718E-08</a:double><a:double>-0.00010754159839171384</a:double><a:double>3.1067551917217731E-07</a:double></Value></Attribute><Attribute z:Id="i73"><AttributeType>rpy</AttributeType><IsRequired>true</IsRequired><Value i:type="a:ArrayOfdouble" xmlns:a="http://schemas.microsoft.com/2003/10/Serialization/Arrays"><a:double>0</a:double><a:double>0</a:double><a:double>0</a:double></Value></Attribute></Attributes><ChildElements/><ElementName>origin</ElementName><required>false</required><RPYAttribute z:Ref="i73"/><XYZAttribute z:Ref="i72"/><isCustomized>false</isCustomized></URDFElement><URDFElement z:Id="i74" i:type="Mass"><Attributes><Attribute z:Id="i75"><AttributeType>value</AttributeType><IsRequired>true</IsRequired><Value i:type="a:double" xmlns:a="http://www.w3.org/2001/XMLSchema">0.91395795888233677</Value></Attribute></Attributes><ChildElements/><ElementName>mass</ElementName><required>false</required><ValueAttribute z:Ref="i75"/></URDFElement><URDFElement z:Id="i76" i:type="Inertia"><Attributes><Attribute z:Id="i77"><AttributeType>ixx</AttributeType><IsRequired>true</IsRequired><Value i:type="a:double" xmlns:a="http://www.w3.org/2001/XMLSchema">0.0015655439913776145</Value></Attribute><Attribute z:Id="i78"><AttributeType>ixy</AttributeType><IsRequired>true</IsRequired><Value i:type="a:double" xmlns:a="http://www.w3.org/2001/XMLSchema">-7.840527367838067E-10</Value></Attribute><Attribute z:Id="i79"><AttributeType>ixz</AttributeType><IsRequired>true</IsRequired><Value i:type="a:double" xmlns:a="http://www.w3.org/2001/XMLSchema">2.6839364578144073E-09</Value></Attribute><Attribute z:Id="i80"><AttributeType>iyy</AttributeType><IsRequired>true</IsRequired><Value i:type="a:double" xmlns:a="http://www.w3.org/2001/XMLSchema">0.0029530133410898374</Value></Attribute><Attribute z:Id="i81"><AttributeType>iyz</AttributeType><IsRequired>true</IsRequired><Value i:type="a:double" xmlns:a="http://www.w3.org/2001/XMLSchema">-2.2142536415225181E-09</Value></Attribute><Attribute z:Id="i82"><AttributeType>izz</AttributeType><IsRequired>true</IsRequired><Value i:type="a:double" xmlns:a="http://www.w3.org/2001/XMLSchema">0.0015655620511138869</Value></Attribute></Attributes><ChildElements/><ElementName>inertia</ElementName><required>false</required><IxxAttribute z:Ref="i77"/><IxyAttribute z:Ref="i78"/><IxzAttribute z:Ref="i79"/><IyyAttribute z:Ref="i80"/><IyzAttribute z:Ref="i81"/><IzzAttribute z:Ref="i82"/></URDFElement></ChildElements><ElementName>inertial</ElementName><required>false</required><Inertia z:Ref="i76"/><Mass z:Ref="i74"/><Origin z:Ref="i71"/></URDFElement><URDFElement z:Id="i83" i:type="Visual"><Attributes/><ChildElements><URDFElement z:Id="i84" i:type="Origin"><Attributes><Attribute z:Id="i85"><AttributeType>xyz</AttributeType><IsRequired>true</IsRequired><Value i:type="a:ArrayOfdouble" xmlns:a="http://schemas.microsoft.com/2003/10/Serialization/Arrays"><a:double>0</a:double><a:double>0</a:double><a:double>0</a:double></Value></Attribute><Attribute z:Id="i86"><AttributeType>rpy</AttributeType><IsRequired>true</IsRequired><Value i:type="a:ArrayOfdouble" xmlns:a="http://schemas.microsoft.com/2003/10/Serialization/Arrays"><a:double>0</a:double><a:double>0</a:double><a:double>0</a:double></Value></Attribute></Attributes><ChildElements/><ElementName>origin</ElementName><required>false</required><RPYAttribute z:Ref="i86"/><XYZAttribute z:Ref="i85"/><isCustomized>false</isCustomized></URDFElement><URDFElement z:Id="i87" i:type="Geometry"><Attributes/><ChildElements><URDFElement z:Id="i88" i:type="Mesh"><Attributes><Attribute z:Id="i89"><AttributeType>filename</AttributeType><IsRequired>true</IsRequired><Value i:nil="true"/></Attribute></Attributes><ChildElements/><ElementName>mesh</ElementName><required>false</required><FilenameAttribute z:Ref="i89"/></URDFElement></ChildElements><ElementName>geometry</ElementName><required>true</required><Mesh z:Ref="i88"/></URDFElement><URDFElement z:Id="i90" i:type="Material"><Attributes><Attribute z:Id="i91"><AttributeType>name</AttributeType><IsRequired>true</IsRequired><Value i:type="a:string" xmlns:a="http://www.w3.org/2001/XMLSchema"/></Attribute></Attributes><ChildElements><URDFElement z:Id="i92" i:type="Color"><Attributes><Attribute z:Id="i93"><AttributeType>rgba</AttributeType><IsRequired>true</IsRequired><Value i:type="a:ArrayOfdouble" xmlns:a="http://schemas.microsoft.com/2003/10/Serialization/Arrays"><a:double>0.792156862745098</a:double><a:double>0.81960784313725488</a:double><a:double>0.93333333333333335</a:double><a:double>1</a:double></Value></Attribute></Attributes><ChildElements/><ElementName>color</ElementName><required>false</required><RGBAAttribute z:Ref="i93"/></URDFElement><URDFElement z:Id="i94" i:type="Texture"><Attributes><Attribute z:Id="i95"><AttributeType>filename</AttributeType><IsRequired>true</IsRequired><Value i:nil="true"/></Attribute></Attributes><ChildElements/><ElementName>texture</ElementName><required>false</required><FilenameAttribute z:Ref="i95"/><wFilename/></URDFElement></ChildElements><ElementName>material</ElementName><required>false</required><Color z:Ref="i92"/><NameAttribute z:Ref="i91"/><Texture z:Ref="i94"/></URDFElement></ChildElements><ElementName>visual</ElementName><required>false</required><Geometry z:Ref="i87"/><Material z:Ref="i90"/><Origin z:Ref="i84"/></URDFElement><URDFElement z:Id="i96" i:type="Collision"><Attributes/><ChildElements><URDFElement z:Id="i97" i:type="Origin"><Attributes><Attribute z:Id="i98"><AttributeType>xyz</AttributeType><IsRequired>true</IsRequired><Value i:type="a:ArrayOfdouble" xmlns:a="http://schemas.microsoft.com/2003/10/Serialization/Arrays"><a:double>0</a:double><a:double>0</a:double><a:double>0</a:double></Value></Attribute><Attribute z:Id="i99"><AttributeType>rpy</AttributeType><IsRequired>true</IsRequired><Value i:type="a:ArrayOfdouble" xmlns:a="http://schemas.microsoft.com/2003/10/Serialization/Arrays"><a:double>0</a:double><a:double>0</a:double><a:double>0</a:double></Value></Attribute></Attributes><ChildElements/><ElementName>origin</ElementName><required>false</required><RPYAttribute z:Ref="i99"/><XYZAttribute z:Ref="i98"/><isCustomized>false</isCustomized></URDFElement><URDFElement z:Id="i100" i:type="Geometry"><Attributes/><ChildElements><URDFElement z:Id="i101" i:type="Mesh"><Attributes><Attribute z:Id="i102"><AttributeType>filename</AttributeType><IsRequired>true</IsRequired><Value i:nil="true"/></Attribute></Attributes><ChildElements/><ElementName>mesh</ElementName><required>false</required><FilenameAttribute z:Ref="i102"/></URDFElement></ChildElements><ElementName>geometry</ElementName><required>true</required><Mesh z:Ref="i101"/></URDFElement></ChildElements><ElementName>collision</ElementName><required>false</required><Geometry z:Ref="i100"/><Origin z:Ref="i97"/></URDFElement><URDFElement z:Id="i103" i:type="Joint"><Attributes><Attribute z:Id="i104"><AttributeType>name</AttributeType><IsRequired>true</IsRequired><Value i:type="a:string" xmlns:a="http://www.w3.org/2001/XMLSchema">left_wheel_joint</Value></Attribute><Attribute z:Id="i105"><AttributeType>type</AttributeType><IsRequired>true</IsRequired><Value i:type="a:string" xmlns:a="http://www.w3.org/2001/XMLSchema">continuous</Value></Attribute></Attributes><ChildElements><URDFElement z:Id="i106" i:type="Origin"><Attributes><Attribute z:Id="i107"><AttributeType>xyz</AttributeType><IsRequired>true</IsRequired><Value i:type="a:ArrayOfdouble" xmlns:a="http://schemas.microsoft.com/2003/10/Serialization/Arrays"><a:double>5E-05</a:double><a:double>0.2146</a:double><a:double>-0.002</a:double></Value></Attribute><Attribute z:Id="i108"><AttributeType>rpy</AttributeType><IsRequired>true</IsRequired><Value i:type="a:ArrayOfdouble" xmlns:a="http://schemas.microsoft.com/2003/10/Serialization/Arrays"><a:double>0</a:double><a:double>0</a:double><a:double>0</a:double></Value></Attribute></Attributes><ChildElements/><ElementName>origin</ElementName><required>false</required><RPYAttribute z:Ref="i108"/><XYZAttribute z:Ref="i107"/><isCustomized>false</isCustomized></URDFElement><URDFElement z:Id="i109" i:type="ParentLink"><Attributes><Attribute z:Id="i110"><AttributeType>link</AttributeType><IsRequired>true</IsRequired><Value i:type="a:string" xmlns:a="http://www.w3.org/2001/XMLSchema">base_link</Value></Attribute></Attributes><ChildElements/><ElementName>parent</ElementName><required>true</required><NameAttribute z:Ref="i110"/></URDFElement><URDFElement z:Id="i111" i:type="ChildLink"><Attributes><Attribute z:Id="i112"><AttributeType>link</AttributeType><IsRequired>true</IsRequired><Value i:type="a:string" xmlns:a="http://www.w3.org/2001/XMLSchema">left_wheel_Link</Value></Attribute></Attributes><ChildElements/><ElementName>child</ElementName><required>true</required><NameAttribute z:Ref="i112"/></URDFElement><URDFElement z:Id="i113" i:type="Axis"><Attributes><Attribute z:Id="i114"><AttributeType>xyz</AttributeType><IsRequired>true</IsRequired><Value i:type="a:ArrayOfdouble" xmlns:a="http://schemas.microsoft.com/2003/10/Serialization/Arrays"><a:double>0.00023299</a:double><a:double>1</a:double><a:double>0</a:double></Value></Attribute></Attributes><ChildElements/><ElementName>axis</ElementName><required>false</required><XYZAttribute z:Ref="i114"/></URDFElement><URDFElement z:Id="i115" i:type="Limit"><Attributes><Attribute z:Id="i116"><AttributeType>lower</AttributeType><IsRequired>false</IsRequired><Value i:nil="true"/></Attribute><Attribute z:Id="i117"><AttributeType>upper</AttributeType><IsRequired>false</IsRequired><Value i:nil="true"/></Attribute><Attribute z:Id="i118"><AttributeType>effort</AttributeType><IsRequired>true</IsRequired><Value i:nil="true"/></Attribute><Attribute z:Id="i119"><AttributeType>velocity</AttributeType><IsRequired>true</IsRequired><Value i:nil="true"/></Attribute></Attributes><ChildElements/><ElementName>limit</ElementName><required>false</required><EffortAttribute z:Ref="i118"/><LowerAttribute z:Ref="i116"/><UpperAttribute z:Ref="i117"/><VelocityAttribute z:Ref="i119"/></URDFElement><URDFElement z:Id="i120" i:type="Calibration"><Attributes><Attribute z:Id="i121"><AttributeType>rising</AttributeType><IsRequired>false</IsRequired><Value i:nil="true"/></Attribute><Attribute z:Id="i122"><AttributeType>falling</AttributeType><IsRequired>false</IsRequired><Value i:nil="true"/></Attribute></Attributes><ChildElements/><ElementName>calibration</ElementName><required>false</required><FallingAttribute z:Ref="i122"/><RisingAttribute z:Ref="i121"/></URDFElement><URDFElement z:Id="i123" i:type="Dynamics"><Attributes><Attribute z:Id="i124"><AttributeType>damping</AttributeType><IsRequired>false</IsRequired><Value i:nil="true"/></Attribute><Attribute z:Id="i125"><AttributeType>friction</AttributeType><IsRequired>false</IsRequired><Value i:nil="true"/></Attribute></Attributes><ChildElements/><ElementName>dynamics</ElementName><required>false</required><DampingAttribute z:Ref="i124"/><FrictionAttribute z:Ref="i125"/></URDFElement><URDFElement z:Id="i126" i:type="SafetyController"><Attributes><Attribute z:Id="i127"><AttributeType>soft_upper_limit</AttributeType><IsRequired>false</IsRequired><Value i:nil="true"/></Attribute><Attribute z:Id="i128"><AttributeType>soft_lower_limit</AttributeType><IsRequired>false</IsRequired><Value i:nil="true"/></Attribute><Attribute z:Id="i129"><AttributeType>k_position</AttributeType><IsRequired>false</IsRequired><Value i:nil="true"/></Attribute><Attribute z:Id="i130"><AttributeType>k_velocity</AttributeType><IsRequired>true</IsRequired><Value i:nil="true"/></Attribute></Attributes><ChildElements/><ElementName>safety_controller</ElementName><required>false</required><KPositionAttribute z:Ref="i129"/><KVelocityAttribute z:Ref="i130"/><SoftLowerAttribute z:Ref="i128"/><SoftUpperAttribute z:Ref="i127"/></URDFElement><URDFElement z:Id="i131" i:type="Mimic"><Attributes><Attribute z:Id="i132"><AttributeType>joint</AttributeType><IsRequired>true</IsRequired><Value i:nil="true"/></Attribute><Attribute z:Id="i133"><AttributeType>multiplier</AttributeType><IsRequired>false</IsRequired><Value i:nil="true"/></Attribute><Attribute z:Id="i134"><AttributeType>offset</AttributeType><IsRequired>false</IsRequired><Value i:nil="true"/></Attribute></Attributes><ChildElements/><ElementName>mimic</ElementName><required>false</required><JointNameAttribute z:Ref="i132"/><MultiplierAttribute z:Ref="i133"/><OffsetAttribute z:Ref="i134"/></URDFElement></ChildElements><ElementName>joint</ElementName><required>false</required><Axis z:Ref="i113"/><AxisName>??????????????????</AxisName><Calibration z:Ref="i120"/><Child z:Ref="i111"/><CoordinateSystemName>?????????????????????</CoordinateSystemName><Dynamics z:Ref="i123"/><Limit z:Ref="i115"/><Mimic z:Ref="i131"/><NameAttribute z:Ref="i104"/><Origin z:Ref="i106"/><Parent z:Ref="i109"/><Safety z:Ref="i126"/><TypeAttribute z:Ref="i105"/></URDFElement></ChildElements><ElementName>link</ElementName><required>true</required><Children/><Collision z:Ref="i96"/><Inertial z:Ref="i70"/><Joint z:Ref="i103"/><NameAttribute z:Ref="i69"/><Parent z:Ref="i1"/><STLQualityFine>false</STLQualityFine><SWComponentPIDs xmlns:a="http://schemas.microsoft.com/2003/10/Serialization/Arrays"><a:base64Binary>UEYAAAUAAAD//v+jbo/CazV1OmctADIAQACVXth2O2DFiF8ATQBpAGQAMwA2ADAASHIvAFoATABMAEcANgA1AEEAUwBNADIANQAwAC0ANAAwADkANgAgAFYAMgAuADAAVVP6UXSPLgBzAHQAcAAtADEAQABuj8JrNXU6Zy8ANgBfADUAQwAtAEIAWgBfAEEAUwBNAF8AQQBTAE0ALgBzAHQAcAAtADEAQABaAEwATABHADYANQBBAFMATQAyADUAMAAtADQAMAA5ADYAIABWADIALgAwAFVT+lF0jy4AcwB0AHAALwBNAEEATgBJAEYATwBMAEQAXwBTAE8ATABJAEQAXwBCAFIARQBQAF8ANgA2ADkANwBfADEAXwAxAC4AcwB0AHAALQAxAEAANgBfADUAQwAtAEIAWgBfAEEAUwBNAF8AQQBTAE0ALgBzAHQAcAAEAAAAEAAAAAEAAAAEAAAARwAAABkAAAARAAAAEwAAAA==</a:base64Binary><a:base64Binary>UEYAAAUAAAD//v/Nbo/CazV1OmctADIAQACVXth2O2DFiF8ATQBpAGQAMwA2ADAASHIvAFoATABMAEcANgA1AEEAUwBNADIANQAwAC0ANAAwADkANgAgAFYAMgAuADAAVVP6UXSPLgBzAHQAcAAtADEAQABuj8JrNXU6Zy8ANgBfADUAQwAtAEIAWgBfAEEAUwBNAF8AQQBTAE0ALgBzAHQAcAAtADEAQABaAEwATABHADYANQBBAFMATQAyADUAMAAtADQAMAA5ADYAIABWADIALgAwAFVT+lF0jy4AcwB0AHAALwA2AF8ANQBDAFUATgAtAEMASQBfAEEAUwBNAF8AQQBTAE0ALgBzAHQAcAAtADEAQAA2AF8ANQBDAC0AQgBaAF8AQQBTAE0AXwBBAFMATQAuAHMAdABwAC8ATQBBAE4ASQBGAE8ATABEAF8AUwBPAEwASQBEAF8AQgBSAEUAUABfADYANwAwADEALgBzAHQAcAAtADEAQAA2AF8ANQBDAFUATgAtAEMASQBfAEEAUwBNAF8AQQBTAE0ALgBzAHQAcAAEAAAAEAAAAAEAAAAFAAAARwAAABkAAAARAAAAEQAAABYAAAA=</a:base64Binary><a:base64Binary>UEYAAAUAAAD//v/Nbo/CazV1OmctADIAQACVXth2O2DFiF8ATQBpAGQAMwA2ADAASHIvAFoATABMAEcANgA1AEEAUwBNADIANQAwAC0ANAAwADkANgAgAFYAMgAuADAAVVP6UXSPLgBzAHQAcAAtADEAQABuj8JrNXU6Zy8ANgBfADUAQwAtAEIAWgBfAEEAUwBNAF8AQQBTAE0ALgBzAHQAcAAtADEAQABaAEwATABHADYANQBBAFMATQAyADUAMAAtADQAMAA5ADYAIABWADIALgAwAFVT+lF0jy4AcwB0AHAALwA2AF8ANQBDAFUATgAtAEMASQBfAEEAUwBNAF8AQQBTAE0ALgBzAHQAcAAtADEAQAA2AF8ANQBDAC0AQgBaAF8AQQBTAE0AXwBBAFMATQAuAHMAdABwAC8ATQBBAE4ASQBGAE8ATABEAF8AUwBPAEwASQBEAF8AQgBSAEUAUABfADYANwAwADAALgBzAHQAcAAtADEAQAA2AF8ANQBDAFUATgAtAEMASQBfAEEAUwBNAF8AQQBTAE0ALgBzAHQAcAAEAAAAEAAAAAEAAAAFAAAARwAAABkAAAARAAAAEQAAABUAAAA=</a:base64Binary></SWComponentPIDs><SWMainComponentPID i:nil="true"/><Visual z:Ref="i83"/><isFixedFrame>false</isFixedFrame><isIncomplete>false</isIncomplete></Link><Link z:Id="i135"><Attributes><Attribute z:Id="i136"><AttributeType>name</AttributeType><IsRequired>true</IsRequired><Value i:type="a:string" xmlns:a="http://www.w3.org/2001/XMLSchema">right_wheel_Link</Value></Attribute></Attributes><ChildElements><URDFElement z:Id="i137" i:type="Inertial"><Attributes/><ChildElements><URDFElement z:Id="i138" i:type="Origin"><Attributes><Attribute z:Id="i139"><AttributeType>xyz</AttributeType><IsRequired>true</IsRequired><Value i:type="a:ArrayOfdouble" xmlns:a="http://schemas.microsoft.com/2003/10/Serialization/Arrays"><a:double>-5.6509876333876718E-08</a:double><a:double>0.00010754159839165139</a:double><a:double>3.1067551918128461E-07</a:double></Value></Attribute><Attribute z:Id="i140"><AttributeType>rpy</AttributeType><IsRequired>true</IsRequired><Value i:type="a:ArrayOfdouble" xmlns:a="http://schemas.microsoft.com/2003/10/Serialization/Arrays"><a:double>0</a:double><a:double>0</a:double><a:double>0</a:double></Value></Attribute></Attributes><ChildElements/><ElementName>origin</ElementName><required>false</required><RPYAttribute z:Ref="i140"/><XYZAttribute z:Ref="i139"/><isCustomized>false</isCustomized></URDFElement><URDFElement z:Id="i141" i:type="Mass"><Attributes><Attribute z:Id="i142"><AttributeType>value</AttributeType><IsRequired>true</IsRequired><Value i:type="a:double" xmlns:a="http://www.w3.org/2001/XMLSchema">0.91395795888233655</Value></Attribute></Attributes><ChildElements/><ElementName>mass</ElementName><required>false</required><ValueAttribute z:Ref="i142"/></URDFElement><URDFElement z:Id="i143" i:type="Inertia"><Attributes><Attribute z:Id="i144"><AttributeType>ixx</AttributeType><IsRequired>true</IsRequired><Value i:type="a:double" xmlns:a="http://www.w3.org/2001/XMLSchema">0.0015655439913776139</Value></Attribute><Attribute z:Id="i145"><AttributeType>ixy</AttributeType><IsRequired>true</IsRequired><Value i:type="a:double" xmlns:a="http://www.w3.org/2001/XMLSchema">-7.8405273681109332E-10</Value></Attribute><Attribute z:Id="i146"><AttributeType>ixz</AttributeType><IsRequired>true</IsRequired><Value i:type="a:double" xmlns:a="http://www.w3.org/2001/XMLSchema">-2.6839364581080023E-09</Value></Attribute><Attribute z:Id="i147"><AttributeType>iyy</AttributeType><IsRequired>true</IsRequired><Value i:type="a:double" xmlns:a="http://www.w3.org/2001/XMLSchema">0.0029530133410898361</Value></Attribute><Attribute z:Id="i148"><AttributeType>iyz</AttributeType><IsRequired>true</IsRequired><Value i:type="a:double" xmlns:a="http://www.w3.org/2001/XMLSchema">2.2142536414020029E-09</Value></Attribute><Attribute z:Id="i149"><AttributeType>izz</AttributeType><IsRequired>true</IsRequired><Value i:type="a:double" xmlns:a="http://www.w3.org/2001/XMLSchema">0.0015655620511138872</Value></Attribute></Attributes><ChildElements/><ElementName>inertia</ElementName><required>false</required><IxxAttribute z:Ref="i144"/><IxyAttribute z:Ref="i145"/><IxzAttribute z:Ref="i146"/><IyyAttribute z:Ref="i147"/><IyzAttribute z:Ref="i148"/><IzzAttribute z:Ref="i149"/></URDFElement></ChildElements><ElementName>inertial</ElementName><required>false</required><Inertia z:Ref="i143"/><Mass z:Ref="i141"/><Origin z:Ref="i138"/></URDFElement><URDFElement z:Id="i150" i:type="Visual"><Attributes/><ChildElements><URDFElement z:Id="i151" i:type="Origin"><Attributes><Attribute z:Id="i152"><AttributeType>xyz</AttributeType><IsRequired>true</IsRequired><Value i:type="a:ArrayOfdouble" xmlns:a="http://schemas.microsoft.com/2003/10/Serialization/Arrays"><a:double>0</a:double><a:double>0</a:double><a:double>0</a:double></Value></Attribute><Attribute z:Id="i153"><AttributeType>rpy</AttributeType><IsRequired>true</IsRequired><Value i:type="a:ArrayOfdouble" xmlns:a="http://schemas.microsoft.com/2003/10/Serialization/Arrays"><a:double>0</a:double><a:double>0</a:double><a:double>0</a:double></Value></Attribute></Attributes><ChildElements/><ElementName>origin</ElementName><required>false</required><RPYAttribute z:Ref="i153"/><XYZAttribute z:Ref="i152"/><isCustomized>false</isCustomized></URDFElement><URDFElement z:Id="i154" i:type="Geometry"><Attributes/><ChildElements><URDFElement z:Id="i155" i:type="Mesh"><Attributes><Attribute z:Id="i156"><AttributeType>filename</AttributeType><IsRequired>true</IsRequired><Value i:nil="true"/></Attribute></Attributes><ChildElements/><ElementName>mesh</ElementName><required>false</required><FilenameAttribute z:Ref="i156"/></URDFElement></ChildElements><ElementName>geometry</ElementName><required>true</required><Mesh z:Ref="i155"/></URDFElement><URDFElement z:Id="i157" i:type="Material"><Attributes><Attribute z:Id="i158"><AttributeType>name</AttributeType><IsRequired>true</IsRequired><Value i:type="a:string" xmlns:a="http://www.w3.org/2001/XMLSchema"/></Attribute></Attributes><ChildElements><URDFElement z:Id="i159" i:type="Color"><Attributes><Attribute z:Id="i160"><AttributeType>rgba</AttributeType><IsRequired>true</IsRequired><Value i:type="a:ArrayOfdouble" xmlns:a="http://schemas.microsoft.com/2003/10/Serialization/Arrays"><a:double>0.792156862745098</a:double><a:double>0.81960784313725488</a:double><a:double>0.93333333333333335</a:double><a:double>1</a:double></Value></Attribute></Attributes><ChildElements/><ElementName>color</ElementName><required>false</required><RGBAAttribute z:Ref="i160"/></URDFElement><URDFElement z:Id="i161" i:type="Texture"><Attributes><Attribute z:Id="i162"><AttributeType>filename</AttributeType><IsRequired>true</IsRequired><Value i:nil="true"/></Attribute></Attributes><ChildElements/><ElementName>texture</ElementName><required>false</required><FilenameAttribute z:Ref="i162"/><wFilename/></URDFElement></ChildElements><ElementName>material</ElementName><required>false</required><Color z:Ref="i159"/><NameAttribute z:Ref="i158"/><Texture z:Ref="i161"/></URDFElement></ChildElements><ElementName>visual</ElementName><required>false</required><Geometry z:Ref="i154"/><Material z:Ref="i157"/><Origin z:Ref="i151"/></URDFElement><URDFElement z:Id="i163" i:type="Collision"><Attributes/><ChildElements><URDFElement z:Id="i164" i:type="Origin"><Attributes><Attribute z:Id="i165"><AttributeType>xyz</AttributeType><IsRequired>true</IsRequired><Value i:type="a:ArrayOfdouble" xmlns:a="http://schemas.microsoft.com/2003/10/Serialization/Arrays"><a:double>0</a:double><a:double>0</a:double><a:double>0</a:double></Value></Attribute><Attribute z:Id="i166"><AttributeType>rpy</AttributeType><IsRequired>true</IsRequired><Value i:type="a:ArrayOfdouble" xmlns:a="http://schemas.microsoft.com/2003/10/Serialization/Arrays"><a:double>0</a:double><a:double>0</a:double><a:double>0</a:double></Value></Attribute></Attributes><ChildElements/><ElementName>origin</ElementName><required>false</required><RPYAttribute z:Ref="i166"/><XYZAttribute z:Ref="i165"/><isCustomized>false</isCustomized></URDFElement><URDFElement z:Id="i167" i:type="Geometry"><Attributes/><ChildElements><URDFElement z:Id="i168" i:type="Mesh"><Attributes><Attribute z:Id="i169"><AttributeType>filename</AttributeType><IsRequired>true</IsRequired><Value i:nil="true"/></Attribute></Attributes><ChildElements/><ElementName>mesh</ElementName><required>false</required><FilenameAttribute z:Ref="i169"/></URDFElement></ChildElements><ElementName>geometry</ElementName><required>true</required><Mesh z:Ref="i168"/></URDFElement></ChildElements><ElementName>collision</ElementName><required>false</required><Geometry z:Ref="i167"/><Origin z:Ref="i164"/></URDFElement><URDFElement z:Id="i170" i:type="Joint"><Attributes><Attribute z:Id="i171"><AttributeType>name</AttributeType><IsRequired>true</IsRequired><Value i:type="a:string" xmlns:a="http://www.w3.org/2001/XMLSchema">right_wheel_joint</Value></Attribute><Attribute z:Id="i172"><AttributeType>type</AttributeType><IsRequired>true</IsRequired><Value i:type="a:string" xmlns:a="http://www.w3.org/2001/XMLSchema">continuous</Value></Attribute></Attributes><ChildElements><URDFElement z:Id="i173" i:type="Origin"><Attributes><Attribute z:Id="i174"><AttributeType>xyz</AttributeType><IsRequired>true</IsRequired><Value i:type="a:ArrayOfdouble" xmlns:a="http://schemas.microsoft.com/2003/10/Serialization/Arrays"><a:double>-5E-05</a:double><a:double>-0.2146</a:double><a:double>-0.002</a:double></Value></Attribute><Attribute z:Id="i175"><AttributeType>rpy</AttributeType><IsRequired>true</IsRequired><Value i:type="a:ArrayOfdouble" xmlns:a="http://schemas.microsoft.com/2003/10/Serialization/Arrays"><a:double>0</a:double><a:double>0</a:double><a:double>0</a:double></Value></Attribute></Attributes><ChildElements/><ElementName>origin</ElementName><required>false</required><RPYAttribute z:Ref="i175"/><XYZAttribute z:Ref="i174"/><isCustomized>false</isCustomized></URDFElement><URDFElement z:Id="i176" i:type="ParentLink"><Attributes><Attribute z:Id="i177"><AttributeType>link</AttributeType><IsRequired>true</IsRequired><Value i:type="a:string" xmlns:a="http://www.w3.org/2001/XMLSchema">base_link</Value></Attribute></Attributes><ChildElements/><ElementName>parent</ElementName><required>true</required><NameAttribute z:Ref="i177"/></URDFElement><URDFElement z:Id="i178" i:type="ChildLink"><Attributes><Attribute z:Id="i179"><AttributeType>link</AttributeType><IsRequired>true</IsRequired><Value i:type="a:string" xmlns:a="http://www.w3.org/2001/XMLSchema">right_wheel_Link</Value></Attribute></Attributes><ChildElements/><ElementName>child</ElementName><required>true</required><NameAttribute z:Ref="i179"/></URDFElement><URDFElement z:Id="i180" i:type="Axis"><Attributes><Attribute z:Id="i181"><AttributeType>xyz</AttributeType><IsRequired>true</IsRequired><Value i:type="a:ArrayOfdouble" xmlns:a="http://schemas.microsoft.com/2003/10/Serialization/Arrays"><a:double>0.00023299</a:double><a:double>1</a:double><a:double>0</a:double></Value></Attribute></Attributes><ChildElements/><ElementName>axis</ElementName><required>false</required><XYZAttribute z:Ref="i181"/></URDFElement><URDFElement z:Id="i182" i:type="Limit"><Attributes><Attribute z:Id="i183"><AttributeType>lower</AttributeType><IsRequired>false</IsRequired><Value i:nil="true"/></Attribute><Attribute z:Id="i184"><AttributeType>upper</AttributeType><IsRequired>false</IsRequired><Value i:nil="true"/></Attribute><Attribute z:Id="i185"><AttributeType>effort</AttributeType><IsRequired>true</IsRequired><Value i:nil="true"/></Attribute><Attribute z:Id="i186"><AttributeType>velocity</AttributeType><IsRequired>true</IsRequired><Value i:nil="true"/></Attribute></Attributes><ChildElements/><ElementName>limit</ElementName><required>false</required><EffortAttribute z:Ref="i185"/><LowerAttribute z:Ref="i183"/><UpperAttribute z:Ref="i184"/><VelocityAttribute z:Ref="i186"/></URDFElement><URDFElement z:Id="i187" i:type="Calibration"><Attributes><Attribute z:Id="i188"><AttributeType>rising</AttributeType><IsRequired>false</IsRequired><Value i:nil="true"/></Attribute><Attribute z:Id="i189"><AttributeType>falling</AttributeType><IsRequired>false</IsRequired><Value i:nil="true"/></Attribute></Attributes><ChildElements/><ElementName>calibration</ElementName><required>false</required><FallingAttribute z:Ref="i189"/><RisingAttribute z:Ref="i188"/></URDFElement><URDFElement z:Id="i190" i:type="Dynamics"><Attributes><Attribute z:Id="i191"><AttributeType>damping</AttributeType><IsRequired>false</IsRequired><Value i:nil="true"/></Attribute><Attribute z:Id="i192"><AttributeType>friction</AttributeType><IsRequired>false</IsRequired><Value i:nil="true"/></Attribute></Attributes><ChildElements/><ElementName>dynamics</ElementName><required>false</required><DampingAttribute z:Ref="i191"/><FrictionAttribute z:Ref="i192"/></URDFElement><URDFElement z:Id="i193" i:type="SafetyController"><Attributes><Attribute z:Id="i194"><AttributeType>soft_upper_limit</AttributeType><IsRequired>false</IsRequired><Value i:nil="true"/></Attribute><Attribute z:Id="i195"><AttributeType>soft_lower_limit</AttributeType><IsRequired>false</IsRequired><Value i:nil="true"/></Attribute><Attribute z:Id="i196"><AttributeType>k_position</AttributeType><IsRequired>false</IsRequired><Value i:nil="true"/></Attribute><Attribute z:Id="i197"><AttributeType>k_velocity</AttributeType><IsRequired>true</IsRequired><Value i:nil="true"/></Attribute></Attributes><ChildElements/><ElementName>safety_controller</ElementName><required>false</required><KPositionAttribute z:Ref="i196"/><KVelocityAttribute z:Ref="i197"/><SoftLowerAttribute z:Ref="i195"/><SoftUpperAttribute z:Ref="i194"/></URDFElement><URDFElement z:Id="i198" i:type="Mimic"><Attributes><Attribute z:Id="i199"><AttributeType>joint</AttributeType><IsRequired>true</IsRequired><Value i:nil="true"/></Attribute><Attribute z:Id="i200"><AttributeType>multiplier</AttributeType><IsRequired>false</IsRequired><Value i:nil="true"/></Attribute><Attribute z:Id="i201"><AttributeType>offset</AttributeType><IsRequired>false</IsRequired><Value i:nil="true"/></Attribute></Attributes><ChildElements/><ElementName>mimic</ElementName><required>false</required><JointNameAttribute z:Ref="i199"/><MultiplierAttribute z:Ref="i200"/><OffsetAttribute z:Ref="i201"/></URDFElement></ChildElements><ElementName>joint</ElementName><required>false</required><Axis z:Ref="i180"/><AxisName>??????????????????</AxisName><Calibration z:Ref="i187"/><Child z:Ref="i178"/><CoordinateSystemName>?????????????????????</CoordinateSystemName><Dynamics z:Ref="i190"/><Limit z:Ref="i182"/><Mimic z:Ref="i198"/><NameAttribute z:Ref="i171"/><Origin z:Ref="i173"/><Parent z:Ref="i176"/><Safety z:Ref="i193"/><TypeAttribute z:Ref="i172"/></URDFElement></ChildElements><ElementName>link</ElementName><required>true</required><Children/><Collision z:Ref="i163"/><Inertial z:Ref="i137"/><Joint z:Ref="i170"/><NameAttribute z:Ref="i136"/><Parent z:Ref="i1"/><STLQualityFine>false</STLQualityFine><SWComponentPIDs xmlns:a="http://schemas.microsoft.com/2003/10/Serialization/Arrays"><a:base64Binary>UEYAAAUAAAD//v+jbo/CazV1OmctADEAQACVXth2O2DFiF8ATQBpAGQAMwA2ADAASHIvAFoATABMAEcANgA1AEEAUwBNADIANQAwAC0ANAAwADkANgAgAFYAMgAuADAAVVP6UXSPLgBzAHQAcAAtADEAQABuj8JrNXU6Zy8ANgBfADUAQwAtAEIAWgBfAEEAUwBNAF8AQQBTAE0ALgBzAHQAcAAtADEAQABaAEwATABHADYANQBBAFMATQAyADUAMAAtADQAMAA5ADYAIABWADIALgAwAFVT+lF0jy4AcwB0AHAALwBNAEEATgBJAEYATwBMAEQAXwBTAE8ATABJAEQAXwBCAFIARQBQAF8ANgA2ADkANwBfADEAXwAxAC4AcwB0AHAALQAxAEAANgBfADUAQwAtAEIAWgBfAEEAUwBNAF8AQQBTAE0ALgBzAHQAcAAEAAAAEAAAAAEAAAAEAAAARgAAABkAAAARAAAAEwAAAA==</a:base64Binary><a:base64Binary>UEYAAAUAAAD//v/Nbo/CazV1OmctADEAQACVXth2O2DFiF8ATQBpAGQAMwA2ADAASHIvAFoATABMAEcANgA1AEEAUwBNADIANQAwAC0ANAAwADkANgAgAFYAMgAuADAAVVP6UXSPLgBzAHQAcAAtADEAQABuj8JrNXU6Zy8ANgBfADUAQwAtAEIAWgBfAEEAUwBNAF8AQQBTAE0ALgBzAHQAcAAtADEAQABaAEwATABHADYANQBBAFMATQAyADUAMAAtADQAMAA5ADYAIABWADIALgAwAFVT+lF0jy4AcwB0AHAALwA2AF8ANQBDAFUATgAtAEMASQBfAEEAUwBNAF8AQQBTAE0ALgBzAHQAcAAtADEAQAA2AF8ANQBDAC0AQgBaAF8AQQBTAE0AXwBBAFMATQAuAHMAdABwAC8ATQBBAE4ASQBGAE8ATABEAF8AUwBPAEwASQBEAF8AQgBSAEUAUABfADYANwAwADAALgBzAHQAcAAtADEAQAA2AF8ANQBDAFUATgAtAEMASQBfAEEAUwBNAF8AQQBTAE0ALgBzAHQAcAAEAAAAEAAAAAEAAAAFAAAARgAAABkAAAARAAAAEQAAABUAAAA=</a:base64Binary><a:base64Binary>UEYAAAUAAAD//v/Nbo/CazV1OmctADEAQACVXth2O2DFiF8ATQBpAGQAMwA2ADAASHIvAFoATABMAEcANgA1AEEAUwBNADIANQAwAC0ANAAwADkANgAgAFYAMgAuADAAVVP6UXSPLgBzAHQAcAAtADEAQABuj8JrNXU6Zy8ANgBfADUAQwAtAEIAWgBfAEEAUwBNAF8AQQBTAE0ALgBzAHQAcAAtADEAQABaAEwATABHADYANQBBAFMATQAyADUAMAAtADQAMAA5ADYAIABWADIALgAwAFVT+lF0jy4AcwB0AHAALwA2AF8ANQBDAFUATgAtAEMASQBfAEEAUwBNAF8AQQBTAE0ALgBzAHQAcAAtADEAQAA2AF8ANQBDAC0AQgBaAF8AQQBTAE0AXwBBAFMATQAuAHMAdABwAC8ATQBBAE4ASQBGAE8ATABEAF8AUwBPAEwASQBEAF8AQgBSAEUAUABfADYANwAwADEALgBzAHQAcAAtADEAQAA2AF8ANQBDAFUATgAtAEMASQBfAEEAUwBNAF8AQQBTAE0ALgBzAHQAcAAEAAAAEAAAAAEAAAAFAAAARgAAABkAAAARAAAAEQAAABYAAAA=</a:base64Binary></SWComponentPIDs><SWMainComponentPID i:nil="true"/><Visual z:Ref="i150"/><isFixedFrame>false</isFixedFrame><isIncomplete>false</isIncomplete></Link><Link z:Id="i202"><Attributes><Attribute z:Id="i203"><AttributeType>name</AttributeType><IsRequired>true</IsRequired><Value i:type="a:string" xmlns:a="http://www.w3.org/2001/XMLSchema">lf_Link</Value></Attribute></Attributes><ChildElements><URDFElement z:Id="i204" i:type="Inertial"><Attributes/><ChildElements><URDFElement z:Id="i205" i:type="Origin"><Attributes><Attribute z:Id="i206"><AttributeType>xyz</AttributeType><IsRequired>true</IsRequired><Value i:type="a:ArrayOfdouble" xmlns:a="http://schemas.microsoft.com/2003/10/Serialization/Arrays"><a:double>0.0047843948653408519</a:double><a:double>-0.00019494050385537864</a:double><a:double>-0.020089741575926735</a:double></Value></Attribute><Attribute z:Id="i207"><AttributeType>rpy</AttributeType><IsRequired>true</IsRequired><Value i:type="a:ArrayOfdouble" xmlns:a="http://schemas.microsoft.com/2003/10/Serialization/Arrays"><a:double>0</a:double><a:double>0</a:double><a:double>0</a:double></Value></Attribute></Attributes><ChildElements/><ElementName>origin</ElementName><required>false</required><RPYAttribute z:Ref="i207"/><XYZAttribute z:Ref="i206"/><isCustomized>false</isCustomized></URDFElement><URDFElement z:Id="i208" i:type="Mass"><Attributes><Attribute z:Id="i209"><AttributeType>value</AttributeType><IsRequired>true</IsRequired><Value i:type="a:double" xmlns:a="http://www.w3.org/2001/XMLSchema">0.076433185256144329</Value></Attribute></Attributes><ChildElements/><ElementName>mass</ElementName><required>false</required><ValueAttribute z:Ref="i209"/></URDFElement><URDFElement z:Id="i210" i:type="Inertia"><Attributes><Attribute z:Id="i211"><AttributeType>ixx</AttributeType><IsRequired>true</IsRequired><Value i:type="a:double" xmlns:a="http://www.w3.org/2001/XMLSchema">6.3870777023600922E-05</Value></Attribute><Attribute z:Id="i212"><AttributeType>ixy</AttributeType><IsRequired>true</IsRequired><Value i:type="a:double" xmlns:a="http://www.w3.org/2001/XMLSchema">2.871225191566476E-07</Value></Attribute><Attribute z:Id="i213"><AttributeType>ixz</AttributeType><IsRequired>true</IsRequired><Value i:type="a:double" xmlns:a="http://www.w3.org/2001/XMLSchema">1.040977405790937E-05</Value></Attribute><Attribute z:Id="i214"><AttributeType>iyy</AttributeType><IsRequired>true</IsRequired><Value i:type="a:double" xmlns:a="http://www.w3.org/2001/XMLSchema">5.8001018091224945E-05</Value></Attribute><Attribute z:Id="i215"><AttributeType>iyz</AttributeType><IsRequired>true</IsRequired><Value i:type="a:double" xmlns:a="http://www.w3.org/2001/XMLSchema">-5.2740637032001079E-07</Value></Attribute><Attribute z:Id="i216"><AttributeType>izz</AttributeType><IsRequired>true</IsRequired><Value i:type="a:double" xmlns:a="http://www.w3.org/2001/XMLSchema">5.4010396952726311E-05</Value></Attribute></Attributes><ChildElements/><ElementName>inertia</ElementName><required>false</required><IxxAttribute z:Ref="i211"/><IxyAttribute z:Ref="i212"/><IxzAttribute z:Ref="i213"/><IyyAttribute z:Ref="i214"/><IyzAttribute z:Ref="i215"/><IzzAttribute z:Ref="i216"/></URDFElement></ChildElements><ElementName>inertial</ElementName><required>false</required><Inertia z:Ref="i210"/><Mass z:Ref="i208"/><Origin z:Ref="i205"/></URDFElement><URDFElement z:Id="i217" i:type="Visual"><Attributes/><ChildElements><URDFElement z:Id="i218" i:type="Origin"><Attributes><Attribute z:Id="i219"><AttributeType>xyz</AttributeType><IsRequired>true</IsRequired><Value i:type="a:ArrayOfdouble" xmlns:a="http://schemas.microsoft.com/2003/10/Serialization/Arrays"><a:double>0</a:double><a:double>0</a:double><a:double>0</a:double></Value></Attribute><Attribute z:Id="i220"><AttributeType>rpy</AttributeType><IsRequired>true</IsRequired><Value i:type="a:ArrayOfdouble" xmlns:a="http://schemas.microsoft.com/2003/10/Serialization/Arrays"><a:double>0</a:double><a:double>0</a:double><a:double>0</a:double></Value></Attribute></Attributes><ChildElements/><ElementName>origin</ElementName><required>false</required><RPYAttribute z:Ref="i220"/><XYZAttribute z:Ref="i219"/><isCustomized>false</isCustomized></URDFElement><URDFElement z:Id="i221" i:type="Geometry"><Attributes/><ChildElements><URDFElement z:Id="i222" i:type="Mesh"><Attributes><Attribute z:Id="i223"><AttributeType>filename</AttributeType><IsRequired>true</IsRequired><Value i:nil="true"/></Attribute></Attributes><ChildElements/><ElementName>mesh</ElementName><required>false</required><FilenameAttribute z:Ref="i223"/></URDFElement></ChildElements><ElementName>geometry</ElementName><required>true</required><Mesh z:Ref="i222"/></URDFElement><URDFElement z:Id="i224" i:type="Material"><Attributes><Attribute z:Id="i225"><AttributeType>name</AttributeType><IsRequired>true</IsRequired><Value i:type="a:string" xmlns:a="http://www.w3.org/2001/XMLSchema"/></Attribute></Attributes><ChildElements><URDFElement z:Id="i226" i:type="Color"><Attributes><Attribute z:Id="i227"><AttributeType>rgba</AttributeType><IsRequired>true</IsRequired><Value i:type="a:ArrayOfdouble" xmlns:a="http://schemas.microsoft.com/2003/10/Serialization/Arrays"><a:double>0.75686274509803919</a:double><a:double>0.76862745098039209</a:double><a:double>0.75294117647058822</a:double><a:double>1</a:double></Value></Attribute></Attributes><ChildElements/><ElementName>color</ElementName><required>false</required><RGBAAttribute z:Ref="i227"/></URDFElement><URDFElement z:Id="i228" i:type="Texture"><Attributes><Attribute z:Id="i229"><AttributeType>filename</AttributeType><IsRequired>true</IsRequired><Value i:nil="true"/></Attribute></Attributes><ChildElements/><ElementName>texture</ElementName><required>false</required><FilenameAttribute z:Ref="i229"/><wFilename/></URDFElement></ChildElements><ElementName>material</ElementName><required>false</required><Color z:Ref="i226"/><NameAttribute z:Ref="i225"/><Texture z:Ref="i228"/></URDFElement></ChildElements><ElementName>visual</ElementName><required>false</required><Geometry z:Ref="i221"/><Material z:Ref="i224"/><Origin z:Ref="i218"/></URDFElement><URDFElement z:Id="i230" i:type="Collision"><Attributes/><ChildElements><URDFElement z:Id="i231" i:type="Origin"><Attributes><Attribute z:Id="i232"><AttributeType>xyz</AttributeType><IsRequired>true</IsRequired><Value i:type="a:ArrayOfdouble" xmlns:a="http://schemas.microsoft.com/2003/10/Serialization/Arrays"><a:double>0</a:double><a:double>0</a:double><a:double>0</a:double></Value></Attribute><Attribute z:Id="i233"><AttributeType>rpy</AttributeType><IsRequired>true</IsRequired><Value i:type="a:ArrayOfdouble" xmlns:a="http://schemas.microsoft.com/2003/10/Serialization/Arrays"><a:double>0</a:double><a:double>0</a:double><a:double>0</a:double></Value></Attribute></Attributes><ChildElements/><ElementName>origin</ElementName><required>false</required><RPYAttribute z:Ref="i233"/><XYZAttribute z:Ref="i232"/><isCustomized>false</isCustomized></URDFElement><URDFElement z:Id="i234" i:type="Geometry"><Attributes/><ChildElements><URDFElement z:Id="i235" i:type="Mesh"><Attributes><Attribute z:Id="i236"><AttributeType>filename</AttributeType><IsRequired>true</IsRequired><Value i:nil="true"/></Attribute></Attributes><ChildElements/><ElementName>mesh</ElementName><required>false</required><FilenameAttribute z:Ref="i236"/></URDFElement></ChildElements><ElementName>geometry</ElementName><required>true</required><Mesh z:Ref="i235"/></URDFElement></ChildElements><ElementName>collision</ElementName><required>false</required><Geometry z:Ref="i234"/><Origin z:Ref="i231"/></URDFElement><URDFElement z:Id="i237" i:type="Joint"><Attributes><Attribute z:Id="i238"><AttributeType>name</AttributeType><IsRequired>true</IsRequired><Value i:type="a:string" xmlns:a="http://www.w3.org/2001/XMLSchema">lf_joint</Value></Attribute><Attribute z:Id="i239"><AttributeType>type</AttributeType><IsRequired>true</IsRequired><Value i:type="a:string" xmlns:a="http://www.w3.org/2001/XMLSchema">continuous</Value></Attribute></Attributes><ChildElements><URDFElement z:Id="i240" i:type="Origin"><Attributes><Attribute z:Id="i241"><AttributeType>xyz</AttributeType><IsRequired>true</IsRequired><Value i:type="a:ArrayOfdouble" xmlns:a="http://schemas.microsoft.com/2003/10/Serialization/Arrays"><a:double>0.3818</a:double><a:double>0.17675</a:double><a:double>0.0052475</a:double></Value></Attribute><Attribute z:Id="i242"><AttributeType>rpy</AttributeType><IsRequired>true</IsRequired><Value i:type="a:ArrayOfdouble" xmlns:a="http://schemas.microsoft.com/2003/10/Serialization/Arrays"><a:double>0</a:double><a:double>0</a:double><a:double>0</a:double></Value></Attribute></Attributes><ChildElements/><ElementName>origin</ElementName><required>false</required><RPYAttribute z:Ref="i242"/><XYZAttribute z:Ref="i241"/><isCustomized>false</isCustomized></URDFElement><URDFElement z:Id="i243" i:type="ParentLink"><Attributes><Attribute z:Id="i244"><AttributeType>link</AttributeType><IsRequired>true</IsRequired><Value i:type="a:string" xmlns:a="http://www.w3.org/2001/XMLSchema">base_link</Value></Attribute></Attributes><ChildElements/><ElementName>parent</ElementName><required>true</required><NameAttribute z:Ref="i244"/></URDFElement><URDFElement z:Id="i245" i:type="ChildLink"><Attributes><Attribute z:Id="i246"><AttributeType>link</AttributeType><IsRequired>true</IsRequired><Value i:type="a:string" xmlns:a="http://www.w3.org/2001/XMLSchema">lf_Link</Value></Attribute></Attributes><ChildElements/><ElementName>child</ElementName><required>true</required><NameAttribute z:Ref="i246"/></URDFElement><URDFElement z:Id="i247" i:type="Axis"><Attributes><Attribute z:Id="i248"><AttributeType>xyz</AttributeType><IsRequired>true</IsRequired><Value i:type="a:ArrayOfdouble" xmlns:a="http://schemas.microsoft.com/2003/10/Serialization/Arrays"><a:double>0</a:double><a:double>0</a:double><a:double>-1</a:double></Value></Attribute></Attributes><ChildElements/><ElementName>axis</ElementName><required>false</required><XYZAttribute z:Ref="i248"/></URDFElement><URDFElement z:Id="i249" i:type="Limit"><Attributes><Attribute z:Id="i250"><AttributeType>lower</AttributeType><IsRequired>false</IsRequired><Value i:nil="true"/></Attribute><Attribute z:Id="i251"><AttributeType>upper</AttributeType><IsRequired>false</IsRequired><Value i:nil="true"/></Attribute><Attribute z:Id="i252"><AttributeType>effort</AttributeType><IsRequired>true</IsRequired><Value i:nil="true"/></Attribute><Attribute z:Id="i253"><AttributeType>velocity</AttributeType><IsRequired>true</IsRequired><Value i:nil="true"/></Attribute></Attributes><ChildElements/><ElementName>limit</ElementName><required>false</required><EffortAttribute z:Ref="i252"/><LowerAttribute z:Ref="i250"/><UpperAttribute z:Ref="i251"/><VelocityAttribute z:Ref="i253"/></URDFElement><URDFElement z:Id="i254" i:type="Calibration"><Attributes><Attribute z:Id="i255"><AttributeType>rising</AttributeType><IsRequired>false</IsRequired><Value i:nil="true"/></Attribute><Attribute z:Id="i256"><AttributeType>falling</AttributeType><IsRequired>false</IsRequired><Value i:nil="true"/></Attribute></Attributes><ChildElements/><ElementName>calibration</ElementName><required>false</required><FallingAttribute z:Ref="i256"/><RisingAttribute z:Ref="i255"/></URDFElement><URDFElement z:Id="i257" i:type="Dynamics"><Attributes><Attribute z:Id="i258"><AttributeType>damping</AttributeType><IsRequired>false</IsRequired><Value i:nil="true"/></Attribute><Attribute z:Id="i259"><AttributeType>friction</AttributeType><IsRequired>false</IsRequired><Value i:nil="true"/></Attribute></Attributes><ChildElements/><ElementName>dynamics</ElementName><required>false</required><DampingAttribute z:Ref="i258"/><FrictionAttribute z:Ref="i259"/></URDFElement><URDFElement z:Id="i260" i:type="SafetyController"><Attributes><Attribute z:Id="i261"><AttributeType>soft_upper_limit</AttributeType><IsRequired>false</IsRequired><Value i:nil="true"/></Attribute><Attribute z:Id="i262"><AttributeType>soft_lower_limit</AttributeType><IsRequired>false</IsRequired><Value i:nil="true"/></Attribute><Attribute z:Id="i263"><AttributeType>k_position</AttributeType><IsRequired>false</IsRequired><Value i:nil="true"/></Attribute><Attribute z:Id="i264"><AttributeType>k_velocity</AttributeType><IsRequired>true</IsRequired><Value i:nil="true"/></Attribute></Attributes><ChildElements/><ElementName>safety_controller</ElementName><required>false</required><KPositionAttribute z:Ref="i263"/><KVelocityAttribute z:Ref="i264"/><SoftLowerAttribute z:Ref="i262"/><SoftUpperAttribute z:Ref="i261"/></URDFElement><URDFElement z:Id="i265" i:type="Mimic"><Attributes><Attribute z:Id="i266"><AttributeType>joint</AttributeType><IsRequired>true</IsRequired><Value i:nil="true"/></Attribute><Attribute z:Id="i267"><AttributeType>multiplier</AttributeType><IsRequired>false</IsRequired><Value i:nil="true"/></Attribute><Attribute z:Id="i268"><AttributeType>offset</AttributeType><IsRequired>false</IsRequired><Value i:nil="true"/></Attribute></Attributes><ChildElements/><ElementName>mimic</ElementName><required>false</required><JointNameAttribute z:Ref="i266"/><MultiplierAttribute z:Ref="i267"/><OffsetAttribute z:Ref="i268"/></URDFElement></ChildElements><ElementName>joint</ElementName><required>false</required><Axis z:Ref="i247"/><AxisName>??????????????????5</AxisName><Calibration z:Ref="i254"/><Child z:Ref="i245"/><CoordinateSystemName>??????????????????5</CoordinateSystemName><Dynamics z:Ref="i257"/><Limit z:Ref="i249"/><Mimic z:Ref="i265"/><NameAttribute z:Ref="i238"/><Origin z:Ref="i240"/><Parent z:Ref="i243"/><Safety z:Ref="i260"/><TypeAttribute z:Ref="i239"/></URDFElement></ChildElements><ElementName>link</ElementName><required>true</required><Children><Link z:Id="i269"><Attributes><Attribute z:Id="i270"><AttributeType>name</AttributeType><IsRequired>true</IsRequired><Value i:type="a:string" xmlns:a="http://www.w3.org/2001/XMLSchema">lf_wheel_Link</Value></Attribute></Attributes><ChildElements><URDFElement z:Id="i271" i:type="Inertial"><Attributes/><ChildElements><URDFElement z:Id="i272" i:type="Origin"><Attributes><Attribute z:Id="i273"><AttributeType>xyz</AttributeType><IsRequired>true</IsRequired><Value i:type="a:ArrayOfdouble" xmlns:a="http://schemas.microsoft.com/2003/10/Serialization/Arrays"><a:double>-2.386272388021915E-07</a:double><a:double>-1.4580375795603118E-10</a:double><a:double>-5.8242737854818927E-08</a:double></Value></Attribute><Attribute z:Id="i274"><AttributeType>rpy</AttributeType><IsRequired>true</IsRequired><Value i:type="a:ArrayOfdouble" xmlns:a="http://schemas.microsoft.com/2003/10/Serialization/Arrays"><a:double>0</a:double><a:double>0</a:double><a:double>0</a:double></Value></Attribute></Attributes><ChildElements/><ElementName>origin</ElementName><required>false</required><RPYAttribute z:Ref="i274"/><XYZAttribute z:Ref="i273"/><isCustomized>false</isCustomized></URDFElement><URDFElement z:Id="i275" i:type="Mass"><Attributes><Attribute z:Id="i276"><AttributeType>value</AttributeType><IsRequired>true</IsRequired><Value i:type="a:double" xmlns:a="http://www.w3.org/2001/XMLSchema">0.1504676377503511</Value></Attribute></Attributes><ChildElements/><ElementName>mass</ElementName><required>false</required><ValueAttribute z:Ref="i276"/></URDFElement><URDFElement z:Id="i277" i:type="Inertia"><Attributes><Attribute z:Id="i278"><AttributeType>ixx</AttributeType><IsRequired>true</IsRequired><Value i:type="a:double" xmlns:a="http://www.w3.org/2001/XMLSchema">7.0425987480744409E-05</Value></Attribute><Attribute z:Id="i279"><AttributeType>ixy</AttributeType><IsRequired>true</IsRequired><Value i:type="a:double" xmlns:a="http://www.w3.org/2001/XMLSchema">2.5531455858405459E-13</Value></Attribute><Attribute z:Id="i280"><AttributeType>ixz</AttributeType><IsRequired>true</IsRequired><Value i:type="a:double" xmlns:a="http://www.w3.org/2001/XMLSchema">-6.7518873005722594E-12</Value></Attribute><Attribute z:Id="i281"><AttributeType>iyy</AttributeType><IsRequired>true</IsRequired><Value i:type="a:double" xmlns:a="http://www.w3.org/2001/XMLSchema">0.00010833387040612208</Value></Attribute><Attribute z:Id="i282"><AttributeType>iyz</AttributeType><IsRequired>true</IsRequired><Value i:type="a:double" xmlns:a="http://www.w3.org/2001/XMLSchema">2.6232252667032034E-10</Value></Attribute><Attribute z:Id="i283"><AttributeType>izz</AttributeType><IsRequired>true</IsRequired><Value i:type="a:double" xmlns:a="http://www.w3.org/2001/XMLSchema">7.0430149980169575E-05</Value></Attribute></Attributes><ChildElements/><ElementName>inertia</ElementName><required>false</required><IxxAttribute z:Ref="i278"/><IxyAttribute z:Ref="i279"/><IxzAttribute z:Ref="i280"/><IyyAttribute z:Ref="i281"/><IyzAttribute z:Ref="i282"/><IzzAttribute z:Ref="i283"/></URDFElement></ChildElements><ElementName>inertial</ElementName><required>false</required><Inertia z:Ref="i277"/><Mass z:Ref="i275"/><Origin z:Ref="i272"/></URDFElement><URDFElement z:Id="i284" i:type="Visual"><Attributes/><ChildElements><URDFElement z:Id="i285" i:type="Origin"><Attributes><Attribute z:Id="i286"><AttributeType>xyz</AttributeType><IsRequired>true</IsRequired><Value i:type="a:ArrayOfdouble" xmlns:a="http://schemas.microsoft.com/2003/10/Serialization/Arrays"><a:double>0</a:double><a:double>0</a:double><a:double>0</a:double></Value></Attribute><Attribute z:Id="i287"><AttributeType>rpy</AttributeType><IsRequired>true</IsRequired><Value i:type="a:ArrayOfdouble" xmlns:a="http://schemas.microsoft.com/2003/10/Serialization/Arrays"><a:double>0</a:double><a:double>0</a:double><a:double>0</a:double></Value></Attribute></Attributes><ChildElements/><ElementName>origin</ElementName><required>false</required><RPYAttribute z:Ref="i287"/><XYZAttribute z:Ref="i286"/><isCustomized>false</isCustomized></URDFElement><URDFElement z:Id="i288" i:type="Geometry"><Attributes/><ChildElements><URDFElement z:Id="i289" i:type="Mesh"><Attributes><Attribute z:Id="i290"><AttributeType>filename</AttributeType><IsRequired>true</IsRequired><Value i:nil="true"/></Attribute></Attributes><ChildElements/><ElementName>mesh</ElementName><required>false</required><FilenameAttribute z:Ref="i290"/></URDFElement></ChildElements><ElementName>geometry</ElementName><required>true</required><Mesh z:Ref="i289"/></URDFElement><URDFElement z:Id="i291" i:type="Material"><Attributes><Attribute z:Id="i292"><AttributeType>name</AttributeType><IsRequired>true</IsRequired><Value i:type="a:string" xmlns:a="http://www.w3.org/2001/XMLSchema"/></Attribute></Attributes><ChildElements><URDFElement z:Id="i293" i:type="Color"><Attributes><Attribute z:Id="i294"><AttributeType>rgba</AttributeType><IsRequired>true</IsRequired><Value i:type="a:ArrayOfdouble" xmlns:a="http://schemas.microsoft.com/2003/10/Serialization/Arrays"><a:double>0.75686274509803919</a:double><a:double>0.76862745098039209</a:double><a:double>0.75294117647058822</a:double><a:double>1</a:double></Value></Attribute></Attributes><ChildElements/><ElementName>color</ElementName><required>false</required><RGBAAttribute z:Ref="i294"/></URDFElement><URDFElement z:Id="i295" i:type="Texture"><Attributes><Attribute z:Id="i296"><AttributeType>filename</AttributeType><IsRequired>true</IsRequired><Value i:nil="true"/></Attribute></Attributes><ChildElements/><ElementName>texture</ElementName><required>false</required><FilenameAttribute z:Ref="i296"/><wFilename/></URDFElement></ChildElements><ElementName>material</ElementName><required>false</required><Color z:Ref="i293"/><NameAttribute z:Ref="i292"/><Texture z:Ref="i295"/></URDFElement></ChildElements><ElementName>visual</ElementName><required>false</required><Geometry z:Ref="i288"/><Material z:Ref="i291"/><Origin z:Ref="i285"/></URDFElement><URDFElement z:Id="i297" i:type="Collision"><Attributes/><ChildElements><URDFElement z:Id="i298" i:type="Origin"><Attributes><Attribute z:Id="i299"><AttributeType>xyz</AttributeType><IsRequired>true</IsRequired><Value i:type="a:ArrayOfdouble" xmlns:a="http://schemas.microsoft.com/2003/10/Serialization/Arrays"><a:double>0</a:double><a:double>0</a:double><a:double>0</a:double></Value></Attribute><Attribute z:Id="i300"><AttributeType>rpy</AttributeType><IsRequired>true</IsRequired><Value i:type="a:ArrayOfdouble" xmlns:a="http://schemas.microsoft.com/2003/10/Serialization/Arrays"><a:double>0</a:double><a:double>0</a:double><a:double>0</a:double></Value></Attribute></Attributes><ChildElements/><ElementName>origin</ElementName><required>false</required><RPYAttribute z:Ref="i300"/><XYZAttribute z:Ref="i299"/><isCustomized>false</isCustomized></URDFElement><URDFElement z:Id="i301" i:type="Geometry"><Attributes/><ChildElements><URDFElement z:Id="i302" i:type="Mesh"><Attributes><Attribute z:Id="i303"><AttributeType>filename</AttributeType><IsRequired>true</IsRequired><Value i:nil="true"/></Attribute></Attributes><ChildElements/><ElementName>mesh</ElementName><required>false</required><FilenameAttribute z:Ref="i303"/></URDFElement></ChildElements><ElementName>geometry</ElementName><required>true</required><Mesh z:Ref="i302"/></URDFElement></ChildElements><ElementName>collision</ElementName><required>false</required><Geometry z:Ref="i301"/><Origin z:Ref="i298"/></URDFElement><URDFElement z:Id="i304" i:type="Joint"><Attributes><Attribute z:Id="i305"><AttributeType>name</AttributeType><IsRequired>true</IsRequired><Value i:type="a:string" xmlns:a="http://www.w3.org/2001/XMLSchema">lf_wheel_joint</Value></Attribute><Attribute z:Id="i306"><AttributeType>type</AttributeType><IsRequired>true</IsRequired><Value i:type="a:string" xmlns:a="http://www.w3.org/2001/XMLSchema">continuous</Value></Attribute></Attributes><ChildElements><URDFElement z:Id="i307" i:type="Origin"><Attributes><Attribute z:Id="i308"><AttributeType>xyz</AttributeType><IsRequired>true</IsRequired><Value i:type="a:ArrayOfdouble" xmlns:a="http://schemas.microsoft.com/2003/10/Serialization/Arrays"><a:double>0.024001</a:double><a:double>0</a:double><a:double>-0.055747</a:double></Value></Attribute><Attribute z:Id="i309"><AttributeType>rpy</AttributeType><IsRequired>true</IsRequired><Value i:type="a:ArrayOfdouble" xmlns:a="http://schemas.microsoft.com/2003/10/Serialization/Arrays"><a:double>0</a:double><a:double>0</a:double><a:double>0</a:double></Value></Attribute></Attributes><ChildElements/><ElementName>origin</ElementName><required>false</required><RPYAttribute z:Ref="i309"/><XYZAttribute z:Ref="i308"/><isCustomized>false</isCustomized></URDFElement><URDFElement z:Id="i310" i:type="ParentLink"><Attributes><Attribute z:Id="i311"><AttributeType>link</AttributeType><IsRequired>true</IsRequired><Value i:type="a:string" xmlns:a="http://www.w3.org/2001/XMLSchema">lf_Link</Value></Attribute></Attributes><ChildElements/><ElementName>parent</ElementName><required>true</required><NameAttribute z:Ref="i311"/></URDFElement><URDFElement z:Id="i312" i:type="ChildLink"><Attributes><Attribute z:Id="i313"><AttributeType>link</AttributeType><IsRequired>true</IsRequired><Value i:type="a:string" xmlns:a="http://www.w3.org/2001/XMLSchema">lf_wheel_Link</Value></Attribute></Attributes><ChildElements/><ElementName>child</ElementName><required>true</required><NameAttribute z:Ref="i313"/></URDFElement><URDFElement z:Id="i314" i:type="Axis"><Attributes><Attribute z:Id="i315"><AttributeType>xyz</AttributeType><IsRequired>true</IsRequired><Value i:type="a:ArrayOfdouble" xmlns:a="http://schemas.microsoft.com/2003/10/Serialization/Arrays"><a:double>0</a:double><a:double>1</a:double><a:double>0</a:double></Value></Attribute></Attributes><ChildElements/><ElementName>axis</ElementName><required>false</required><XYZAttribute z:Ref="i315"/></URDFElement><URDFElement z:Id="i316" i:type="Limit"><Attributes><Attribute z:Id="i317"><AttributeType>lower</AttributeType><IsRequired>false</IsRequired><Value i:nil="true"/></Attribute><Attribute z:Id="i318"><AttributeType>upper</AttributeType><IsRequired>false</IsRequired><Value i:nil="true"/></Attribute><Attribute z:Id="i319"><AttributeType>effort</AttributeType><IsRequired>true</IsRequired><Value i:nil="true"/></Attribute><Attribute z:Id="i320"><AttributeType>velocity</AttributeType><IsRequired>true</IsRequired><Value i:nil="true"/></Attribute></Attributes><ChildElements/><ElementName>limit</ElementName><required>false</required><EffortAttribute z:Ref="i319"/><LowerAttribute z:Ref="i317"/><UpperAttribute z:Ref="i318"/><VelocityAttribute z:Ref="i320"/></URDFElement><URDFElement z:Id="i321" i:type="Calibration"><Attributes><Attribute z:Id="i322"><AttributeType>rising</AttributeType><IsRequired>false</IsRequired><Value i:nil="true"/></Attribute><Attribute z:Id="i323"><AttributeType>falling</AttributeType><IsRequired>false</IsRequired><Value i:nil="true"/></Attribute></Attributes><ChildElements/><ElementName>calibration</ElementName><required>false</required><FallingAttribute z:Ref="i323"/><RisingAttribute z:Ref="i322"/></URDFElement><URDFElement z:Id="i324" i:type="Dynamics"><Attributes><Attribute z:Id="i325"><AttributeType>damping</AttributeType><IsRequired>false</IsRequired><Value i:nil="true"/></Attribute><Attribute z:Id="i326"><AttributeType>friction</AttributeType><IsRequired>false</IsRequired><Value i:nil="true"/></Attribute></Attributes><ChildElements/><ElementName>dynamics</ElementName><required>false</required><DampingAttribute z:Ref="i325"/><FrictionAttribute z:Ref="i326"/></URDFElement><URDFElement z:Id="i327" i:type="SafetyController"><Attributes><Attribute z:Id="i328"><AttributeType>soft_upper_limit</AttributeType><IsRequired>false</IsRequired><Value i:nil="true"/></Attribute><Attribute z:Id="i329"><AttributeType>soft_lower_limit</AttributeType><IsRequired>false</IsRequired><Value i:nil="true"/></Attribute><Attribute z:Id="i330"><AttributeType>k_position</AttributeType><IsRequired>false</IsRequired><Value i:nil="true"/></Attribute><Attribute z:Id="i331"><AttributeType>k_velocity</AttributeType><IsRequired>true</IsRequired><Value i:nil="true"/></Attribute></Attributes><ChildElements/><ElementName>safety_controller</ElementName><required>false</required><KPositionAttribute z:Ref="i330"/><KVelocityAttribute z:Ref="i331"/><SoftLowerAttribute z:Ref="i329"/><SoftUpperAttribute z:Ref="i328"/></URDFElement><URDFElement z:Id="i332" i:type="Mimic"><Attributes><Attribute z:Id="i333"><AttributeType>joint</AttributeType><IsRequired>true</IsRequired><Value i:nil="true"/></Attribute><Attribute z:Id="i334"><AttributeType>multiplier</AttributeType><IsRequired>false</IsRequired><Value i:nil="true"/></Attribute><Attribute z:Id="i335"><AttributeType>offset</AttributeType><IsRequired>false</IsRequired><Value i:nil="true"/></Attribute></Attributes><ChildElements/><ElementName>mimic</ElementName><required>false</required><JointNameAttribute z:Ref="i333"/><MultiplierAttribute z:Ref="i334"/><OffsetAttribute z:Ref="i335"/></URDFElement></ChildElements><ElementName>joint</ElementName><required>false</required><Axis z:Ref="i314"/><AxisName>?????????????????????3</AxisName><Calibration z:Ref="i321"/><Child z:Ref="i312"/><CoordinateSystemName>?????????????????????3</CoordinateSystemName><Dynamics z:Ref="i324"/><Limit z:Ref="i316"/><Mimic z:Ref="i332"/><NameAttribute z:Ref="i305"/><Origin z:Ref="i307"/><Parent z:Ref="i310"/><Safety z:Ref="i327"/><TypeAttribute z:Ref="i306"/></URDFElement></ChildElements><ElementName>link</ElementName><required>true</required><Children/><Collision z:Ref="i297"/><Inertial z:Ref="i271"/><Joint z:Ref="i304"/><NameAttribute z:Ref="i270"/><Parent z:Ref="i202"/><STLQualityFine>false</STLQualityFine><SWComponentPIDs xmlns:a="http://schemas.microsoft.com/2003/10/Serialization/Arrays"><a:base64Binary>UEYAAAUAAAD//v8zRQAtAEMATABIAEoANwA1AC0ATgAtADIAQACVXth2O2DFiF8ATQBpAGQAMwA2ADAASHIvAEUALQBDAEwASABKADcANQAtAE4AXwB3AC0AMQBAAEUALQBDAEwASABKADcANQAtAE4ABAAAABAAAAABAAAAAgAAAEUIAAAVAAAA</a:base64Binary></SWComponentPIDs><SWMainComponentPID i:nil="true"/><Visual z:Ref="i284"/><isFixedFrame>false</isFixedFrame><isIncomplete>false</isIncomplete></Link></Children><Collision z:Ref="i230"/><Inertial z:Ref="i204"/><Joint z:Ref="i237"/><NameAttribute z:Ref="i203"/><Parent z:Ref="i1"/><STLQualityFine>false</STLQualityFine><SWComponentPIDs xmlns:a="http://schemas.microsoft.com/2003/10/Serialization/Arrays"><a:base64Binary>UEYAAAUAAAD//v8zRQAtAEMATABIAEoANwA1AC0ATgAtADIAQACVXth2O2DFiF8ATQBpAGQAMwA2ADAASHIvAEUALQBDAEwASABKADcANQAtAE4AXwBiAC0AMQBAAEUALQBDAEwASABKADcANQAtAE4ABAAAABAAAAABAAAAAgAAAEUIAAAUAAAA</a:base64Binary></SWComponentPIDs><SWMainComponentPID i:nil="true"/><Visual z:Ref="i217"/><isFixedFrame>false</isFixedFrame><isIncomplete>false</isIncomplete></Link><Link z:Id="i336"><Attributes><Attribute z:Id="i337"><AttributeType>name</AttributeType><IsRequired>true</IsRequired><Value i:type="a:string" xmlns:a="http://www.w3.org/2001/XMLSchema">rf_Link</Value></Attribute></Attributes><ChildElements><URDFElement z:Id="i338" i:type="Inertial"><Attributes/><ChildElements><URDFElement z:Id="i339" i:type="Origin"><Attributes><Attribute z:Id="i340"><AttributeType>xyz</AttributeType><IsRequired>true</IsRequired><Value i:type="a:ArrayOfdouble" xmlns:a="http://schemas.microsoft.com/2003/10/Serialization/Arrays"><a:double>-0.0047843948653409074</a:double><a:double>0.00019494050385544109</a:double><a:double>-0.020089741575926693</a:double></Value></Attribute><Attribute z:Id="i341"><AttributeType>rpy</AttributeType><IsRequired>true</IsRequired><Value i:type="a:ArrayOfdouble" xmlns:a="http://schemas.microsoft.com/2003/10/Serialization/Arrays"><a:double>0</a:double><a:double>0</a:double><a:double>0</a:double></Value></Attribute></Attributes><ChildElements/><ElementName>origin</ElementName><required>false</required><RPYAttribute z:Ref="i341"/><XYZAttribute z:Ref="i340"/><isCustomized>false</isCustomized></URDFElement><URDFElement z:Id="i342" i:type="Mass"><Attributes><Attribute z:Id="i343"><AttributeType>value</AttributeType><IsRequired>true</IsRequired><Value i:type="a:double" xmlns:a="http://www.w3.org/2001/XMLSchema">0.076433185256144245</Value></Attribute></Attributes><ChildElements/><ElementName>mass</ElementName><required>false</required><ValueAttribute z:Ref="i343"/></URDFElement><URDFElement z:Id="i344" i:type="Inertia"><Attributes><Attribute z:Id="i345"><AttributeType>ixx</AttributeType><IsRequired>true</IsRequired><Value i:type="a:double" xmlns:a="http://www.w3.org/2001/XMLSchema">6.3870777023600746E-05</Value></Attribute><Attribute z:Id="i346"><AttributeType>ixy</AttributeType><IsRequired>true</IsRequired><Value i:type="a:double" xmlns:a="http://www.w3.org/2001/XMLSchema">2.8712251915661875E-07</Value></Attribute><Attribute z:Id="i347"><AttributeType>ixz</AttributeType><IsRequired>true</IsRequired><Value i:type="a:double" xmlns:a="http://www.w3.org/2001/XMLSchema">-1.0409774057909429E-05</Value></Attribute><Attribute z:Id="i348"><AttributeType>iyy</AttributeType><IsRequired>true</IsRequired><Value i:type="a:double" xmlns:a="http://www.w3.org/2001/XMLSchema">5.8001018091224674E-05</Value></Attribute><Attribute z:Id="i349"><AttributeType>iyz</AttributeType><IsRequired>true</IsRequired><Value i:type="a:double" xmlns:a="http://www.w3.org/2001/XMLSchema">5.2740637032008321E-07</Value></Attribute><Attribute z:Id="i350"><AttributeType>izz</AttributeType><IsRequired>true</IsRequired><Value i:type="a:double" xmlns:a="http://www.w3.org/2001/XMLSchema">5.4010396952726121E-05</Value></Attribute></Attributes><ChildElements/><ElementName>inertia</ElementName><required>false</required><IxxAttribute z:Ref="i345"/><IxyAttribute z:Ref="i346"/><IxzAttribute z:Ref="i347"/><IyyAttribute z:Ref="i348"/><IyzAttribute z:Ref="i349"/><IzzAttribute z:Ref="i350"/></URDFElement></ChildElements><ElementName>inertial</ElementName><required>false</required><Inertia z:Ref="i344"/><Mass z:Ref="i342"/><Origin z:Ref="i339"/></URDFElement><URDFElement z:Id="i351" i:type="Visual"><Attributes/><ChildElements><URDFElement z:Id="i352" i:type="Origin"><Attributes><Attribute z:Id="i353"><AttributeType>xyz</AttributeType><IsRequired>true</IsRequired><Value i:type="a:ArrayOfdouble" xmlns:a="http://schemas.microsoft.com/2003/10/Serialization/Arrays"><a:double>0</a:double><a:double>0</a:double><a:double>0</a:double></Value></Attribute><Attribute z:Id="i354"><AttributeType>rpy</AttributeType><IsRequired>true</IsRequired><Value i:type="a:ArrayOfdouble" xmlns:a="http://schemas.microsoft.com/2003/10/Serialization/Arrays"><a:double>0</a:double><a:double>0</a:double><a:double>0</a:double></Value></Attribute></Attributes><ChildElements/><ElementName>origin</ElementName><required>false</required><RPYAttribute z:Ref="i354"/><XYZAttribute z:Ref="i353"/><isCustomized>false</isCustomized></URDFElement><URDFElement z:Id="i355" i:type="Geometry"><Attributes/><ChildElements><URDFElement z:Id="i356" i:type="Mesh"><Attributes><Attribute z:Id="i357"><AttributeType>filename</AttributeType><IsRequired>true</IsRequired><Value i:nil="true"/></Attribute></Attributes><ChildElements/><ElementName>mesh</ElementName><required>false</required><FilenameAttribute z:Ref="i357"/></URDFElement></ChildElements><ElementName>geometry</ElementName><required>true</required><Mesh z:Ref="i356"/></URDFElement><URDFElement z:Id="i358" i:type="Material"><Attributes><Attribute z:Id="i359"><AttributeType>name</AttributeType><IsRequired>true</IsRequired><Value i:type="a:string" xmlns:a="http://www.w3.org/2001/XMLSchema"/></Attribute></Attributes><ChildElements><URDFElement z:Id="i360" i:type="Color"><Attributes><Attribute z:Id="i361"><AttributeType>rgba</AttributeType><IsRequired>true</IsRequired><Value i:type="a:ArrayOfdouble" xmlns:a="http://schemas.microsoft.com/2003/10/Serialization/Arrays"><a:double>0.75686274509803919</a:double><a:double>0.76862745098039209</a:double><a:double>0.75294117647058822</a:double><a:double>1</a:double></Value></Attribute></Attributes><ChildElements/><ElementName>color</ElementName><required>false</required><RGBAAttribute z:Ref="i361"/></URDFElement><URDFElement z:Id="i362" i:type="Texture"><Attributes><Attribute z:Id="i363"><AttributeType>filename</AttributeType><IsRequired>true</IsRequired><Value i:nil="true"/></Attribute></Attributes><ChildElements/><ElementName>texture</ElementName><required>false</required><FilenameAttribute z:Ref="i363"/><wFilename/></URDFElement></ChildElements><ElementName>material</ElementName><required>false</required><Color z:Ref="i360"/><NameAttribute z:Ref="i359"/><Texture z:Ref="i362"/></URDFElement></ChildElements><ElementName>visual</ElementName><required>false</required><Geometry z:Ref="i355"/><Material z:Ref="i358"/><Origin z:Ref="i352"/></URDFElement><URDFElement z:Id="i364" i:type="Collision"><Attributes/><ChildElements><URDFElement z:Id="i365" i:type="Origin"><Attributes><Attribute z:Id="i366"><AttributeType>xyz</AttributeType><IsRequired>true</IsRequired><Value i:type="a:ArrayOfdouble" xmlns:a="http://schemas.microsoft.com/2003/10/Serialization/Arrays"><a:double>0</a:double><a:double>0</a:double><a:double>0</a:double></Value></Attribute><Attribute z:Id="i367"><AttributeType>rpy</AttributeType><IsRequired>true</IsRequired><Value i:type="a:ArrayOfdouble" xmlns:a="http://schemas.microsoft.com/2003/10/Serialization/Arrays"><a:double>0</a:double><a:double>0</a:double><a:double>0</a:double></Value></Attribute></Attributes><ChildElements/><ElementName>origin</ElementName><required>false</required><RPYAttribute z:Ref="i367"/><XYZAttribute z:Ref="i366"/><isCustomized>false</isCustomized></URDFElement><URDFElement z:Id="i368" i:type="Geometry"><Attributes/><ChildElements><URDFElement z:Id="i369" i:type="Mesh"><Attributes><Attribute z:Id="i370"><AttributeType>filename</AttributeType><IsRequired>true</IsRequired><Value i:nil="true"/></Attribute></Attributes><ChildElements/><ElementName>mesh</ElementName><required>false</required><FilenameAttribute z:Ref="i370"/></URDFElement></ChildElements><ElementName>geometry</ElementName><required>true</required><Mesh z:Ref="i369"/></URDFElement></ChildElements><ElementName>collision</ElementName><required>false</required><Geometry z:Ref="i368"/><Origin z:Ref="i365"/></URDFElement><URDFElement z:Id="i371" i:type="Joint"><Attributes><Attribute z:Id="i372"><AttributeType>name</AttributeType><IsRequired>true</IsRequired><Value i:type="a:string" xmlns:a="http://www.w3.org/2001/XMLSchema">rf_joint</Value></Attribute><Attribute z:Id="i373"><AttributeType>type</AttributeType><IsRequired>true</IsRequired><Value i:type="a:string" xmlns:a="http://www.w3.org/2001/XMLSchema">continuous</Value></Attribute></Attributes><ChildElements><URDFElement z:Id="i374" i:type="Origin"><Attributes><Attribute z:Id="i375"><AttributeType>xyz</AttributeType><IsRequired>true</IsRequired><Value i:type="a:ArrayOfdouble" xmlns:a="http://schemas.microsoft.com/2003/10/Serialization/Arrays"><a:double>0.3818</a:double><a:double>-0.17625</a:double><a:double>0.0052475</a:double></Value></Attribute><Attribute z:Id="i376"><AttributeType>rpy</AttributeType><IsRequired>true</IsRequired><Value i:type="a:ArrayOfdouble" xmlns:a="http://schemas.microsoft.com/2003/10/Serialization/Arrays"><a:double>0</a:double><a:double>0</a:double><a:double>0</a:double></Value></Attribute></Attributes><ChildElements/><ElementName>origin</ElementName><required>false</required><RPYAttribute z:Ref="i376"/><XYZAttribute z:Ref="i375"/><isCustomized>false</isCustomized></URDFElement><URDFElement z:Id="i377" i:type="ParentLink"><Attributes><Attribute z:Id="i378"><AttributeType>link</AttributeType><IsRequired>true</IsRequired><Value i:type="a:string" xmlns:a="http://www.w3.org/2001/XMLSchema">base_link</Value></Attribute></Attributes><ChildElements/><ElementName>parent</ElementName><required>true</required><NameAttribute z:Ref="i378"/></URDFElement><URDFElement z:Id="i379" i:type="ChildLink"><Attributes><Attribute z:Id="i380"><AttributeType>link</AttributeType><IsRequired>true</IsRequired><Value i:type="a:string" xmlns:a="http://www.w3.org/2001/XMLSchema">rf_Link</Value></Attribute></Attributes><ChildElements/><ElementName>child</ElementName><required>true</required><NameAttribute z:Ref="i380"/></URDFElement><URDFElement z:Id="i381" i:type="Axis"><Attributes><Attribute z:Id="i382"><AttributeType>xyz</AttributeType><IsRequired>true</IsRequired><Value i:type="a:ArrayOfdouble" xmlns:a="http://schemas.microsoft.com/2003/10/Serialization/Arrays"><a:double>0</a:double><a:double>0</a:double><a:double>-1</a:double></Value></Attribute></Attributes><ChildElements/><ElementName>axis</ElementName><required>false</required><XYZAttribute z:Ref="i382"/></URDFElement><URDFElement z:Id="i383" i:type="Limit"><Attributes><Attribute z:Id="i384"><AttributeType>lower</AttributeType><IsRequired>false</IsRequired><Value i:nil="true"/></Attribute><Attribute z:Id="i385"><AttributeType>upper</AttributeType><IsRequired>false</IsRequired><Value i:nil="true"/></Attribute><Attribute z:Id="i386"><AttributeType>effort</AttributeType><IsRequired>true</IsRequired><Value i:nil="true"/></Attribute><Attribute z:Id="i387"><AttributeType>velocity</AttributeType><IsRequired>true</IsRequired><Value i:nil="true"/></Attribute></Attributes><ChildElements/><ElementName>limit</ElementName><required>false</required><EffortAttribute z:Ref="i386"/><LowerAttribute z:Ref="i384"/><UpperAttribute z:Ref="i385"/><VelocityAttribute z:Ref="i387"/></URDFElement><URDFElement z:Id="i388" i:type="Calibration"><Attributes><Attribute z:Id="i389"><AttributeType>rising</AttributeType><IsRequired>false</IsRequired><Value i:nil="true"/></Attribute><Attribute z:Id="i390"><AttributeType>falling</AttributeType><IsRequired>false</IsRequired><Value i:nil="true"/></Attribute></Attributes><ChildElements/><ElementName>calibration</ElementName><required>false</required><FallingAttribute z:Ref="i390"/><RisingAttribute z:Ref="i389"/></URDFElement><URDFElement z:Id="i391" i:type="Dynamics"><Attributes><Attribute z:Id="i392"><AttributeType>damping</AttributeType><IsRequired>false</IsRequired><Value i:nil="true"/></Attribute><Attribute z:Id="i393"><AttributeType>friction</AttributeType><IsRequired>false</IsRequired><Value i:nil="true"/></Attribute></Attributes><ChildElements/><ElementName>dynamics</ElementName><required>false</required><DampingAttribute z:Ref="i392"/><FrictionAttribute z:Ref="i393"/></URDFElement><URDFElement z:Id="i394" i:type="SafetyController"><Attributes><Attribute z:Id="i395"><AttributeType>soft_upper_limit</AttributeType><IsRequired>false</IsRequired><Value i:nil="true"/></Attribute><Attribute z:Id="i396"><AttributeType>soft_lower_limit</AttributeType><IsRequired>false</IsRequired><Value i:nil="true"/></Attribute><Attribute z:Id="i397"><AttributeType>k_position</AttributeType><IsRequired>false</IsRequired><Value i:nil="true"/></Attribute><Attribute z:Id="i398"><AttributeType>k_velocity</AttributeType><IsRequired>true</IsRequired><Value i:nil="true"/></Attribute></Attributes><ChildElements/><ElementName>safety_controller</ElementName><required>false</required><KPositionAttribute z:Ref="i397"/><KVelocityAttribute z:Ref="i398"/><SoftLowerAttribute z:Ref="i396"/><SoftUpperAttribute z:Ref="i395"/></URDFElement><URDFElement z:Id="i399" i:type="Mimic"><Attributes><Attribute z:Id="i400"><AttributeType>joint</AttributeType><IsRequired>true</IsRequired><Value i:nil="true"/></Attribute><Attribute z:Id="i401"><AttributeType>multiplier</AttributeType><IsRequired>false</IsRequired><Value i:nil="true"/></Attribute><Attribute z:Id="i402"><AttributeType>offset</AttributeType><IsRequired>false</IsRequired><Value i:nil="true"/></Attribute></Attributes><ChildElements/><ElementName>mimic</ElementName><required>false</required><JointNameAttribute z:Ref="i400"/><MultiplierAttribute z:Ref="i401"/><OffsetAttribute z:Ref="i402"/></URDFElement></ChildElements><ElementName>joint</ElementName><required>false</required><Axis z:Ref="i381"/><AxisName>??????????????????6</AxisName><Calibration z:Ref="i388"/><Child z:Ref="i379"/><CoordinateSystemName>??????????????????6</CoordinateSystemName><Dynamics z:Ref="i391"/><Limit z:Ref="i383"/><Mimic z:Ref="i399"/><NameAttribute z:Ref="i372"/><Origin z:Ref="i374"/><Parent z:Ref="i377"/><Safety z:Ref="i394"/><TypeAttribute z:Ref="i373"/></URDFElement></ChildElements><ElementName>link</ElementName><required>true</required><Children><Link z:Id="i403"><Attributes><Attribute z:Id="i404"><AttributeType>name</AttributeType><IsRequired>true</IsRequired><Value i:type="a:string" xmlns:a="http://www.w3.org/2001/XMLSchema">rf_wheel_Link</Value></Attribute></Attributes><ChildElements><URDFElement z:Id="i405" i:type="Inertial"><Attributes/><ChildElements><URDFElement z:Id="i406" i:type="Origin"><Attributes><Attribute z:Id="i407"><AttributeType>xyz</AttributeType><IsRequired>true</IsRequired><Value i:type="a:ArrayOfdouble" xmlns:a="http://schemas.microsoft.com/2003/10/Serialization/Arrays"><a:double>2.3862723885770265E-07</a:double><a:double>1.4580389846863273E-10</a:double><a:double>-5.8242737840941139E-08</a:double></Value></Attribute><Attribute z:Id="i408"><AttributeType>rpy</AttributeType><IsRequired>true</IsRequired><Value i:type="a:ArrayOfdouble" xmlns:a="http://schemas.microsoft.com/2003/10/Serialization/Arrays"><a:double>0</a:double><a:double>0</a:double><a:double>0</a:double></Value></Attribute></Attributes><ChildElements/><ElementName>origin</ElementName><required>false</required><RPYAttribute z:Ref="i408"/><XYZAttribute z:Ref="i407"/><isCustomized>false</isCustomized></URDFElement><URDFElement z:Id="i409" i:type="Mass"><Attributes><Attribute z:Id="i410"><AttributeType>value</AttributeType><IsRequired>true</IsRequired><Value i:type="a:double" xmlns:a="http://www.w3.org/2001/XMLSchema">0.15046763775035266</Value></Attribute></Attributes><ChildElements/><ElementName>mass</ElementName><required>false</required><ValueAttribute z:Ref="i410"/></URDFElement><URDFElement z:Id="i411" i:type="Inertia"><Attributes><Attribute z:Id="i412"><AttributeType>ixx</AttributeType><IsRequired>true</IsRequired><Value i:type="a:double" xmlns:a="http://www.w3.org/2001/XMLSchema">7.04259874807456E-05</Value></Attribute><Attribute z:Id="i413"><AttributeType>ixy</AttributeType><IsRequired>true</IsRequired><Value i:type="a:double" xmlns:a="http://www.w3.org/2001/XMLSchema">2.5531451307056841E-13</Value></Attribute><Attribute z:Id="i414"><AttributeType>ixz</AttributeType><IsRequired>true</IsRequired><Value i:type="a:double" xmlns:a="http://www.w3.org/2001/XMLSchema">6.7518873802313405E-12</Value></Attribute><Attribute z:Id="i415"><AttributeType>iyy</AttributeType><IsRequired>true</IsRequired><Value i:type="a:double" xmlns:a="http://www.w3.org/2001/XMLSchema">0.00010833387040612425</Value></Attribute><Attribute z:Id="i416"><AttributeType>iyz</AttributeType><IsRequired>true</IsRequired><Value i:type="a:double" xmlns:a="http://www.w3.org/2001/XMLSchema">-2.6232252665531968E-10</Value></Attribute><Attribute z:Id="i417"><AttributeType>izz</AttributeType><IsRequired>true</IsRequired><Value i:type="a:double" xmlns:a="http://www.w3.org/2001/XMLSchema">7.0430149980170957E-05</Value></Attribute></Attributes><ChildElements/><ElementName>inertia</ElementName><required>false</required><IxxAttribute z:Ref="i412"/><IxyAttribute z:Ref="i413"/><IxzAttribute z:Ref="i414"/><IyyAttribute z:Ref="i415"/><IyzAttribute z:Ref="i416"/><IzzAttribute z:Ref="i417"/></URDFElement></ChildElements><ElementName>inertial</ElementName><required>false</required><Inertia z:Ref="i411"/><Mass z:Ref="i409"/><Origin z:Ref="i406"/></URDFElement><URDFElement z:Id="i418" i:type="Visual"><Attributes/><ChildElements><URDFElement z:Id="i419" i:type="Origin"><Attributes><Attribute z:Id="i420"><AttributeType>xyz</AttributeType><IsRequired>true</IsRequired><Value i:type="a:ArrayOfdouble" xmlns:a="http://schemas.microsoft.com/2003/10/Serialization/Arrays"><a:double>0</a:double><a:double>0</a:double><a:double>0</a:double></Value></Attribute><Attribute z:Id="i421"><AttributeType>rpy</AttributeType><IsRequired>true</IsRequired><Value i:type="a:ArrayOfdouble" xmlns:a="http://schemas.microsoft.com/2003/10/Serialization/Arrays"><a:double>0</a:double><a:double>0</a:double><a:double>0</a:double></Value></Attribute></Attributes><ChildElements/><ElementName>origin</ElementName><required>false</required><RPYAttribute z:Ref="i421"/><XYZAttribute z:Ref="i420"/><isCustomized>false</isCustomized></URDFElement><URDFElement z:Id="i422" i:type="Geometry"><Attributes/><ChildElements><URDFElement z:Id="i423" i:type="Mesh"><Attributes><Attribute z:Id="i424"><AttributeType>filename</AttributeType><IsRequired>true</IsRequired><Value i:nil="true"/></Attribute></Attributes><ChildElements/><ElementName>mesh</ElementName><required>false</required><FilenameAttribute z:Ref="i424"/></URDFElement></ChildElements><ElementName>geometry</ElementName><required>true</required><Mesh z:Ref="i423"/></URDFElement><URDFElement z:Id="i425" i:type="Material"><Attributes><Attribute z:Id="i426"><AttributeType>name</AttributeType><IsRequired>true</IsRequired><Value i:type="a:string" xmlns:a="http://www.w3.org/2001/XMLSchema"/></Attribute></Attributes><ChildElements><URDFElement z:Id="i427" i:type="Color"><Attributes><Attribute z:Id="i428"><AttributeType>rgba</AttributeType><IsRequired>true</IsRequired><Value i:type="a:ArrayOfdouble" xmlns:a="http://schemas.microsoft.com/2003/10/Serialization/Arrays"><a:double>0.75686274509803919</a:double><a:double>0.76862745098039209</a:double><a:double>0.75294117647058822</a:double><a:double>1</a:double></Value></Attribute></Attributes><ChildElements/><ElementName>color</ElementName><required>false</required><RGBAAttribute z:Ref="i428"/></URDFElement><URDFElement z:Id="i429" i:type="Texture"><Attributes><Attribute z:Id="i430"><AttributeType>filename</AttributeType><IsRequired>true</IsRequired><Value i:nil="true"/></Attribute></Attributes><ChildElements/><ElementName>texture</ElementName><required>false</required><FilenameAttribute z:Ref="i430"/><wFilename/></URDFElement></ChildElements><ElementName>material</ElementName><required>false</required><Color z:Ref="i427"/><NameAttribute z:Ref="i426"/><Texture z:Ref="i429"/></URDFElement></ChildElements><ElementName>visual</ElementName><required>false</required><Geometry z:Ref="i422"/><Material z:Ref="i425"/><Origin z:Ref="i419"/></URDFElement><URDFElement z:Id="i431" i:type="Collision"><Attributes/><ChildElements><URDFElement z:Id="i432" i:type="Origin"><Attributes><Attribute z:Id="i433"><AttributeType>xyz</AttributeType><IsRequired>true</IsRequired><Value i:type="a:ArrayOfdouble" xmlns:a="http://schemas.microsoft.com/2003/10/Serialization/Arrays"><a:double>0</a:double><a:double>0</a:double><a:double>0</a:double></Value></Attribute><Attribute z:Id="i434"><AttributeType>rpy</AttributeType><IsRequired>true</IsRequired><Value i:type="a:ArrayOfdouble" xmlns:a="http://schemas.microsoft.com/2003/10/Serialization/Arrays"><a:double>0</a:double><a:double>0</a:double><a:double>0</a:double></Value></Attribute></Attributes><ChildElements/><ElementName>origin</ElementName><required>false</required><RPYAttribute z:Ref="i434"/><XYZAttribute z:Ref="i433"/><isCustomized>false</isCustomized></URDFElement><URDFElement z:Id="i435" i:type="Geometry"><Attributes/><ChildElements><URDFElement z:Id="i436" i:type="Mesh"><Attributes><Attribute z:Id="i437"><AttributeType>filename</AttributeType><IsRequired>true</IsRequired><Value i:nil="true"/></Attribute></Attributes><ChildElements/><ElementName>mesh</ElementName><required>false</required><FilenameAttribute z:Ref="i437"/></URDFElement></ChildElements><ElementName>geometry</ElementName><required>true</required><Mesh z:Ref="i436"/></URDFElement></ChildElements><ElementName>collision</ElementName><required>false</required><Geometry z:Ref="i435"/><Origin z:Ref="i432"/></URDFElement><URDFElement z:Id="i438" i:type="Joint"><Attributes><Attribute z:Id="i439"><AttributeType>name</AttributeType><IsRequired>true</IsRequired><Value i:type="a:string" xmlns:a="http://www.w3.org/2001/XMLSchema">rf_wheel_joint</Value></Attribute><Attribute z:Id="i440"><AttributeType>type</AttributeType><IsRequired>true</IsRequired><Value i:type="a:string" xmlns:a="http://www.w3.org/2001/XMLSchema">continuous</Value></Attribute></Attributes><ChildElements><URDFElement z:Id="i441" i:type="Origin"><Attributes><Attribute z:Id="i442"><AttributeType>xyz</AttributeType><IsRequired>true</IsRequired><Value i:type="a:ArrayOfdouble" xmlns:a="http://schemas.microsoft.com/2003/10/Serialization/Arrays"><a:double>-0.024001</a:double><a:double>0</a:double><a:double>-0.055747</a:double></Value></Attribute><Attribute z:Id="i443"><AttributeType>rpy</AttributeType><IsRequired>true</IsRequired><Value i:type="a:ArrayOfdouble" xmlns:a="http://schemas.microsoft.com/2003/10/Serialization/Arrays"><a:double>0</a:double><a:double>0</a:double><a:double>0</a:double></Value></Attribute></Attributes><ChildElements/><ElementName>origin</ElementName><required>false</required><RPYAttribute z:Ref="i443"/><XYZAttribute z:Ref="i442"/><isCustomized>false</isCustomized></URDFElement><URDFElement z:Id="i444" i:type="ParentLink"><Attributes><Attribute z:Id="i445"><AttributeType>link</AttributeType><IsRequired>true</IsRequired><Value i:type="a:string" xmlns:a="http://www.w3.org/2001/XMLSchema">rf_Link</Value></Attribute></Attributes><ChildElements/><ElementName>parent</ElementName><required>true</required><NameAttribute z:Ref="i445"/></URDFElement><URDFElement z:Id="i446" i:type="ChildLink"><Attributes><Attribute z:Id="i447"><AttributeType>link</AttributeType><IsRequired>true</IsRequired><Value i:type="a:string" xmlns:a="http://www.w3.org/2001/XMLSchema">rf_wheel_Link</Value></Attribute></Attributes><ChildElements/><ElementName>child</ElementName><required>true</required><NameAttribute z:Ref="i447"/></URDFElement><URDFElement z:Id="i448" i:type="Axis"><Attributes><Attribute z:Id="i449"><AttributeType>xyz</AttributeType><IsRequired>true</IsRequired><Value i:type="a:ArrayOfdouble" xmlns:a="http://schemas.microsoft.com/2003/10/Serialization/Arrays"><a:double>0</a:double><a:double>-1</a:double><a:double>0</a:double></Value></Attribute></Attributes><ChildElements/><ElementName>axis</ElementName><required>false</required><XYZAttribute z:Ref="i449"/></URDFElement><URDFElement z:Id="i450" i:type="Limit"><Attributes><Attribute z:Id="i451"><AttributeType>lower</AttributeType><IsRequired>false</IsRequired><Value i:nil="true"/></Attribute><Attribute z:Id="i452"><AttributeType>upper</AttributeType><IsRequired>false</IsRequired><Value i:nil="true"/></Attribute><Attribute z:Id="i453"><AttributeType>effort</AttributeType><IsRequired>true</IsRequired><Value i:nil="true"/></Attribute><Attribute z:Id="i454"><AttributeType>velocity</AttributeType><IsRequired>true</IsRequired><Value i:nil="true"/></Attribute></Attributes><ChildElements/><ElementName>limit</ElementName><required>false</required><EffortAttribute z:Ref="i453"/><LowerAttribute z:Ref="i451"/><UpperAttribute z:Ref="i452"/><VelocityAttribute z:Ref="i454"/></URDFElement><URDFElement z:Id="i455" i:type="Calibration"><Attributes><Attribute z:Id="i456"><AttributeType>rising</AttributeType><IsRequired>false</IsRequired><Value i:nil="true"/></Attribute><Attribute z:Id="i457"><AttributeType>falling</AttributeType><IsRequired>false</IsRequired><Value i:nil="true"/></Attribute></Attributes><ChildElements/><ElementName>calibration</ElementName><required>false</required><FallingAttribute z:Ref="i457"/><RisingAttribute z:Ref="i456"/></URDFElement><URDFElement z:Id="i458" i:type="Dynamics"><Attributes><Attribute z:Id="i459"><AttributeType>damping</AttributeType><IsRequired>false</IsRequired><Value i:nil="true"/></Attribute><Attribute z:Id="i460"><AttributeType>friction</AttributeType><IsRequired>false</IsRequired><Value i:nil="true"/></Attribute></Attributes><ChildElements/><ElementName>dynamics</ElementName><required>false</required><DampingAttribute z:Ref="i459"/><FrictionAttribute z:Ref="i460"/></URDFElement><URDFElement z:Id="i461" i:type="SafetyController"><Attributes><Attribute z:Id="i462"><AttributeType>soft_upper_limit</AttributeType><IsRequired>false</IsRequired><Value i:nil="true"/></Attribute><Attribute z:Id="i463"><AttributeType>soft_lower_limit</AttributeType><IsRequired>false</IsRequired><Value i:nil="true"/></Attribute><Attribute z:Id="i464"><AttributeType>k_position</AttributeType><IsRequired>false</IsRequired><Value i:nil="true"/></Attribute><Attribute z:Id="i465"><AttributeType>k_velocity</AttributeType><IsRequired>true</IsRequired><Value i:nil="true"/></Attribute></Attributes><ChildElements/><ElementName>safety_controller</ElementName><required>false</required><KPositionAttribute z:Ref="i464"/><KVelocityAttribute z:Ref="i465"/><SoftLowerAttribute z:Ref="i463"/><SoftUpperAttribute z:Ref="i462"/></URDFElement><URDFElement z:Id="i466" i:type="Mimic"><Attributes><Attribute z:Id="i467"><AttributeType>joint</AttributeType><IsRequired>true</IsRequired><Value i:nil="true"/></Attribute><Attribute z:Id="i468"><AttributeType>multiplier</AttributeType><IsRequired>false</IsRequired><Value i:nil="true"/></Attribute><Attribute z:Id="i469"><AttributeType>offset</AttributeType><IsRequired>false</IsRequired><Value i:nil="true"/></Attribute></Attributes><ChildElements/><ElementName>mimic</ElementName><required>false</required><JointNameAttribute z:Ref="i467"/><MultiplierAttribute z:Ref="i468"/><OffsetAttribute z:Ref="i469"/></URDFElement></ChildElements><ElementName>joint</ElementName><required>false</required><Axis z:Ref="i448"/><AxisName>?????????????????????4</AxisName><Calibration z:Ref="i455"/><Child z:Ref="i446"/><CoordinateSystemName>?????????????????????4</CoordinateSystemName><Dynamics z:Ref="i458"/><Limit z:Ref="i450"/><Mimic z:Ref="i466"/><NameAttribute z:Ref="i439"/><Origin z:Ref="i441"/><Parent z:Ref="i444"/><Safety z:Ref="i461"/><TypeAttribute z:Ref="i440"/></URDFElement></ChildElements><ElementName>link</ElementName><required>true</required><Children/><Collision z:Ref="i431"/><Inertial z:Ref="i405"/><Joint z:Ref="i438"/><NameAttribute z:Ref="i404"/><Parent z:Ref="i336"/><STLQualityFine>false</STLQualityFine><SWComponentPIDs xmlns:a="http://schemas.microsoft.com/2003/10/Serialization/Arrays"><a:base64Binary>UEYAAAUAAAD//v8zRQAtAEMATABIAEoANwA1AC0ATgAtADEAQACVXth2O2DFiF8ATQBpAGQAMwA2ADAASHIvAEUALQBDAEwASABKADcANQAtAE4AXwB3AC0AMQBAAEUALQBDAEwASABKADcANQAtAE4ABAAAABAAAAABAAAAAgAAACkIAAAVAAAA</a:base64Binary></SWComponentPIDs><SWMainComponentPID i:nil="true"/><Visual z:Ref="i418"/><isFixedFrame>false</isFixedFrame><isIncomplete>false</isIncomplete></Link></Children><Collision z:Ref="i364"/><Inertial z:Ref="i338"/><Joint z:Ref="i371"/><NameAttribute z:Ref="i337"/><Parent z:Ref="i1"/><STLQualityFine>false</STLQualityFine><SWComponentPIDs xmlns:a="http://schemas.microsoft.com/2003/10/Serialization/Arrays"><a:base64Binary>UEYAAAUAAAD//v8zRQAtAEMATABIAEoANwA1AC0ATgAtADEAQACVXth2O2DFiF8ATQBpAGQAMwA2ADAASHIvAEUALQBDAEwASABKADcANQAtAE4AXwBiAC0AMQBAAEUALQBDAEwASABKADcANQAtAE4ABAAAABAAAAABAAAAAgAAACkIAAAUAAAA</a:base64Binary></SWComponentPIDs><SWMainComponentPID i:nil="true"/><Visual z:Ref="i351"/><isFixedFrame>false</isFixedFrame><isIncomplete>false</isIncomplete></Link><Link z:Id="i470"><Attributes><Attribute z:Id="i471"><AttributeType>name</AttributeType><IsRequired>true</IsRequired><Value i:type="a:string" xmlns:a="http://www.w3.org/2001/XMLSchema">lidar_link</Value></Attribute></Attributes><ChildElements><URDFElement z:Id="i472" i:type="Inertial"><Attributes/><ChildElements><URDFElement z:Id="i473" i:type="Origin"><Attributes><Attribute z:Id="i474"><AttributeType>xyz</AttributeType><IsRequired>true</IsRequired><Value i:type="a:ArrayOfdouble" xmlns:a="http://schemas.microsoft.com/2003/10/Serialization/Arrays"><a:double>-0.00019957453480152348</a:double><a:double>-6.3503248466101336E-06</a:double><a:double>-0.017467393478785231</a:double></Value></Attribute><Attribute z:Id="i475"><AttributeType>rpy</AttributeType><IsRequired>true</IsRequired><Value i:type="a:ArrayOfdouble" xmlns:a="http://schemas.microsoft.com/2003/10/Serialization/Arrays"><a:double>0</a:double><a:double>0</a:double><a:double>0</a:double></Value></Attribute></Attributes><ChildElements/><ElementName>origin</ElementName><required>false</required><RPYAttribute z:Ref="i475"/><XYZAttribute z:Ref="i474"/><isCustomized>false</isCustomized></URDFElement><URDFElement z:Id="i476" i:type="Mass"><Attributes><Attribute z:Id="i477"><AttributeType>value</AttributeType><IsRequired>true</IsRequired><Value i:type="a:double" xmlns:a="http://www.w3.org/2001/XMLSchema">0.14188701649649027</Value></Attribute></Attributes><ChildElements/><ElementName>mass</ElementName><required>false</required><ValueAttribute z:Ref="i477"/></URDFElement><URDFElement z:Id="i478" i:type="Inertia"><Attributes><Attribute z:Id="i479"><AttributeType>ixx</AttributeType><IsRequired>true</IsRequired><Value i:type="a:double" xmlns:a="http://www.w3.org/2001/XMLSchema">4.179750798611573E-05</Value></Attribute><Attribute z:Id="i480"><AttributeType>ixy</AttributeType><IsRequired>true</IsRequired><Value i:type="a:double" xmlns:a="http://www.w3.org/2001/XMLSchema">-5.7071231186102012E-09</Value></Attribute><Attribute z:Id="i481"><AttributeType>ixz</AttributeType><IsRequired>true</IsRequired><Value i:type="a:double" xmlns:a="http://www.w3.org/2001/XMLSchema">3.0532248058674658E-07</Value></Attribute><Attribute z:Id="i482"><AttributeType>iyy</AttributeType><IsRequired>true</IsRequired><Value i:type="a:double" xmlns:a="http://www.w3.org/2001/XMLSchema">4.50771350177418E-05</Value></Attribute><Attribute z:Id="i483"><AttributeType>iyz</AttributeType><IsRequired>true</IsRequired><Value i:type="a:double" xmlns:a="http://www.w3.org/2001/XMLSchema">-4.4895103968141249E-10</Value></Attribute><Attribute z:Id="i484"><AttributeType>izz</AttributeType><IsRequired>true</IsRequired><Value i:type="a:double" xmlns:a="http://www.w3.org/2001/XMLSchema">6.8799423647262389E-05</Value></Attribute></Attributes><ChildElements/><ElementName>inertia</ElementName><required>false</required><IxxAttribute z:Ref="i479"/><IxyAttribute z:Ref="i480"/><IxzAttribute z:Ref="i481"/><IyyAttribute z:Ref="i482"/><IyzAttribute z:Ref="i483"/><IzzAttribute z:Ref="i484"/></URDFElement></ChildElements><ElementName>inertial</ElementName><required>false</required><Inertia z:Ref="i478"/><Mass z:Ref="i476"/><Origin z:Ref="i473"/></URDFElement><URDFElement z:Id="i485" i:type="Visual"><Attributes/><ChildElements><URDFElement z:Id="i486" i:type="Origin"><Attributes><Attribute z:Id="i487"><AttributeType>xyz</AttributeType><IsRequired>true</IsRequired><Value i:type="a:ArrayOfdouble" xmlns:a="http://schemas.microsoft.com/2003/10/Serialization/Arrays"><a:double>0</a:double><a:double>0</a:double><a:double>0</a:double></Value></Attribute><Attribute z:Id="i488"><AttributeType>rpy</AttributeType><IsRequired>true</IsRequired><Value i:type="a:ArrayOfdouble" xmlns:a="http://schemas.microsoft.com/2003/10/Serialization/Arrays"><a:double>0</a:double><a:double>0</a:double><a:double>0</a:double></Value></Attribute></Attributes><ChildElements/><ElementName>origin</ElementName><required>false</required><RPYAttribute z:Ref="i488"/><XYZAttribute z:Ref="i487"/><isCustomized>false</isCustomized></URDFElement><URDFElement z:Id="i489" i:type="Geometry"><Attributes/><ChildElements><URDFElement z:Id="i490" i:type="Mesh"><Attributes><Attribute z:Id="i491"><AttributeType>filename</AttributeType><IsRequired>true</IsRequired><Value i:nil="true"/></Attribute></Attributes><ChildElements/><ElementName>mesh</ElementName><required>false</required><FilenameAttribute z:Ref="i491"/></URDFElement></ChildElements><ElementName>geometry</ElementName><required>true</required><Mesh z:Ref="i490"/></URDFElement><URDFElement z:Id="i492" i:type="Material"><Attributes><Attribute z:Id="i493"><AttributeType>name</AttributeType><IsRequired>true</IsRequired><Value i:type="a:string" xmlns:a="http://www.w3.org/2001/XMLSchema"/></Attribute></Attributes><ChildElements><URDFElement z:Id="i494" i:type="Color"><Attributes><Attribute z:Id="i495"><AttributeType>rgba</AttributeType><IsRequired>true</IsRequired><Value i:type="a:ArrayOfdouble" xmlns:a="http://schemas.microsoft.com/2003/10/Serialization/Arrays"><a:double>0.75294117647058822</a:double><a:double>0.75294117647058822</a:double><a:double>0.75294117647058822</a:double><a:double>1</a:double></Value></Attribute></Attributes><ChildElements/><ElementName>color</ElementName><required>false</required><RGBAAttribute z:Ref="i495"/></URDFElement><URDFElement z:Id="i496" i:type="Texture"><Attributes><Attribute z:Id="i497"><AttributeType>filename</AttributeType><IsRequired>true</IsRequired><Value i:nil="true"/></Attribute></Attributes><ChildElements/><ElementName>texture</ElementName><required>false</required><FilenameAttribute z:Ref="i497"/><wFilename/></URDFElement></ChildElements><ElementName>material</ElementName><required>false</required><Color z:Ref="i494"/><NameAttribute z:Ref="i493"/><Texture z:Ref="i496"/></URDFElement></ChildElements><ElementName>visual</ElementName><required>false</required><Geometry z:Ref="i489"/><Material z:Ref="i492"/><Origin z:Ref="i486"/></URDFElement><URDFElement z:Id="i498" i:type="Collision"><Attributes/><ChildElements><URDFElement z:Id="i499" i:type="Origin"><Attributes><Attribute z:Id="i500"><AttributeType>xyz</AttributeType><IsRequired>true</IsRequired><Value i:type="a:ArrayOfdouble" xmlns:a="http://schemas.microsoft.com/2003/10/Serialization/Arrays"><a:double>0</a:double><a:double>0</a:double><a:double>0</a:double></Value></Attribute><Attribute z:Id="i501"><AttributeType>rpy</AttributeType><IsRequired>true</IsRequired><Value i:type="a:ArrayOfdouble" xmlns:a="http://schemas.microsoft.com/2003/10/Serialization/Arrays"><a:double>0</a:double><a:double>0</a:double><a:double>0</a:double></Value></Attribute></Attributes><ChildElements/><ElementName>origin</ElementName><required>false</required><RPYAttribute z:Ref="i501"/><XYZAttribute z:Ref="i500"/><isCustomized>false</isCustomized></URDFElement><URDFElement z:Id="i502" i:type="Geometry"><Attributes/><ChildElements><URDFElement z:Id="i503" i:type="Mesh"><Attributes><Attribute z:Id="i504"><AttributeType>filename</AttributeType><IsRequired>true</IsRequired><Value i:nil="true"/></Attribute></Attributes><ChildElements/><ElementName>mesh</ElementName><required>false</required><FilenameAttribute z:Ref="i504"/></URDFElement></ChildElements><ElementName>geometry</ElementName><required>true</required><Mesh z:Ref="i503"/></URDFElement></ChildElements><ElementName>collision</ElementName><required>false</required><Geometry z:Ref="i502"/><Origin z:Ref="i499"/></URDFElement><URDFElement z:Id="i505" i:type="Joint"><Attributes><Attribute z:Id="i506"><AttributeType>name</AttributeType><IsRequired>true</IsRequired><Value i:type="a:string" xmlns:a="http://www.w3.org/2001/XMLSchema">lidar_joint</Value></Attribute><Attribute z:Id="i507"><AttributeType>type</AttributeType><IsRequired>true</IsRequired><Value i:type="a:string" xmlns:a="http://www.w3.org/2001/XMLSchema">fixed</Value></Attribute></Attributes><ChildElements><URDFElement z:Id="i508" i:type="Origin"><Attributes><Attribute z:Id="i509"><AttributeType>xyz</AttributeType><IsRequired>true</IsRequired><Value i:type="a:ArrayOfdouble" xmlns:a="http://schemas.microsoft.com/2003/10/Serialization/Arrays"><a:double>0.2528</a:double><a:double>-0.049062</a:double><a:double>1.3221</a:double></Value></Attribute><Attribute z:Id="i510"><AttributeType>rpy</AttributeType><IsRequired>true</IsRequired><Value i:type="a:ArrayOfdouble" xmlns:a="http://schemas.microsoft.com/2003/10/Serialization/Arrays"><a:double>3.1416</a:double><a:double>0</a:double><a:double>0</a:double></Value></Attribute></Attributes><ChildElements/><ElementName>origin</ElementName><required>false</required><RPYAttribute z:Ref="i510"/><XYZAttribute z:Ref="i509"/><isCustomized>false</isCustomized></URDFElement><URDFElement z:Id="i511" i:type="ParentLink"><Attributes><Attribute z:Id="i512"><AttributeType>link</AttributeType><IsRequired>true</IsRequired><Value i:type="a:string" xmlns:a="http://www.w3.org/2001/XMLSchema">base_link</Value></Attribute></Attributes><ChildElements/><ElementName>parent</ElementName><required>true</required><NameAttribute z:Ref="i512"/></URDFElement><URDFElement z:Id="i513" i:type="ChildLink"><Attributes><Attribute z:Id="i514"><AttributeType>link</AttributeType><IsRequired>true</IsRequired><Value i:type="a:string" xmlns:a="http://www.w3.org/2001/XMLSchema">lidar_link</Value></Attribute></Attributes><ChildElements/><ElementName>child</ElementName><required>true</required><NameAttribute z:Ref="i514"/></URDFElement><URDFElement z:Id="i515" i:type="Axis"><Attributes><Attribute z:Id="i516"><AttributeType>xyz</AttributeType><IsRequired>true</IsRequired><Value i:type="a:ArrayOfdouble" xmlns:a="http://schemas.microsoft.com/2003/10/Serialization/Arrays"><a:double>0</a:double><a:double>0</a:double><a:double>0</a:double></Value></Attribute></Attributes><ChildElements/><ElementName>axis</ElementName><required>false</required><XYZAttribute z:Ref="i516"/></URDFElement><URDFElement z:Id="i517" i:type="Limit"><Attributes><Attribute z:Id="i518"><AttributeType>lower</AttributeType><IsRequired>false</IsRequired><Value i:nil="true"/></Attribute><Attribute z:Id="i519"><AttributeType>upper</AttributeType><IsRequired>false</IsRequired><Value i:nil="true"/></Attribute><Attribute z:Id="i520"><AttributeType>effort</AttributeType><IsRequired>true</IsRequired><Value i:nil="true"/></Attribute><Attribute z:Id="i521"><AttributeType>velocity</AttributeType><IsRequired>true</IsRequired><Value i:nil="true"/></Attribute></Attributes><ChildElements/><ElementName>limit</ElementName><required>false</required><EffortAttribute z:Ref="i520"/><LowerAttribute z:Ref="i518"/><UpperAttribute z:Ref="i519"/><VelocityAttribute z:Ref="i521"/></URDFElement><URDFElement z:Id="i522" i:type="Calibration"><Attributes><Attribute z:Id="i523"><AttributeType>rising</AttributeType><IsRequired>false</IsRequired><Value i:nil="true"/></Attribute><Attribute z:Id="i524"><AttributeType>falling</AttributeType><IsRequired>false</IsRequired><Value i:nil="true"/></Attribute></Attributes><ChildElements/><ElementName>calibration</ElementName><required>false</required><FallingAttribute z:Ref="i524"/><RisingAttribute z:Ref="i523"/></URDFElement><URDFElement z:Id="i525" i:type="Dynamics"><Attributes><Attribute z:Id="i526"><AttributeType>damping</AttributeType><IsRequired>false</IsRequired><Value i:nil="true"/></Attribute><Attribute z:Id="i527"><AttributeType>friction</AttributeType><IsRequired>false</IsRequired><Value i:nil="true"/></Attribute></Attributes><ChildElements/><ElementName>dynamics</ElementName><required>false</required><DampingAttribute z:Ref="i526"/><FrictionAttribute z:Ref="i527"/></URDFElement><URDFElement z:Id="i528" i:type="SafetyController"><Attributes><Attribute z:Id="i529"><AttributeType>soft_upper_limit</AttributeType><IsRequired>false</IsRequired><Value i:nil="true"/></Attribute><Attribute z:Id="i530"><AttributeType>soft_lower_limit</AttributeType><IsRequired>false</IsRequired><Value i:nil="true"/></Attribute><Attribute z:Id="i531"><AttributeType>k_position</AttributeType><IsRequired>false</IsRequired><Value i:nil="true"/></Attribute><Attribute z:Id="i532"><AttributeType>k_velocity</AttributeType><IsRequired>true</IsRequired><Value i:nil="true"/></Attribute></Attributes><ChildElements/><ElementName>safety_controller</ElementName><required>false</required><KPositionAttribute z:Ref="i531"/><KVelocityAttribute z:Ref="i532"/><SoftLowerAttribute z:Ref="i530"/><SoftUpperAttribute z:Ref="i529"/></URDFElement><URDFElement z:Id="i533" i:type="Mimic"><Attributes><Attribute z:Id="i534"><AttributeType>joint</AttributeType><IsRequired>true</IsRequired><Value i:nil="true"/></Attribute><Attribute z:Id="i535"><AttributeType>multiplier</AttributeType><IsRequired>false</IsRequired><Value i:nil="true"/></Attribute><Attribute z:Id="i536"><AttributeType>offset</AttributeType><IsRequired>false</IsRequired><Value i:nil="true"/></Attribute></Attributes><ChildElements/><ElementName>mimic</ElementName><required>false</required><JointNameAttribute z:Ref="i534"/><MultiplierAttribute z:Ref="i535"/><OffsetAttribute z:Ref="i536"/></URDFElement></ChildElements><ElementName>joint</ElementName><required>false</required><Axis z:Ref="i515"/><AxisName>?????????????????????</AxisName><Calibration z:Ref="i522"/><Child z:Ref="i513"/><CoordinateSystemName>?????????????????????</CoordinateSystemName><Dynamics z:Ref="i525"/><Limit z:Ref="i517"/><Mimic z:Ref="i533"/><NameAttribute z:Ref="i506"/><Origin z:Ref="i508"/><Parent z:Ref="i511"/><Safety z:Ref="i528"/><TypeAttribute z:Ref="i507"/></URDFElement></ChildElements><ElementName>link</ElementName><required>true</required><Children/><Collision z:Ref="i498"/><Inertial z:Ref="i472"/><Joint z:Ref="i505"/><NameAttribute z:Ref="i471"/><Parent z:Ref="i1"/><STLQualityFine>false</STLQualityFine><SWComponentPIDs xmlns:a="http://schemas.microsoft.com/2003/10/Serialization/Arrays"><a:base64Binary>UEYAAAUAAAD//v8abQBpAGQALQAzADYAMAAtAGEAcwBtAC0AMQBAAJVe2HY7YMWIXwBNAGkAZAAzADYAMABIcgQAAAAQAAAAAQAAAAEAAACLCAAA</a:base64Binary></SWComponentPIDs><SWMainComponentPID i:nil="true"/><Visual z:Ref="i485"/><isFixedFrame>false</isFixedFrame><isIncomplete>false</isIncomplete></Link><Link z:Id="i537"><Attributes><Attribute z:Id="i538"><AttributeType>name</AttributeType><IsRequired>true</IsRequired><Value i:type="a:string" xmlns:a="http://www.w3.org/2001/XMLSchema">gyro_link</Value></Attribute></Attributes><ChildElements><URDFElement z:Id="i539" i:type="Inertial"><Attributes/><ChildElements><URDFElement z:Id="i540" i:type="Origin"><Attributes><Attribute z:Id="i541"><AttributeType>xyz</AttributeType><IsRequired>true</IsRequired><Value i:type="a:ArrayOfdouble" xmlns:a="http://schemas.microsoft.com/2003/10/Serialization/Arrays"><a:double>-0.00046113149224957795</a:double><a:double>1.4976717060966038E-08</a:double><a:double>0.0003579314023691299</a:double></Value></Attribute><Attribute z:Id="i542"><AttributeType>rpy</AttributeType><IsRequired>true</IsRequired><Value i:type="a:ArrayOfdouble" xmlns:a="http://schemas.microsoft.com/2003/10/Serialization/Arrays"><a:double>0</a:double><a:double>0</a:double><a:double>0</a:double></Value></Attribute></Attributes><ChildElements/><ElementName>origin</ElementName><required>false</required><RPYAttribute z:Ref="i542"/><XYZAttribute z:Ref="i541"/><isCustomized>false</isCustomized></URDFElement><URDFElement z:Id="i543" i:type="Mass"><Attributes><Attribute z:Id="i544"><AttributeType>value</AttributeType><IsRequired>true</IsRequired><Value i:type="a:double" xmlns:a="http://www.w3.org/2001/XMLSchema">0.054824419026266127</Value></Attribute></Attributes><ChildElements/><ElementName>mass</ElementName><required>false</required><ValueAttribute z:Ref="i544"/></URDFElement><URDFElement z:Id="i545" i:type="Inertia"><Attributes><Attribute z:Id="i546"><AttributeType>ixx</AttributeType><IsRequired>true</IsRequired><Value i:type="a:double" xmlns:a="http://www.w3.org/2001/XMLSchema">1.0090549858138952E-05</Value></Attribute><Attribute z:Id="i547"><AttributeType>ixy</AttributeType><IsRequired>true</IsRequired><Value i:type="a:double" xmlns:a="http://www.w3.org/2001/XMLSchema">7.8187514452477666E-12</Value></Attribute><Attribute z:Id="i548"><AttributeType>ixz</AttributeType><IsRequired>true</IsRequired><Value i:type="a:double" xmlns:a="http://www.w3.org/2001/XMLSchema">8.080321971631818E-09</Value></Attribute><Attribute z:Id="i549"><AttributeType>iyy</AttributeType><IsRequired>true</IsRequired><Value i:type="a:double" xmlns:a="http://www.w3.org/2001/XMLSchema">1.4742226699454707E-05</Value></Attribute><Attribute z:Id="i550"><AttributeType>iyz</AttributeType><IsRequired>true</IsRequired><Value i:type="a:double" xmlns:a="http://www.w3.org/2001/XMLSchema">1.2694146820315702E-12</Value></Attribute><Attribute z:Id="i551"><AttributeType>izz</AttributeType><IsRequired>true</IsRequired><Value i:type="a:double" xmlns:a="http://www.w3.org/2001/XMLSchema">2.1447139775001296E-05</Value></Attribute></Attributes><ChildElements/><ElementName>inertia</ElementName><required>false</required><IxxAttribute z:Ref="i546"/><IxyAttribute z:Ref="i547"/><IxzAttribute z:Ref="i548"/><IyyAttribute z:Ref="i549"/><IyzAttribute z:Ref="i550"/><IzzAttribute z:Ref="i551"/></URDFElement></ChildElements><ElementName>inertial</ElementName><required>false</required><Inertia z:Ref="i545"/><Mass z:Ref="i543"/><Origin z:Ref="i540"/></URDFElement><URDFElement z:Id="i552" i:type="Visual"><Attributes/><ChildElements><URDFElement z:Id="i553" i:type="Origin"><Attributes><Attribute z:Id="i554"><AttributeType>xyz</AttributeType><IsRequired>true</IsRequired><Value i:type="a:ArrayOfdouble" xmlns:a="http://schemas.microsoft.com/2003/10/Serialization/Arrays"><a:double>0</a:double><a:double>0</a:double><a:double>0</a:double></Value></Attribute><Attribute z:Id="i555"><AttributeType>rpy</AttributeType><IsRequired>true</IsRequired><Value i:type="a:ArrayOfdouble" xmlns:a="http://schemas.microsoft.com/2003/10/Serialization/Arrays"><a:double>0</a:double><a:double>0</a:double><a:double>0</a:double></Value></Attribute></Attributes><ChildElements/><ElementName>origin</ElementName><required>false</required><RPYAttribute z:Ref="i555"/><XYZAttribute z:Ref="i554"/><isCustomized>false</isCustomized></URDFElement><URDFElement z:Id="i556" i:type="Geometry"><Attributes/><ChildElements><URDFElement z:Id="i557" i:type="Mesh"><Attributes><Attribute z:Id="i558"><AttributeType>filename</AttributeType><IsRequired>true</IsRequired><Value i:nil="true"/></Attribute></Attributes><ChildElements/><ElementName>mesh</ElementName><required>false</required><FilenameAttribute z:Ref="i558"/></URDFElement></ChildElements><ElementName>geometry</ElementName><required>true</required><Mesh z:Ref="i557"/></URDFElement><URDFElement z:Id="i559" i:type="Material"><Attributes><Attribute z:Id="i560"><AttributeType>name</AttributeType><IsRequired>true</IsRequired><Value i:type="a:string" xmlns:a="http://www.w3.org/2001/XMLSchema"/></Attribute></Attributes><ChildElements><URDFElement z:Id="i561" i:type="Color"><Attributes><Attribute z:Id="i562"><AttributeType>rgba</AttributeType><IsRequired>true</IsRequired><Value i:type="a:ArrayOfdouble" xmlns:a="http://schemas.microsoft.com/2003/10/Serialization/Arrays"><a:double>0.792156862745098</a:double><a:double>0.81960784313725488</a:double><a:double>0.93333333333333335</a:double><a:double>1</a:double></Value></Attribute></Attributes><ChildElements/><ElementName>color</ElementName><required>false</required><RGBAAttribute z:Ref="i562"/></URDFElement><URDFElement z:Id="i563" i:type="Texture"><Attributes><Attribute z:Id="i564"><AttributeType>filename</AttributeType><IsRequired>true</IsRequired><Value i:nil="true"/></Attribute></Attributes><ChildElements/><ElementName>texture</ElementName><required>false</required><FilenameAttribute z:Ref="i564"/><wFilename/></URDFElement></ChildElements><ElementName>material</ElementName><required>false</required><Color z:Ref="i561"/><NameAttribute z:Ref="i560"/><Texture z:Ref="i563"/></URDFElement></ChildElements><ElementName>visual</ElementName><required>false</required><Geometry z:Ref="i556"/><Material z:Ref="i559"/><Origin z:Ref="i553"/></URDFElement><URDFElement z:Id="i565" i:type="Collision"><Attributes/><ChildElements><URDFElement z:Id="i566" i:type="Origin"><Attributes><Attribute z:Id="i567"><AttributeType>xyz</AttributeType><IsRequired>true</IsRequired><Value i:type="a:ArrayOfdouble" xmlns:a="http://schemas.microsoft.com/2003/10/Serialization/Arrays"><a:double>0</a:double><a:double>0</a:double><a:double>0</a:double></Value></Attribute><Attribute z:Id="i568"><AttributeType>rpy</AttributeType><IsRequired>true</IsRequired><Value i:type="a:ArrayOfdouble" xmlns:a="http://schemas.microsoft.com/2003/10/Serialization/Arrays"><a:double>0</a:double><a:double>0</a:double><a:double>0</a:double></Value></Attribute></Attributes><ChildElements/><ElementName>origin</ElementName><required>false</required><RPYAttribute z:Ref="i568"/><XYZAttribute z:Ref="i567"/><isCustomized>false</isCustomized></URDFElement><URDFElement z:Id="i569" i:type="Geometry"><Attributes/><ChildElements><URDFElement z:Id="i570" i:type="Mesh"><Attributes><Attribute z:Id="i571"><AttributeType>filename</AttributeType><IsRequired>true</IsRequired><Value i:nil="true"/></Attribute></Attributes><ChildElements/><ElementName>mesh</ElementName><required>false</required><FilenameAttribute z:Ref="i571"/></URDFElement></ChildElements><ElementName>geometry</ElementName><required>true</required><Mesh z:Ref="i570"/></URDFElement></ChildElements><ElementName>collision</ElementName><required>false</required><Geometry z:Ref="i569"/><Origin z:Ref="i566"/></URDFElement><URDFElement z:Id="i572" i:type="Joint"><Attributes><Attribute z:Id="i573"><AttributeType>name</AttributeType><IsRequired>true</IsRequired><Value i:type="a:string" xmlns:a="http://www.w3.org/2001/XMLSchema">gyro_joint</Value></Attribute><Attribute z:Id="i574"><AttributeType>type</AttributeType><IsRequired>true</IsRequired><Value i:type="a:string" xmlns:a="http://www.w3.org/2001/XMLSchema">fixed</Value></Attribute></Attributes><ChildElements><URDFElement z:Id="i575" i:type="Origin"><Attributes><Attribute z:Id="i576"><AttributeType>xyz</AttributeType><IsRequired>true</IsRequired><Value i:type="a:ArrayOfdouble" xmlns:a="http://schemas.microsoft.com/2003/10/Serialization/Arrays"><a:double>0.3895</a:double><a:double>0</a:double><a:double>0.1035</a:double></Value></Attribute><Attribute z:Id="i577"><AttributeType>rpy</AttributeType><IsRequired>true</IsRequired><Value i:type="a:ArrayOfdouble" xmlns:a="http://schemas.microsoft.com/2003/10/Serialization/Arrays"><a:double>-3.1416</a:double><a:double>0</a:double><a:double>0</a:double></Value></Attribute></Attributes><ChildElements/><ElementName>origin</ElementName><required>false</required><RPYAttribute z:Ref="i577"/><XYZAttribute z:Ref="i576"/><isCustomized>false</isCustomized></URDFElement><URDFElement z:Id="i578" i:type="ParentLink"><Attributes><Attribute z:Id="i579"><AttributeType>link</AttributeType><IsRequired>true</IsRequired><Value i:type="a:string" xmlns:a="http://www.w3.org/2001/XMLSchema">base_link</Value></Attribute></Attributes><ChildElements/><ElementName>parent</ElementName><required>true</required><NameAttribute z:Ref="i579"/></URDFElement><URDFElement z:Id="i580" i:type="ChildLink"><Attributes><Attribute z:Id="i581"><AttributeType>link</AttributeType><IsRequired>true</IsRequired><Value i:type="a:string" xmlns:a="http://www.w3.org/2001/XMLSchema">gyro_link</Value></Attribute></Attributes><ChildElements/><ElementName>child</ElementName><required>true</required><NameAttribute z:Ref="i581"/></URDFElement><URDFElement z:Id="i582" i:type="Axis"><Attributes><Attribute z:Id="i583"><AttributeType>xyz</AttributeType><IsRequired>true</IsRequired><Value i:type="a:ArrayOfdouble" xmlns:a="http://schemas.microsoft.com/2003/10/Serialization/Arrays"><a:double>0</a:double><a:double>0</a:double><a:double>0</a:double></Value></Attribute></Attributes><ChildElements/><ElementName>axis</ElementName><required>false</required><XYZAttribute z:Ref="i583"/></URDFElement><URDFElement z:Id="i584" i:type="Limit"><Attributes><Attribute z:Id="i585"><AttributeType>lower</AttributeType><IsRequired>false</IsRequired><Value i:nil="true"/></Attribute><Attribute z:Id="i586"><AttributeType>upper</AttributeType><IsRequired>false</IsRequired><Value i:nil="true"/></Attribute><Attribute z:Id="i587"><AttributeType>effort</AttributeType><IsRequired>true</IsRequired><Value i:nil="true"/></Attribute><Attribute z:Id="i588"><AttributeType>velocity</AttributeType><IsRequired>true</IsRequired><Value i:nil="true"/></Attribute></Attributes><ChildElements/><ElementName>limit</ElementName><required>false</required><EffortAttribute z:Ref="i587"/><LowerAttribute z:Ref="i585"/><UpperAttribute z:Ref="i586"/><VelocityAttribute z:Ref="i588"/></URDFElement><URDFElement z:Id="i589" i:type="Calibration"><Attributes><Attribute z:Id="i590"><AttributeType>rising</AttributeType><IsRequired>false</IsRequired><Value i:nil="true"/></Attribute><Attribute z:Id="i591"><AttributeType>falling</AttributeType><IsRequired>false</IsRequired><Value i:nil="true"/></Attribute></Attributes><ChildElements/><ElementName>calibration</ElementName><required>false</required><FallingAttribute z:Ref="i591"/><RisingAttribute z:Ref="i590"/></URDFElement><URDFElement z:Id="i592" i:type="Dynamics"><Attributes><Attribute z:Id="i593"><AttributeType>damping</AttributeType><IsRequired>false</IsRequired><Value i:nil="true"/></Attribute><Attribute z:Id="i594"><AttributeType>friction</AttributeType><IsRequired>false</IsRequired><Value i:nil="true"/></Attribute></Attributes><ChildElements/><ElementName>dynamics</ElementName><required>false</required><DampingAttribute z:Ref="i593"/><FrictionAttribute z:Ref="i594"/></URDFElement><URDFElement z:Id="i595" i:type="SafetyController"><Attributes><Attribute z:Id="i596"><AttributeType>soft_upper_limit</AttributeType><IsRequired>false</IsRequired><Value i:nil="true"/></Attribute><Attribute z:Id="i597"><AttributeType>soft_lower_limit</AttributeType><IsRequired>false</IsRequired><Value i:nil="true"/></Attribute><Attribute z:Id="i598"><AttributeType>k_position</AttributeType><IsRequired>false</IsRequired><Value i:nil="true"/></Attribute><Attribute z:Id="i599"><AttributeType>k_velocity</AttributeType><IsRequired>true</IsRequired><Value i:nil="true"/></Attribute></Attributes><ChildElements/><ElementName>safety_controller</ElementName><required>false</required><KPositionAttribute z:Ref="i598"/><KVelocityAttribute z:Ref="i599"/><SoftLowerAttribute z:Ref="i597"/><SoftUpperAttribute z:Ref="i596"/></URDFElement><URDFElement z:Id="i600" i:type="Mimic"><Attributes><Attribute z:Id="i601"><AttributeType>joint</AttributeType><IsRequired>true</IsRequired><Value i:nil="true"/></Attribute><Attribute z:Id="i602"><AttributeType>multiplier</AttributeType><IsRequired>false</IsRequired><Value i:nil="true"/></Attribute><Attribute z:Id="i603"><AttributeType>offset</AttributeType><IsRequired>false</IsRequired><Value i:nil="true"/></Attribute></Attributes><ChildElements/><ElementName>mimic</ElementName><required>false</required><JointNameAttribute z:Ref="i601"/><MultiplierAttribute z:Ref="i602"/><OffsetAttribute z:Ref="i603"/></URDFElement></ChildElements><ElementName>joint</ElementName><required>false</required><Axis z:Ref="i582"/><AxisName>Automatically Generate</AxisName><Calibration z:Ref="i589"/><Child z:Ref="i580"/><CoordinateSystemName>imu?????????1</CoordinateSystemName><Dynamics z:Ref="i592"/><Limit z:Ref="i584"/><Mimic z:Ref="i600"/><NameAttribute z:Ref="i573"/><Origin z:Ref="i575"/><Parent z:Ref="i578"/><Safety z:Ref="i595"/><TypeAttribute z:Ref="i574"/></URDFElement></ChildElements><ElementName>link</ElementName><required>true</required><Children/><Collision z:Ref="i565"/><Inertial z:Ref="i539"/><Joint z:Ref="i572"/><NameAttribute z:Ref="i538"/><Parent z:Ref="i1"/><STLQualityFine>false</STLQualityFine><SWComponentPIDs xmlns:a="http://schemas.microsoft.com/2003/10/Serialization/Arrays"><a:base64Binary>UEYAAAUAAAD//v8v72D8WyFqV1dfADKWNGxIck4AMQAwADAAVwBQACgATgAyADAAMABXAFAAXwBOADMAMAAwAFcAUAApAKJbN2L+Vi0AMQBAAJVe2HY7YMWIXwBNAGkAZAAzADYAMABIcgQAAAAQAAAAAQAAAAEAAADUAwAA</a:base64Binary></SWComponentPIDs><SWMainComponentPID i:nil="true"/><Visual z:Ref="i552"/><isFixedFrame>false</isFixedFrame><isIncomplete>false</isIncomplete></Link><Link z:Id="i604"><Attributes><Attribute z:Id="i605"><AttributeType>name</AttributeType><IsRequired>true</IsRequired><Value i:type="a:string" xmlns:a="http://www.w3.org/2001/XMLSchema">ultrasound_link1</Value></Attribute></Attributes><ChildElements><URDFElement z:Id="i606" i:type="Inertial"><Attributes/><ChildElements><URDFElement z:Id="i607" i:type="Origin"><Attributes><Attribute z:Id="i608"><AttributeType>xyz</AttributeType><IsRequired>true</IsRequired><Value i:type="a:ArrayOfdouble" xmlns:a="http://schemas.microsoft.com/2003/10/Serialization/Arrays"><a:double>0</a:double><a:double>0</a:double><a:double>0</a:double></Value></Attribute><Attribute z:Id="i609"><AttributeType>rpy</AttributeType><IsRequired>true</IsRequired><Value i:type="a:ArrayOfdouble" xmlns:a="http://schemas.microsoft.com/2003/10/Serialization/Arrays"><a:double>0</a:double><a:double>0</a:double><a:double>0</a:double></Value></Attribute></Attributes><ChildElements/><ElementName>origin</ElementName><required>false</required><RPYAttribute z:Ref="i609"/><XYZAttribute z:Ref="i608"/><isCustomized>false</isCustomized></URDFElement><URDFElement z:Id="i610" i:type="Mass"><Attributes><Attribute z:Id="i611"><AttributeType>value</AttributeType><IsRequired>true</IsRequired><Value i:type="a:double" xmlns:a="http://www.w3.org/2001/XMLSchema">0</Value></Attribute></Attributes><ChildElements/><ElementName>mass</ElementName><required>false</required><ValueAttribute z:Ref="i611"/></URDFElement><URDFElement z:Id="i612" i:type="Inertia"><Attributes><Attribute z:Id="i613"><AttributeType>ixx</AttributeType><IsRequired>true</IsRequired><Value i:type="a:double" xmlns:a="http://www.w3.org/2001/XMLSchema">0</Value></Attribute><Attribute z:Id="i614"><AttributeType>ixy</AttributeType><IsRequired>true</IsRequired><Value i:type="a:double" xmlns:a="http://www.w3.org/2001/XMLSchema">0</Value></Attribute><Attribute z:Id="i615"><AttributeType>ixz</AttributeType><IsRequired>true</IsRequired><Value i:type="a:double" xmlns:a="http://www.w3.org/2001/XMLSchema">0</Value></Attribute><Attribute z:Id="i616"><AttributeType>iyy</AttributeType><IsRequired>true</IsRequired><Value i:type="a:double" xmlns:a="http://www.w3.org/2001/XMLSchema">0</Value></Attribute><Attribute z:Id="i617"><AttributeType>iyz</AttributeType><IsRequired>true</IsRequired><Value i:type="a:double" xmlns:a="http://www.w3.org/2001/XMLSchema">0</Value></Attribute><Attribute z:Id="i618"><AttributeType>izz</AttributeType><IsRequired>true</IsRequired><Value i:type="a:double" xmlns:a="http://www.w3.org/2001/XMLSchema">0</Value></Attribute></Attributes><ChildElements/><ElementName>inertia</ElementName><required>false</required><IxxAttribute z:Ref="i613"/><IxyAttribute z:Ref="i614"/><IxzAttribute z:Ref="i615"/><IyyAttribute z:Ref="i616"/><IyzAttribute z:Ref="i617"/><IzzAttribute z:Ref="i618"/></URDFElement></ChildElements><ElementName>inertial</ElementName><required>false</required><Inertia z:Ref="i612"/><Mass z:Ref="i610"/><Origin z:Ref="i607"/></URDFElement><URDFElement z:Id="i619" i:type="Visual"><Attributes/><ChildElements><URDFElement z:Id="i620" i:type="Origin"><Attributes><Attribute z:Id="i621"><AttributeType>xyz</AttributeType><IsRequired>true</IsRequired><Value i:type="a:ArrayOfdouble" xmlns:a="http://schemas.microsoft.com/2003/10/Serialization/Arrays"><a:double>0</a:double><a:double>0</a:double><a:double>0</a:double></Value></Attribute><Attribute z:Id="i622"><AttributeType>rpy</AttributeType><IsRequired>true</IsRequired><Value i:type="a:ArrayOfdouble" xmlns:a="http://schemas.microsoft.com/2003/10/Serialization/Arrays"><a:double>0</a:double><a:double>0</a:double><a:double>0</a:double></Value></Attribute></Attributes><ChildElements/><ElementName>origin</ElementName><required>false</required><RPYAttribute z:Ref="i622"/><XYZAttribute z:Ref="i621"/><isCustomized>false</isCustomized></URDFElement><URDFElement z:Id="i623" i:type="Geometry"><Attributes/><ChildElements><URDFElement z:Id="i624" i:type="Mesh"><Attributes><Attribute z:Id="i625"><AttributeType>filename</AttributeType><IsRequired>true</IsRequired><Value i:nil="true"/></Attribute></Attributes><ChildElements/><ElementName>mesh</ElementName><required>false</required><FilenameAttribute z:Ref="i625"/></URDFElement></ChildElements><ElementName>geometry</ElementName><required>true</required><Mesh z:Ref="i624"/></URDFElement><URDFElement z:Id="i626" i:type="Material"><Attributes><Attribute z:Id="i627"><AttributeType>name</AttributeType><IsRequired>true</IsRequired><Value i:type="a:string" xmlns:a="http://www.w3.org/2001/XMLSchema"/></Attribute></Attributes><ChildElements><URDFElement z:Id="i628" i:type="Color"><Attributes><Attribute z:Id="i629"><AttributeType>rgba</AttributeType><IsRequired>true</IsRequired><Value i:type="a:ArrayOfdouble" xmlns:a="http://schemas.microsoft.com/2003/10/Serialization/Arrays"><a:double>1</a:double><a:double>1</a:double><a:double>1</a:double><a:double>1</a:double></Value></Attribute></Attributes><ChildElements/><ElementName>color</ElementName><required>false</required><RGBAAttribute z:Ref="i629"/></URDFElement><URDFElement z:Id="i630" i:type="Texture"><Attributes><Attribute z:Id="i631"><AttributeType>filename</AttributeType><IsRequired>true</IsRequired><Value i:nil="true"/></Attribute></Attributes><ChildElements/><ElementName>texture</ElementName><required>false</required><FilenameAttribute z:Ref="i631"/><wFilename/></URDFElement></ChildElements><ElementName>material</ElementName><required>false</required><Color z:Ref="i628"/><NameAttribute z:Ref="i627"/><Texture z:Ref="i630"/></URDFElement></ChildElements><ElementName>visual</ElementName><required>false</required><Geometry z:Ref="i623"/><Material z:Ref="i626"/><Origin z:Ref="i620"/></URDFElement><URDFElement z:Id="i632" i:type="Collision"><Attributes/><ChildElements><URDFElement z:Id="i633" i:type="Origin"><Attributes><Attribute z:Id="i634"><AttributeType>xyz</AttributeType><IsRequired>true</IsRequired><Value i:type="a:ArrayOfdouble" xmlns:a="http://schemas.microsoft.com/2003/10/Serialization/Arrays"><a:double>0</a:double><a:double>0</a:double><a:double>0</a:double></Value></Attribute><Attribute z:Id="i635"><AttributeType>rpy</AttributeType><IsRequired>true</IsRequired><Value i:type="a:ArrayOfdouble" xmlns:a="http://schemas.microsoft.com/2003/10/Serialization/Arrays"><a:double>0</a:double><a:double>0</a:double><a:double>0</a:double></Value></Attribute></Attributes><ChildElements/><ElementName>origin</ElementName><required>false</required><RPYAttribute z:Ref="i635"/><XYZAttribute z:Ref="i634"/><isCustomized>false</isCustomized></URDFElement><URDFElement z:Id="i636" i:type="Geometry"><Attributes/><ChildElements><URDFElement z:Id="i637" i:type="Mesh"><Attributes><Attribute z:Id="i638"><AttributeType>filename</AttributeType><IsRequired>true</IsRequired><Value i:nil="true"/></Attribute></Attributes><ChildElements/><ElementName>mesh</ElementName><required>false</required><FilenameAttribute z:Ref="i638"/></URDFElement></ChildElements><ElementName>geometry</ElementName><required>true</required><Mesh z:Ref="i637"/></URDFElement></ChildElements><ElementName>collision</ElementName><required>false</required><Geometry z:Ref="i636"/><Origin z:Ref="i633"/></URDFElement><URDFElement z:Id="i639" i:type="Joint"><Attributes><Attribute z:Id="i640"><AttributeType>name</AttributeType><IsRequired>true</IsRequired><Value i:type="a:string" xmlns:a="http://www.w3.org/2001/XMLSchema">ultrasound_joint1</Value></Attribute><Attribute z:Id="i641"><AttributeType>type</AttributeType><IsRequired>true</IsRequired><Value i:type="a:string" xmlns:a="http://www.w3.org/2001/XMLSchema">fixed</Value></Attribute></Attributes><ChildElements><URDFElement z:Id="i642" i:type="Origin"><Attributes><Attribute z:Id="i643"><AttributeType>xyz</AttributeType><IsRequired>true</IsRequired><Value i:type="a:ArrayOfdouble" xmlns:a="http://schemas.microsoft.com/2003/10/Serialization/Arrays"><a:double>0</a:double><a:double>0</a:double><a:double>0</a:double></Value></Attribute><Attribute z:Id="i644"><AttributeType>rpy</AttributeType><IsRequired>true</IsRequired><Value i:type="a:ArrayOfdouble" xmlns:a="http://schemas.microsoft.com/2003/10/Serialization/Arrays"><a:double>0</a:double><a:double>0</a:double><a:double>0</a:double></Value></Attribute></Attributes><ChildElements/><ElementName>origin</ElementName><required>false</required><RPYAttribute z:Ref="i644"/><XYZAttribute z:Ref="i643"/><isCustomized>false</isCustomized></URDFElement><URDFElement z:Id="i645" i:type="ParentLink"><Attributes><Attribute z:Id="i646"><AttributeType>link</AttributeType><IsRequired>true</IsRequired><Value i:type="a:string" xmlns:a="http://www.w3.org/2001/XMLSchema"/></Attribute></Attributes><ChildElements/><ElementName>parent</ElementName><required>true</required><NameAttribute z:Ref="i646"/></URDFElement><URDFElement z:Id="i647" i:type="ChildLink"><Attributes><Attribute z:Id="i648"><AttributeType>link</AttributeType><IsRequired>true</IsRequired><Value i:type="a:string" xmlns:a="http://www.w3.org/2001/XMLSchema"/></Attribute></Attributes><ChildElements/><ElementName>child</ElementName><required>true</required><NameAttribute z:Ref="i648"/></URDFElement><URDFElement z:Id="i649" i:type="Axis"><Attributes><Attribute z:Id="i650"><AttributeType>xyz</AttributeType><IsRequired>true</IsRequired><Value i:type="a:ArrayOfdouble" xmlns:a="http://schemas.microsoft.com/2003/10/Serialization/Arrays"><a:double>0</a:double><a:double>0</a:double><a:double>0</a:double></Value></Attribute></Attributes><ChildElements/><ElementName>axis</ElementName><required>false</required><XYZAttribute z:Ref="i650"/></URDFElement><URDFElement z:Id="i651" i:type="Limit"><Attributes><Attribute z:Id="i652"><AttributeType>lower</AttributeType><IsRequired>false</IsRequired><Value i:nil="true"/></Attribute><Attribute z:Id="i653"><AttributeType>upper</AttributeType><IsRequired>false</IsRequired><Value i:nil="true"/></Attribute><Attribute z:Id="i654"><AttributeType>effort</AttributeType><IsRequired>true</IsRequired><Value i:nil="true"/></Attribute><Attribute z:Id="i655"><AttributeType>velocity</AttributeType><IsRequired>true</IsRequired><Value i:nil="true"/></Attribute></Attributes><ChildElements/><ElementName>limit</ElementName><required>false</required><EffortAttribute z:Ref="i654"/><LowerAttribute z:Ref="i652"/><UpperAttribute z:Ref="i653"/><VelocityAttribute z:Ref="i655"/></URDFElement><URDFElement z:Id="i656" i:type="Calibration"><Attributes><Attribute z:Id="i657"><AttributeType>rising</AttributeType><IsRequired>false</IsRequired><Value i:nil="true"/></Attribute><Attribute z:Id="i658"><AttributeType>falling</AttributeType><IsRequired>false</IsRequired><Value i:nil="true"/></Attribute></Attributes><ChildElements/><ElementName>calibration</ElementName><required>false</required><FallingAttribute z:Ref="i658"/><RisingAttribute z:Ref="i657"/></URDFElement><URDFElement z:Id="i659" i:type="Dynamics"><Attributes><Attribute z:Id="i660"><AttributeType>damping</AttributeType><IsRequired>false</IsRequired><Value i:nil="true"/></Attribute><Attribute z:Id="i661"><AttributeType>friction</AttributeType><IsRequired>false</IsRequired><Value i:nil="true"/></Attribute></Attributes><ChildElements/><ElementName>dynamics</ElementName><required>false</required><DampingAttribute z:Ref="i660"/><FrictionAttribute z:Ref="i661"/></URDFElement><URDFElement z:Id="i662" i:type="SafetyController"><Attributes><Attribute z:Id="i663"><AttributeType>soft_upper_limit</AttributeType><IsRequired>false</IsRequired><Value i:nil="true"/></Attribute><Attribute z:Id="i664"><AttributeType>soft_lower_limit</AttributeType><IsRequired>false</IsRequired><Value i:nil="true"/></Attribute><Attribute z:Id="i665"><AttributeType>k_position</AttributeType><IsRequired>false</IsRequired><Value i:nil="true"/></Attribute><Attribute z:Id="i666"><AttributeType>k_velocity</AttributeType><IsRequired>true</IsRequired><Value i:nil="true"/></Attribute></Attributes><ChildElements/><ElementName>safety_controller</ElementName><required>false</required><KPositionAttribute z:Ref="i665"/><KVelocityAttribute z:Ref="i666"/><SoftLowerAttribute z:Ref="i664"/><SoftUpperAttribute z:Ref="i663"/></URDFElement><URDFElement z:Id="i667" i:type="Mimic"><Attributes><Attribute z:Id="i668"><AttributeType>joint</AttributeType><IsRequired>true</IsRequired><Value i:nil="true"/></Attribute><Attribute z:Id="i669"><AttributeType>multiplier</AttributeType><IsRequired>false</IsRequired><Value i:nil="true"/></Attribute><Attribute z:Id="i670"><AttributeType>offset</AttributeType><IsRequired>false</IsRequired><Value i:nil="true"/></Attribute></Attributes><ChildElements/><ElementName>mimic</ElementName><required>false</required><JointNameAttribute z:Ref="i668"/><MultiplierAttribute z:Ref="i669"/><OffsetAttribute z:Ref="i670"/></URDFElement></ChildElements><ElementName>joint</ElementName><required>false</required><Axis z:Ref="i649"/><AxisName>Automatically Generate</AxisName><Calibration z:Ref="i656"/><Child z:Ref="i647"/><CoordinateSystemName>???????????????1</CoordinateSystemName><Dynamics z:Ref="i659"/><Limit z:Ref="i651"/><Mimic z:Ref="i667"/><NameAttribute z:Ref="i640"/><Origin z:Ref="i642"/><Parent z:Ref="i645"/><Safety z:Ref="i662"/><TypeAttribute z:Ref="i641"/></URDFElement></ChildElements><ElementName>link</ElementName><required>true</required><Children/><Collision z:Ref="i632"/><Inertial z:Ref="i606"/><Joint z:Ref="i639"/><NameAttribute z:Ref="i605"/><Parent z:Ref="i1"/><STLQualityFine>false</STLQualityFine><SWComponentPIDs xmlns:a="http://schemas.microsoft.com/2003/10/Serialization/Arrays"><a:base64Binary>UEYAAAUAAAD//v8XhY3wWOJsomM0WfpWmlv2Ti0AMQBAAJVe2HY7YMWIXwBNAGkAZAAzADYAMABIcgQAAAAQAAAAAQAAAAEAAACkCAAA</a:base64Binary></SWComponentPIDs><SWMainComponentPID i:nil="true"/><Visual z:Ref="i619"/><isFixedFrame>false</isFixedFrame><isIncomplete>false</isIncomplete></Link><Link z:Id="i671"><Attributes><Attribute z:Id="i672"><AttributeType>name</AttributeType><IsRequired>true</IsRequired><Value i:type="a:string" xmlns:a="http://www.w3.org/2001/XMLSchema">ultrasound_link2</Value></Attribute></Attributes><ChildElements><URDFElement z:Id="i673" i:type="Inertial"><Attributes/><ChildElements><URDFElement z:Id="i674" i:type="Origin"><Attributes><Attribute z:Id="i675"><AttributeType>xyz</AttributeType><IsRequired>true</IsRequired><Value i:type="a:ArrayOfdouble" xmlns:a="http://schemas.microsoft.com/2003/10/Serialization/Arrays"><a:double>0</a:double><a:double>0</a:double><a:double>0</a:double></Value></Attribute><Attribute z:Id="i676"><AttributeType>rpy</AttributeType><IsRequired>true</IsRequired><Value i:type="a:ArrayOfdouble" xmlns:a="http://schemas.microsoft.com/2003/10/Serialization/Arrays"><a:double>0</a:double><a:double>0</a:double><a:double>0</a:double></Value></Attribute></Attributes><ChildElements/><ElementName>origin</ElementName><required>false</required><RPYAttribute z:Ref="i676"/><XYZAttribute z:Ref="i675"/><isCustomized>false</isCustomized></URDFElement><URDFElement z:Id="i677" i:type="Mass"><Attributes><Attribute z:Id="i678"><AttributeType>value</AttributeType><IsRequired>true</IsRequired><Value i:type="a:double" xmlns:a="http://www.w3.org/2001/XMLSchema">0</Value></Attribute></Attributes><ChildElements/><ElementName>mass</ElementName><required>false</required><ValueAttribute z:Ref="i678"/></URDFElement><URDFElement z:Id="i679" i:type="Inertia"><Attributes><Attribute z:Id="i680"><AttributeType>ixx</AttributeType><IsRequired>true</IsRequired><Value i:type="a:double" xmlns:a="http://www.w3.org/2001/XMLSchema">0</Value></Attribute><Attribute z:Id="i681"><AttributeType>ixy</AttributeType><IsRequired>true</IsRequired><Value i:type="a:double" xmlns:a="http://www.w3.org/2001/XMLSchema">0</Value></Attribute><Attribute z:Id="i682"><AttributeType>ixz</AttributeType><IsRequired>true</IsRequired><Value i:type="a:double" xmlns:a="http://www.w3.org/2001/XMLSchema">0</Value></Attribute><Attribute z:Id="i683"><AttributeType>iyy</AttributeType><IsRequired>true</IsRequired><Value i:type="a:double" xmlns:a="http://www.w3.org/2001/XMLSchema">0</Value></Attribute><Attribute z:Id="i684"><AttributeType>iyz</AttributeType><IsRequired>true</IsRequired><Value i:type="a:double" xmlns:a="http://www.w3.org/2001/XMLSchema">0</Value></Attribute><Attribute z:Id="i685"><AttributeType>izz</AttributeType><IsRequired>true</IsRequired><Value i:type="a:double" xmlns:a="http://www.w3.org/2001/XMLSchema">0</Value></Attribute></Attributes><ChildElements/><ElementName>inertia</ElementName><required>false</required><IxxAttribute z:Ref="i680"/><IxyAttribute z:Ref="i681"/><IxzAttribute z:Ref="i682"/><IyyAttribute z:Ref="i683"/><IyzAttribute z:Ref="i684"/><IzzAttribute z:Ref="i685"/></URDFElement></ChildElements><ElementName>inertial</ElementName><required>false</required><Inertia z:Ref="i679"/><Mass z:Ref="i677"/><Origin z:Ref="i674"/></URDFElement><URDFElement z:Id="i686" i:type="Visual"><Attributes/><ChildElements><URDFElement z:Id="i687" i:type="Origin"><Attributes><Attribute z:Id="i688"><AttributeType>xyz</AttributeType><IsRequired>true</IsRequired><Value i:type="a:ArrayOfdouble" xmlns:a="http://schemas.microsoft.com/2003/10/Serialization/Arrays"><a:double>0</a:double><a:double>0</a:double><a:double>0</a:double></Value></Attribute><Attribute z:Id="i689"><AttributeType>rpy</AttributeType><IsRequired>true</IsRequired><Value i:type="a:ArrayOfdouble" xmlns:a="http://schemas.microsoft.com/2003/10/Serialization/Arrays"><a:double>0</a:double><a:double>0</a:double><a:double>0</a:double></Value></Attribute></Attributes><ChildElements/><ElementName>origin</ElementName><required>false</required><RPYAttribute z:Ref="i689"/><XYZAttribute z:Ref="i688"/><isCustomized>false</isCustomized></URDFElement><URDFElement z:Id="i690" i:type="Geometry"><Attributes/><ChildElements><URDFElement z:Id="i691" i:type="Mesh"><Attributes><Attribute z:Id="i692"><AttributeType>filename</AttributeType><IsRequired>true</IsRequired><Value i:nil="true"/></Attribute></Attributes><ChildElements/><ElementName>mesh</ElementName><required>false</required><FilenameAttribute z:Ref="i692"/></URDFElement></ChildElements><ElementName>geometry</ElementName><required>true</required><Mesh z:Ref="i691"/></URDFElement><URDFElement z:Id="i693" i:type="Material"><Attributes><Attribute z:Id="i694"><AttributeType>name</AttributeType><IsRequired>true</IsRequired><Value i:type="a:string" xmlns:a="http://www.w3.org/2001/XMLSchema"/></Attribute></Attributes><ChildElements><URDFElement z:Id="i695" i:type="Color"><Attributes><Attribute z:Id="i696"><AttributeType>rgba</AttributeType><IsRequired>true</IsRequired><Value i:type="a:ArrayOfdouble" xmlns:a="http://schemas.microsoft.com/2003/10/Serialization/Arrays"><a:double>1</a:double><a:double>1</a:double><a:double>1</a:double><a:double>1</a:double></Value></Attribute></Attributes><ChildElements/><ElementName>color</ElementName><required>false</required><RGBAAttribute z:Ref="i696"/></URDFElement><URDFElement z:Id="i697" i:type="Texture"><Attributes><Attribute z:Id="i698"><AttributeType>filename</AttributeType><IsRequired>true</IsRequired><Value i:nil="true"/></Attribute></Attributes><ChildElements/><ElementName>texture</ElementName><required>false</required><FilenameAttribute z:Ref="i698"/><wFilename/></URDFElement></ChildElements><ElementName>material</ElementName><required>false</required><Color z:Ref="i695"/><NameAttribute z:Ref="i694"/><Texture z:Ref="i697"/></URDFElement></ChildElements><ElementName>visual</ElementName><required>false</required><Geometry z:Ref="i690"/><Material z:Ref="i693"/><Origin z:Ref="i687"/></URDFElement><URDFElement z:Id="i699" i:type="Collision"><Attributes/><ChildElements><URDFElement z:Id="i700" i:type="Origin"><Attributes><Attribute z:Id="i701"><AttributeType>xyz</AttributeType><IsRequired>true</IsRequired><Value i:type="a:ArrayOfdouble" xmlns:a="http://schemas.microsoft.com/2003/10/Serialization/Arrays"><a:double>0</a:double><a:double>0</a:double><a:double>0</a:double></Value></Attribute><Attribute z:Id="i702"><AttributeType>rpy</AttributeType><IsRequired>true</IsRequired><Value i:type="a:ArrayOfdouble" xmlns:a="http://schemas.microsoft.com/2003/10/Serialization/Arrays"><a:double>0</a:double><a:double>0</a:double><a:double>0</a:double></Value></Attribute></Attributes><ChildElements/><ElementName>origin</ElementName><required>false</required><RPYAttribute z:Ref="i702"/><XYZAttribute z:Ref="i701"/><isCustomized>false</isCustomized></URDFElement><URDFElement z:Id="i703" i:type="Geometry"><Attributes/><ChildElements><URDFElement z:Id="i704" i:type="Mesh"><Attributes><Attribute z:Id="i705"><AttributeType>filename</AttributeType><IsRequired>true</IsRequired><Value i:nil="true"/></Attribute></Attributes><ChildElements/><ElementName>mesh</ElementName><required>false</required><FilenameAttribute z:Ref="i705"/></URDFElement></ChildElements><ElementName>geometry</ElementName><required>true</required><Mesh z:Ref="i704"/></URDFElement></ChildElements><ElementName>collision</ElementName><required>false</required><Geometry z:Ref="i703"/><Origin z:Ref="i700"/></URDFElement><URDFElement z:Id="i706" i:type="Joint"><Attributes><Attribute z:Id="i707"><AttributeType>name</AttributeType><IsRequired>true</IsRequired><Value i:type="a:string" xmlns:a="http://www.w3.org/2001/XMLSchema">ultrasound_joint2</Value></Attribute><Attribute z:Id="i708"><AttributeType>type</AttributeType><IsRequired>true</IsRequired><Value i:type="a:string" xmlns:a="http://www.w3.org/2001/XMLSchema">fixed</Value></Attribute></Attributes><ChildElements><URDFElement z:Id="i709" i:type="Origin"><Attributes><Attribute z:Id="i710"><AttributeType>xyz</AttributeType><IsRequired>true</IsRequired><Value i:type="a:ArrayOfdouble" xmlns:a="http://schemas.microsoft.com/2003/10/Serialization/Arrays"><a:double>0</a:double><a:double>0</a:double><a:double>0</a:double></Value></Attribute><Attribute z:Id="i711"><AttributeType>rpy</AttributeType><IsRequired>true</IsRequired><Value i:type="a:ArrayOfdouble" xmlns:a="http://schemas.microsoft.com/2003/10/Serialization/Arrays"><a:double>0</a:double><a:double>0</a:double><a:double>0</a:double></Value></Attribute></Attributes><ChildElements/><ElementName>origin</ElementName><required>false</required><RPYAttribute z:Ref="i711"/><XYZAttribute z:Ref="i710"/><isCustomized>false</isCustomized></URDFElement><URDFElement z:Id="i712" i:type="ParentLink"><Attributes><Attribute z:Id="i713"><AttributeType>link</AttributeType><IsRequired>true</IsRequired><Value i:type="a:string" xmlns:a="http://www.w3.org/2001/XMLSchema"/></Attribute></Attributes><ChildElements/><ElementName>parent</ElementName><required>true</required><NameAttribute z:Ref="i713"/></URDFElement><URDFElement z:Id="i714" i:type="ChildLink"><Attributes><Attribute z:Id="i715"><AttributeType>link</AttributeType><IsRequired>true</IsRequired><Value i:type="a:string" xmlns:a="http://www.w3.org/2001/XMLSchema"/></Attribute></Attributes><ChildElements/><ElementName>child</ElementName><required>true</required><NameAttribute z:Ref="i715"/></URDFElement><URDFElement z:Id="i716" i:type="Axis"><Attributes><Attribute z:Id="i717"><AttributeType>xyz</AttributeType><IsRequired>true</IsRequired><Value i:type="a:ArrayOfdouble" xmlns:a="http://schemas.microsoft.com/2003/10/Serialization/Arrays"><a:double>0</a:double><a:double>0</a:double><a:double>0</a:double></Value></Attribute></Attributes><ChildElements/><ElementName>axis</ElementName><required>false</required><XYZAttribute z:Ref="i717"/></URDFElement><URDFElement z:Id="i718" i:type="Limit"><Attributes><Attribute z:Id="i719"><AttributeType>lower</AttributeType><IsRequired>false</IsRequired><Value i:nil="true"/></Attribute><Attribute z:Id="i720"><AttributeType>upper</AttributeType><IsRequired>false</IsRequired><Value i:nil="true"/></Attribute><Attribute z:Id="i721"><AttributeType>effort</AttributeType><IsRequired>true</IsRequired><Value i:nil="true"/></Attribute><Attribute z:Id="i722"><AttributeType>velocity</AttributeType><IsRequired>true</IsRequired><Value i:nil="true"/></Attribute></Attributes><ChildElements/><ElementName>limit</ElementName><required>false</required><EffortAttribute z:Ref="i721"/><LowerAttribute z:Ref="i719"/><UpperAttribute z:Ref="i720"/><VelocityAttribute z:Ref="i722"/></URDFElement><URDFElement z:Id="i723" i:type="Calibration"><Attributes><Attribute z:Id="i724"><AttributeType>rising</AttributeType><IsRequired>false</IsRequired><Value i:nil="true"/></Attribute><Attribute z:Id="i725"><AttributeType>falling</AttributeType><IsRequired>false</IsRequired><Value i:nil="true"/></Attribute></Attributes><ChildElements/><ElementName>calibration</ElementName><required>false</required><FallingAttribute z:Ref="i725"/><RisingAttribute z:Ref="i724"/></URDFElement><URDFElement z:Id="i726" i:type="Dynamics"><Attributes><Attribute z:Id="i727"><AttributeType>damping</AttributeType><IsRequired>false</IsRequired><Value i:nil="true"/></Attribute><Attribute z:Id="i728"><AttributeType>friction</AttributeType><IsRequired>false</IsRequired><Value i:nil="true"/></Attribute></Attributes><ChildElements/><ElementName>dynamics</ElementName><required>false</required><DampingAttribute z:Ref="i727"/><FrictionAttribute z:Ref="i728"/></URDFElement><URDFElement z:Id="i729" i:type="SafetyController"><Attributes><Attribute z:Id="i730"><AttributeType>soft_upper_limit</AttributeType><IsRequired>false</IsRequired><Value i:nil="true"/></Attribute><Attribute z:Id="i731"><AttributeType>soft_lower_limit</AttributeType><IsRequired>false</IsRequired><Value i:nil="true"/></Attribute><Attribute z:Id="i732"><AttributeType>k_position</AttributeType><IsRequired>false</IsRequired><Value i:nil="true"/></Attribute><Attribute z:Id="i733"><AttributeType>k_velocity</AttributeType><IsRequired>true</IsRequired><Value i:nil="true"/></Attribute></Attributes><ChildElements/><ElementName>safety_controller</ElementName><required>false</required><KPositionAttribute z:Ref="i732"/><KVelocityAttribute z:Ref="i733"/><SoftLowerAttribute z:Ref="i731"/><SoftUpperAttribute z:Ref="i730"/></URDFElement><URDFElement z:Id="i734" i:type="Mimic"><Attributes><Attribute z:Id="i735"><AttributeType>joint</AttributeType><IsRequired>true</IsRequired><Value i:nil="true"/></Attribute><Attribute z:Id="i736"><AttributeType>multiplier</AttributeType><IsRequired>false</IsRequired><Value i:nil="true"/></Attribute><Attribute z:Id="i737"><AttributeType>offset</AttributeType><IsRequired>false</IsRequired><Value i:nil="true"/></Attribute></Attributes><ChildElements/><ElementName>mimic</ElementName><required>false</required><JointNameAttribute z:Ref="i735"/><MultiplierAttribute z:Ref="i736"/><OffsetAttribute z:Ref="i737"/></URDFElement></ChildElements><ElementName>joint</ElementName><required>false</required><Axis z:Ref="i716"/><AxisName>Automatically Generate</AxisName><Calibration z:Ref="i723"/><Child z:Ref="i714"/><CoordinateSystemName>???????????????2</CoordinateSystemName><Dynamics z:Ref="i726"/><Limit z:Ref="i718"/><Mimic z:Ref="i734"/><NameAttribute z:Ref="i707"/><Origin z:Ref="i709"/><Parent z:Ref="i712"/><Safety z:Ref="i729"/><TypeAttribute z:Ref="i708"/></URDFElement></ChildElements><ElementName>link</ElementName><required>true</required><Children/><Collision z:Ref="i699"/><Inertial z:Ref="i673"/><Joint z:Ref="i706"/><NameAttribute z:Ref="i672"/><Parent z:Ref="i1"/><STLQualityFine>false</STLQualityFine><SWComponentPIDs xmlns:a="http://schemas.microsoft.com/2003/10/Serialization/Arrays"><a:base64Binary>UEYAAAUAAAD//v8XhY3wWOJsomM0WfpWmlv2Ti0ANwBAAJVe2HY7YMWIXwBNAGkAZAAzADYAMABIcgQAAAAQAAAAAQAAAAEAAAC6CAAA</a:base64Binary></SWComponentPIDs><SWMainComponentPID i:nil="true"/><Visual z:Ref="i686"/><isFixedFrame>false</isFixedFrame><isIncomplete>false</isIncomplete></Link><Link z:Id="i738"><Attributes><Attribute z:Id="i739"><AttributeType>name</AttributeType><IsRequired>true</IsRequired><Value i:type="a:string" xmlns:a="http://www.w3.org/2001/XMLSchema">ultrasound_link3</Value></Attribute></Attributes><ChildElements><URDFElement z:Id="i740" i:type="Inertial"><Attributes/><ChildElements><URDFElement z:Id="i741" i:type="Origin"><Attributes><Attribute z:Id="i742"><AttributeType>xyz</AttributeType><IsRequired>true</IsRequired><Value i:type="a:ArrayOfdouble" xmlns:a="http://schemas.microsoft.com/2003/10/Serialization/Arrays"><a:double>0</a:double><a:double>0</a:double><a:double>0</a:double></Value></Attribute><Attribute z:Id="i743"><AttributeType>rpy</AttributeType><IsRequired>true</IsRequired><Value i:type="a:ArrayOfdouble" xmlns:a="http://schemas.microsoft.com/2003/10/Serialization/Arrays"><a:double>0</a:double><a:double>0</a:double><a:double>0</a:double></Value></Attribute></Attributes><ChildElements/><ElementName>origin</ElementName><required>false</required><RPYAttribute z:Ref="i743"/><XYZAttribute z:Ref="i742"/><isCustomized>false</isCustomized></URDFElement><URDFElement z:Id="i744" i:type="Mass"><Attributes><Attribute z:Id="i745"><AttributeType>value</AttributeType><IsRequired>true</IsRequired><Value i:type="a:double" xmlns:a="http://www.w3.org/2001/XMLSchema">0</Value></Attribute></Attributes><ChildElements/><ElementName>mass</ElementName><required>false</required><ValueAttribute z:Ref="i745"/></URDFElement><URDFElement z:Id="i746" i:type="Inertia"><Attributes><Attribute z:Id="i747"><AttributeType>ixx</AttributeType><IsRequired>true</IsRequired><Value i:type="a:double" xmlns:a="http://www.w3.org/2001/XMLSchema">0</Value></Attribute><Attribute z:Id="i748"><AttributeType>ixy</AttributeType><IsRequired>true</IsRequired><Value i:type="a:double" xmlns:a="http://www.w3.org/2001/XMLSchema">0</Value></Attribute><Attribute z:Id="i749"><AttributeType>ixz</AttributeType><IsRequired>true</IsRequired><Value i:type="a:double" xmlns:a="http://www.w3.org/2001/XMLSchema">0</Value></Attribute><Attribute z:Id="i750"><AttributeType>iyy</AttributeType><IsRequired>true</IsRequired><Value i:type="a:double" xmlns:a="http://www.w3.org/2001/XMLSchema">0</Value></Attribute><Attribute z:Id="i751"><AttributeType>iyz</AttributeType><IsRequired>true</IsRequired><Value i:type="a:double" xmlns:a="http://www.w3.org/2001/XMLSchema">0</Value></Attribute><Attribute z:Id="i752"><AttributeType>izz</AttributeType><IsRequired>true</IsRequired><Value i:type="a:double" xmlns:a="http://www.w3.org/2001/XMLSchema">0</Value></Attribute></Attributes><ChildElements/><ElementName>inertia</ElementName><required>false</required><IxxAttribute z:Ref="i747"/><IxyAttribute z:Ref="i748"/><IxzAttribute z:Ref="i749"/><IyyAttribute z:Ref="i750"/><IyzAttribute z:Ref="i751"/><IzzAttribute z:Ref="i752"/></URDFElement></ChildElements><ElementName>inertial</ElementName><required>false</required><Inertia z:Ref="i746"/><Mass z:Ref="i744"/><Origin z:Ref="i741"/></URDFElement><URDFElement z:Id="i753" i:type="Visual"><Attributes/><ChildElements><URDFElement z:Id="i754" i:type="Origin"><Attributes><Attribute z:Id="i755"><AttributeType>xyz</AttributeType><IsRequired>true</IsRequired><Value i:type="a:ArrayOfdouble" xmlns:a="http://schemas.microsoft.com/2003/10/Serialization/Arrays"><a:double>0</a:double><a:double>0</a:double><a:double>0</a:double></Value></Attribute><Attribute z:Id="i756"><AttributeType>rpy</AttributeType><IsRequired>true</IsRequired><Value i:type="a:ArrayOfdouble" xmlns:a="http://schemas.microsoft.com/2003/10/Serialization/Arrays"><a:double>0</a:double><a:double>0</a:double><a:double>0</a:double></Value></Attribute></Attributes><ChildElements/><ElementName>origin</ElementName><required>false</required><RPYAttribute z:Ref="i756"/><XYZAttribute z:Ref="i755"/><isCustomized>false</isCustomized></URDFElement><URDFElement z:Id="i757" i:type="Geometry"><Attributes/><ChildElements><URDFElement z:Id="i758" i:type="Mesh"><Attributes><Attribute z:Id="i759"><AttributeType>filename</AttributeType><IsRequired>true</IsRequired><Value i:nil="true"/></Attribute></Attributes><ChildElements/><ElementName>mesh</ElementName><required>false</required><FilenameAttribute z:Ref="i759"/></URDFElement></ChildElements><ElementName>geometry</ElementName><required>true</required><Mesh z:Ref="i758"/></URDFElement><URDFElement z:Id="i760" i:type="Material"><Attributes><Attribute z:Id="i761"><AttributeType>name</AttributeType><IsRequired>true</IsRequired><Value i:type="a:string" xmlns:a="http://www.w3.org/2001/XMLSchema"/></Attribute></Attributes><ChildElements><URDFElement z:Id="i762" i:type="Color"><Attributes><Attribute z:Id="i763"><AttributeType>rgba</AttributeType><IsRequired>true</IsRequired><Value i:type="a:ArrayOfdouble" xmlns:a="http://schemas.microsoft.com/2003/10/Serialization/Arrays"><a:double>1</a:double><a:double>1</a:double><a:double>1</a:double><a:double>1</a:double></Value></Attribute></Attributes><ChildElements/><ElementName>color</ElementName><required>false</required><RGBAAttribute z:Ref="i763"/></URDFElement><URDFElement z:Id="i764" i:type="Texture"><Attributes><Attribute z:Id="i765"><AttributeType>filename</AttributeType><IsRequired>true</IsRequired><Value i:nil="true"/></Attribute></Attributes><ChildElements/><ElementName>texture</ElementName><required>false</required><FilenameAttribute z:Ref="i765"/><wFilename/></URDFElement></ChildElements><ElementName>material</ElementName><required>false</required><Color z:Ref="i762"/><NameAttribute z:Ref="i761"/><Texture z:Ref="i764"/></URDFElement></ChildElements><ElementName>visual</ElementName><required>false</required><Geometry z:Ref="i757"/><Material z:Ref="i760"/><Origin z:Ref="i754"/></URDFElement><URDFElement z:Id="i766" i:type="Collision"><Attributes/><ChildElements><URDFElement z:Id="i767" i:type="Origin"><Attributes><Attribute z:Id="i768"><AttributeType>xyz</AttributeType><IsRequired>true</IsRequired><Value i:type="a:ArrayOfdouble" xmlns:a="http://schemas.microsoft.com/2003/10/Serialization/Arrays"><a:double>0</a:double><a:double>0</a:double><a:double>0</a:double></Value></Attribute><Attribute z:Id="i769"><AttributeType>rpy</AttributeType><IsRequired>true</IsRequired><Value i:type="a:ArrayOfdouble" xmlns:a="http://schemas.microsoft.com/2003/10/Serialization/Arrays"><a:double>0</a:double><a:double>0</a:double><a:double>0</a:double></Value></Attribute></Attributes><ChildElements/><ElementName>origin</ElementName><required>false</required><RPYAttribute z:Ref="i769"/><XYZAttribute z:Ref="i768"/><isCustomized>false</isCustomized></URDFElement><URDFElement z:Id="i770" i:type="Geometry"><Attributes/><ChildElements><URDFElement z:Id="i771" i:type="Mesh"><Attributes><Attribute z:Id="i772"><AttributeType>filename</AttributeType><IsRequired>true</IsRequired><Value i:nil="true"/></Attribute></Attributes><ChildElements/><ElementName>mesh</ElementName><required>false</required><FilenameAttribute z:Ref="i772"/></URDFElement></ChildElements><ElementName>geometry</ElementName><required>true</required><Mesh z:Ref="i771"/></URDFElement></ChildElements><ElementName>collision</ElementName><required>false</required><Geometry z:Ref="i770"/><Origin z:Ref="i767"/></URDFElement><URDFElement z:Id="i773" i:type="Joint"><Attributes><Attribute z:Id="i774"><AttributeType>name</AttributeType><IsRequired>true</IsRequired><Value i:type="a:string" xmlns:a="http://www.w3.org/2001/XMLSchema">ultrasound_joint3</Value></Attribute><Attribute z:Id="i775"><AttributeType>type</AttributeType><IsRequired>true</IsRequired><Value i:type="a:string" xmlns:a="http://www.w3.org/2001/XMLSchema">fixed</Value></Attribute></Attributes><ChildElements><URDFElement z:Id="i776" i:type="Origin"><Attributes><Attribute z:Id="i777"><AttributeType>xyz</AttributeType><IsRequired>true</IsRequired><Value i:type="a:ArrayOfdouble" xmlns:a="http://schemas.microsoft.com/2003/10/Serialization/Arrays"><a:double>0</a:double><a:double>0</a:double><a:double>0</a:double></Value></Attribute><Attribute z:Id="i778"><AttributeType>rpy</AttributeType><IsRequired>true</IsRequired><Value i:type="a:ArrayOfdouble" xmlns:a="http://schemas.microsoft.com/2003/10/Serialization/Arrays"><a:double>0</a:double><a:double>0</a:double><a:double>0</a:double></Value></Attribute></Attributes><ChildElements/><ElementName>origin</ElementName><required>false</required><RPYAttribute z:Ref="i778"/><XYZAttribute z:Ref="i777"/><isCustomized>false</isCustomized></URDFElement><URDFElement z:Id="i779" i:type="ParentLink"><Attributes><Attribute z:Id="i780"><AttributeType>link</AttributeType><IsRequired>true</IsRequired><Value i:type="a:string" xmlns:a="http://www.w3.org/2001/XMLSchema"/></Attribute></Attributes><ChildElements/><ElementName>parent</ElementName><required>true</required><NameAttribute z:Ref="i780"/></URDFElement><URDFElement z:Id="i781" i:type="ChildLink"><Attributes><Attribute z:Id="i782"><AttributeType>link</AttributeType><IsRequired>true</IsRequired><Value i:type="a:string" xmlns:a="http://www.w3.org/2001/XMLSchema"/></Attribute></Attributes><ChildElements/><ElementName>child</ElementName><required>true</required><NameAttribute z:Ref="i782"/></URDFElement><URDFElement z:Id="i783" i:type="Axis"><Attributes><Attribute z:Id="i784"><AttributeType>xyz</AttributeType><IsRequired>true</IsRequired><Value i:type="a:ArrayOfdouble" xmlns:a="http://schemas.microsoft.com/2003/10/Serialization/Arrays"><a:double>0</a:double><a:double>0</a:double><a:double>0</a:double></Value></Attribute></Attributes><ChildElements/><ElementName>axis</ElementName><required>false</required><XYZAttribute z:Ref="i784"/></URDFElement><URDFElement z:Id="i785" i:type="Limit"><Attributes><Attribute z:Id="i786"><AttributeType>lower</AttributeType><IsRequired>false</IsRequired><Value i:nil="true"/></Attribute><Attribute z:Id="i787"><AttributeType>upper</AttributeType><IsRequired>false</IsRequired><Value i:nil="true"/></Attribute><Attribute z:Id="i788"><AttributeType>effort</AttributeType><IsRequired>true</IsRequired><Value i:nil="true"/></Attribute><Attribute z:Id="i789"><AttributeType>velocity</AttributeType><IsRequired>true</IsRequired><Value i:nil="true"/></Attribute></Attributes><ChildElements/><ElementName>limit</ElementName><required>false</required><EffortAttribute z:Ref="i788"/><LowerAttribute z:Ref="i786"/><UpperAttribute z:Ref="i787"/><VelocityAttribute z:Ref="i789"/></URDFElement><URDFElement z:Id="i790" i:type="Calibration"><Attributes><Attribute z:Id="i791"><AttributeType>rising</AttributeType><IsRequired>false</IsRequired><Value i:nil="true"/></Attribute><Attribute z:Id="i792"><AttributeType>falling</AttributeType><IsRequired>false</IsRequired><Value i:nil="true"/></Attribute></Attributes><ChildElements/><ElementName>calibration</ElementName><required>false</required><FallingAttribute z:Ref="i792"/><RisingAttribute z:Ref="i791"/></URDFElement><URDFElement z:Id="i793" i:type="Dynamics"><Attributes><Attribute z:Id="i794"><AttributeType>damping</AttributeType><IsRequired>false</IsRequired><Value i:nil="true"/></Attribute><Attribute z:Id="i795"><AttributeType>friction</AttributeType><IsRequired>false</IsRequired><Value i:nil="true"/></Attribute></Attributes><ChildElements/><ElementName>dynamics</ElementName><required>false</required><DampingAttribute z:Ref="i794"/><FrictionAttribute z:Ref="i795"/></URDFElement><URDFElement z:Id="i796" i:type="SafetyController"><Attributes><Attribute z:Id="i797"><AttributeType>soft_upper_limit</AttributeType><IsRequired>false</IsRequired><Value i:nil="true"/></Attribute><Attribute z:Id="i798"><AttributeType>soft_lower_limit</AttributeType><IsRequired>false</IsRequired><Value i:nil="true"/></Attribute><Attribute z:Id="i799"><AttributeType>k_position</AttributeType><IsRequired>false</IsRequired><Value i:nil="true"/></Attribute><Attribute z:Id="i800"><AttributeType>k_velocity</AttributeType><IsRequired>true</IsRequired><Value i:nil="true"/></Attribute></Attributes><ChildElements/><ElementName>safety_controller</ElementName><required>false</required><KPositionAttribute z:Ref="i799"/><KVelocityAttribute z:Ref="i800"/><SoftLowerAttribute z:Ref="i798"/><SoftUpperAttribute z:Ref="i797"/></URDFElement><URDFElement z:Id="i801" i:type="Mimic"><Attributes><Attribute z:Id="i802"><AttributeType>joint</AttributeType><IsRequired>true</IsRequired><Value i:nil="true"/></Attribute><Attribute z:Id="i803"><AttributeType>multiplier</AttributeType><IsRequired>false</IsRequired><Value i:nil="true"/></Attribute><Attribute z:Id="i804"><AttributeType>offset</AttributeType><IsRequired>false</IsRequired><Value i:nil="true"/></Attribute></Attributes><ChildElements/><ElementName>mimic</ElementName><required>false</required><JointNameAttribute z:Ref="i802"/><MultiplierAttribute z:Ref="i803"/><OffsetAttribute z:Ref="i804"/></URDFElement></ChildElements><ElementName>joint</ElementName><required>false</required><Axis z:Ref="i783"/><AxisName>Automatically Generate</AxisName><Calibration z:Ref="i790"/><Child z:Ref="i781"/><CoordinateSystemName>???????????????3</CoordinateSystemName><Dynamics z:Ref="i793"/><Limit z:Ref="i785"/><Mimic z:Ref="i801"/><NameAttribute z:Ref="i774"/><Origin z:Ref="i776"/><Parent z:Ref="i779"/><Safety z:Ref="i796"/><TypeAttribute z:Ref="i775"/></URDFElement></ChildElements><ElementName>link</ElementName><required>true</required><Children/><Collision z:Ref="i766"/><Inertial z:Ref="i740"/><Joint z:Ref="i773"/><NameAttribute z:Ref="i739"/><Parent z:Ref="i1"/><STLQualityFine>false</STLQualityFine><SWComponentPIDs xmlns:a="http://schemas.microsoft.com/2003/10/Serialization/Arrays"><a:base64Binary>UEYAAAUAAAD//v8XhY3wWOJsomM0WfpWmlv2Ti0AOABAAJVe2HY7YMWIXwBNAGkAZAAzADYAMABIcgQAAAAQAAAAAQAAAAEAAAC7CAAA</a:base64Binary></SWComponentPIDs><SWMainComponentPID i:nil="true"/><Visual z:Ref="i753"/><isFixedFrame>false</isFixedFrame><isIncomplete>false</isIncomplete></Link><Link z:Id="i805"><Attributes><Attribute z:Id="i806"><AttributeType>name</AttributeType><IsRequired>true</IsRequired><Value i:type="a:string" xmlns:a="http://www.w3.org/2001/XMLSchema">ultrasound_link4</Value></Attribute></Attributes><ChildElements><URDFElement z:Id="i807" i:type="Inertial"><Attributes/><ChildElements><URDFElement z:Id="i808" i:type="Origin"><Attributes><Attribute z:Id="i809"><AttributeType>xyz</AttributeType><IsRequired>true</IsRequired><Value i:type="a:ArrayOfdouble" xmlns:a="http://schemas.microsoft.com/2003/10/Serialization/Arrays"><a:double>0</a:double><a:double>0</a:double><a:double>0</a:double></Value></Attribute><Attribute z:Id="i810"><AttributeType>rpy</AttributeType><IsRequired>true</IsRequired><Value i:type="a:ArrayOfdouble" xmlns:a="http://schemas.microsoft.com/2003/10/Serialization/Arrays"><a:double>0</a:double><a:double>0</a:double><a:double>0</a:double></Value></Attribute></Attributes><ChildElements/><ElementName>origin</ElementName><required>false</required><RPYAttribute z:Ref="i810"/><XYZAttribute z:Ref="i809"/><isCustomized>false</isCustomized></URDFElement><URDFElement z:Id="i811" i:type="Mass"><Attributes><Attribute z:Id="i812"><AttributeType>value</AttributeType><IsRequired>true</IsRequired><Value i:type="a:double" xmlns:a="http://www.w3.org/2001/XMLSchema">0</Value></Attribute></Attributes><ChildElements/><ElementName>mass</ElementName><required>false</required><ValueAttribute z:Ref="i812"/></URDFElement><URDFElement z:Id="i813" i:type="Inertia"><Attributes><Attribute z:Id="i814"><AttributeType>ixx</AttributeType><IsRequired>true</IsRequired><Value i:type="a:double" xmlns:a="http://www.w3.org/2001/XMLSchema">0</Value></Attribute><Attribute z:Id="i815"><AttributeType>ixy</AttributeType><IsRequired>true</IsRequired><Value i:type="a:double" xmlns:a="http://www.w3.org/2001/XMLSchema">0</Value></Attribute><Attribute z:Id="i816"><AttributeType>ixz</AttributeType><IsRequired>true</IsRequired><Value i:type="a:double" xmlns:a="http://www.w3.org/2001/XMLSchema">0</Value></Attribute><Attribute z:Id="i817"><AttributeType>iyy</AttributeType><IsRequired>true</IsRequired><Value i:type="a:double" xmlns:a="http://www.w3.org/2001/XMLSchema">0</Value></Attribute><Attribute z:Id="i818"><AttributeType>iyz</AttributeType><IsRequired>true</IsRequired><Value i:type="a:double" xmlns:a="http://www.w3.org/2001/XMLSchema">0</Value></Attribute><Attribute z:Id="i819"><AttributeType>izz</AttributeType><IsRequired>true</IsRequired><Value i:type="a:double" xmlns:a="http://www.w3.org/2001/XMLSchema">0</Value></Attribute></Attributes><ChildElements/><ElementName>inertia</ElementName><required>false</required><IxxAttribute z:Ref="i814"/><IxyAttribute z:Ref="i815"/><IxzAttribute z:Ref="i816"/><IyyAttribute z:Ref="i817"/><IyzAttribute z:Ref="i818"/><IzzAttribute z:Ref="i819"/></URDFElement></ChildElements><ElementName>inertial</ElementName><required>false</required><Inertia z:Ref="i813"/><Mass z:Ref="i811"/><Origin z:Ref="i808"/></URDFElement><URDFElement z:Id="i820" i:type="Visual"><Attributes/><ChildElements><URDFElement z:Id="i821" i:type="Origin"><Attributes><Attribute z:Id="i822"><AttributeType>xyz</AttributeType><IsRequired>true</IsRequired><Value i:type="a:ArrayOfdouble" xmlns:a="http://schemas.microsoft.com/2003/10/Serialization/Arrays"><a:double>0</a:double><a:double>0</a:double><a:double>0</a:double></Value></Attribute><Attribute z:Id="i823"><AttributeType>rpy</AttributeType><IsRequired>true</IsRequired><Value i:type="a:ArrayOfdouble" xmlns:a="http://schemas.microsoft.com/2003/10/Serialization/Arrays"><a:double>0</a:double><a:double>0</a:double><a:double>0</a:double></Value></Attribute></Attributes><ChildElements/><ElementName>origin</ElementName><required>false</required><RPYAttribute z:Ref="i823"/><XYZAttribute z:Ref="i822"/><isCustomized>false</isCustomized></URDFElement><URDFElement z:Id="i824" i:type="Geometry"><Attributes/><ChildElements><URDFElement z:Id="i825" i:type="Mesh"><Attributes><Attribute z:Id="i826"><AttributeType>filename</AttributeType><IsRequired>true</IsRequired><Value i:nil="true"/></Attribute></Attributes><ChildElements/><ElementName>mesh</ElementName><required>false</required><FilenameAttribute z:Ref="i826"/></URDFElement></ChildElements><ElementName>geometry</ElementName><required>true</required><Mesh z:Ref="i825"/></URDFElement><URDFElement z:Id="i827" i:type="Material"><Attributes><Attribute z:Id="i828"><AttributeType>name</AttributeType><IsRequired>true</IsRequired><Value i:type="a:string" xmlns:a="http://www.w3.org/2001/XMLSchema"/></Attribute></Attributes><ChildElements><URDFElement z:Id="i829" i:type="Color"><Attributes><Attribute z:Id="i830"><AttributeType>rgba</AttributeType><IsRequired>true</IsRequired><Value i:type="a:ArrayOfdouble" xmlns:a="http://schemas.microsoft.com/2003/10/Serialization/Arrays"><a:double>1</a:double><a:double>1</a:double><a:double>1</a:double><a:double>1</a:double></Value></Attribute></Attributes><ChildElements/><ElementName>color</ElementName><required>false</required><RGBAAttribute z:Ref="i830"/></URDFElement><URDFElement z:Id="i831" i:type="Texture"><Attributes><Attribute z:Id="i832"><AttributeType>filename</AttributeType><IsRequired>true</IsRequired><Value i:nil="true"/></Attribute></Attributes><ChildElements/><ElementName>texture</ElementName><required>false</required><FilenameAttribute z:Ref="i832"/><wFilename/></URDFElement></ChildElements><ElementName>material</ElementName><required>false</required><Color z:Ref="i829"/><NameAttribute z:Ref="i828"/><Texture z:Ref="i831"/></URDFElement></ChildElements><ElementName>visual</ElementName><required>false</required><Geometry z:Ref="i824"/><Material z:Ref="i827"/><Origin z:Ref="i821"/></URDFElement><URDFElement z:Id="i833" i:type="Collision"><Attributes/><ChildElements><URDFElement z:Id="i834" i:type="Origin"><Attributes><Attribute z:Id="i835"><AttributeType>xyz</AttributeType><IsRequired>true</IsRequired><Value i:type="a:ArrayOfdouble" xmlns:a="http://schemas.microsoft.com/2003/10/Serialization/Arrays"><a:double>0</a:double><a:double>0</a:double><a:double>0</a:double></Value></Attribute><Attribute z:Id="i836"><AttributeType>rpy</AttributeType><IsRequired>true</IsRequired><Value i:type="a:ArrayOfdouble" xmlns:a="http://schemas.microsoft.com/2003/10/Serialization/Arrays"><a:double>0</a:double><a:double>0</a:double><a:double>0</a:double></Value></Attribute></Attributes><ChildElements/><ElementName>origin</ElementName><required>false</required><RPYAttribute z:Ref="i836"/><XYZAttribute z:Ref="i835"/><isCustomized>false</isCustomized></URDFElement><URDFElement z:Id="i837" i:type="Geometry"><Attributes/><ChildElements><URDFElement z:Id="i838" i:type="Mesh"><Attributes><Attribute z:Id="i839"><AttributeType>filename</AttributeType><IsRequired>true</IsRequired><Value i:nil="true"/></Attribute></Attributes><ChildElements/><ElementName>mesh</ElementName><required>false</required><FilenameAttribute z:Ref="i839"/></URDFElement></ChildElements><ElementName>geometry</ElementName><required>true</required><Mesh z:Ref="i838"/></URDFElement></ChildElements><ElementName>collision</ElementName><required>false</required><Geometry z:Ref="i837"/><Origin z:Ref="i834"/></URDFElement><URDFElement z:Id="i840" i:type="Joint"><Attributes><Attribute z:Id="i841"><AttributeType>name</AttributeType><IsRequired>true</IsRequired><Value i:type="a:string" xmlns:a="http://www.w3.org/2001/XMLSchema">ultrasound_joint4</Value></Attribute><Attribute z:Id="i842"><AttributeType>type</AttributeType><IsRequired>true</IsRequired><Value i:type="a:string" xmlns:a="http://www.w3.org/2001/XMLSchema">fixed</Value></Attribute></Attributes><ChildElements><URDFElement z:Id="i843" i:type="Origin"><Attributes><Attribute z:Id="i844"><AttributeType>xyz</AttributeType><IsRequired>true</IsRequired><Value i:type="a:ArrayOfdouble" xmlns:a="http://schemas.microsoft.com/2003/10/Serialization/Arrays"><a:double>0</a:double><a:double>0</a:double><a:double>0</a:double></Value></Attribute><Attribute z:Id="i845"><AttributeType>rpy</AttributeType><IsRequired>true</IsRequired><Value i:type="a:ArrayOfdouble" xmlns:a="http://schemas.microsoft.com/2003/10/Serialization/Arrays"><a:double>0</a:double><a:double>0</a:double><a:double>0</a:double></Value></Attribute></Attributes><ChildElements/><ElementName>origin</ElementName><required>false</required><RPYAttribute z:Ref="i845"/><XYZAttribute z:Ref="i844"/><isCustomized>false</isCustomized></URDFElement><URDFElement z:Id="i846" i:type="ParentLink"><Attributes><Attribute z:Id="i847"><AttributeType>link</AttributeType><IsRequired>true</IsRequired><Value i:type="a:string" xmlns:a="http://www.w3.org/2001/XMLSchema"/></Attribute></Attributes><ChildElements/><ElementName>parent</ElementName><required>true</required><NameAttribute z:Ref="i847"/></URDFElement><URDFElement z:Id="i848" i:type="ChildLink"><Attributes><Attribute z:Id="i849"><AttributeType>link</AttributeType><IsRequired>true</IsRequired><Value i:type="a:string" xmlns:a="http://www.w3.org/2001/XMLSchema"/></Attribute></Attributes><ChildElements/><ElementName>child</ElementName><required>true</required><NameAttribute z:Ref="i849"/></URDFElement><URDFElement z:Id="i850" i:type="Axis"><Attributes><Attribute z:Id="i851"><AttributeType>xyz</AttributeType><IsRequired>true</IsRequired><Value i:type="a:ArrayOfdouble" xmlns:a="http://schemas.microsoft.com/2003/10/Serialization/Arrays"><a:double>0</a:double><a:double>0</a:double><a:double>0</a:double></Value></Attribute></Attributes><ChildElements/><ElementName>axis</ElementName><required>false</required><XYZAttribute z:Ref="i851"/></URDFElement><URDFElement z:Id="i852" i:type="Limit"><Attributes><Attribute z:Id="i853"><AttributeType>lower</AttributeType><IsRequired>false</IsRequired><Value i:nil="true"/></Attribute><Attribute z:Id="i854"><AttributeType>upper</AttributeType><IsRequired>false</IsRequired><Value i:nil="true"/></Attribute><Attribute z:Id="i855"><AttributeType>effort</AttributeType><IsRequired>true</IsRequired><Value i:nil="true"/></Attribute><Attribute z:Id="i856"><AttributeType>velocity</AttributeType><IsRequired>true</IsRequired><Value i:nil="true"/></Attribute></Attributes><ChildElements/><ElementName>limit</ElementName><required>false</required><EffortAttribute z:Ref="i855"/><LowerAttribute z:Ref="i853"/><UpperAttribute z:Ref="i854"/><VelocityAttribute z:Ref="i856"/></URDFElement><URDFElement z:Id="i857" i:type="Calibration"><Attributes><Attribute z:Id="i858"><AttributeType>rising</AttributeType><IsRequired>false</IsRequired><Value i:nil="true"/></Attribute><Attribute z:Id="i859"><AttributeType>falling</AttributeType><IsRequired>false</IsRequired><Value i:nil="true"/></Attribute></Attributes><ChildElements/><ElementName>calibration</ElementName><required>false</required><FallingAttribute z:Ref="i859"/><RisingAttribute z:Ref="i858"/></URDFElement><URDFElement z:Id="i860" i:type="Dynamics"><Attributes><Attribute z:Id="i861"><AttributeType>damping</AttributeType><IsRequired>false</IsRequired><Value i:nil="true"/></Attribute><Attribute z:Id="i862"><AttributeType>friction</AttributeType><IsRequired>false</IsRequired><Value i:nil="true"/></Attribute></Attributes><ChildElements/><ElementName>dynamics</ElementName><required>false</required><DampingAttribute z:Ref="i861"/><FrictionAttribute z:Ref="i862"/></URDFElement><URDFElement z:Id="i863" i:type="SafetyController"><Attributes><Attribute z:Id="i864"><AttributeType>soft_upper_limit</AttributeType><IsRequired>false</IsRequired><Value i:nil="true"/></Attribute><Attribute z:Id="i865"><AttributeType>soft_lower_limit</AttributeType><IsRequired>false</IsRequired><Value i:nil="true"/></Attribute><Attribute z:Id="i866"><AttributeType>k_position</AttributeType><IsRequired>false</IsRequired><Value i:nil="true"/></Attribute><Attribute z:Id="i867"><AttributeType>k_velocity</AttributeType><IsRequired>true</IsRequired><Value i:nil="true"/></Attribute></Attributes><ChildElements/><ElementName>safety_controller</ElementName><required>false</required><KPositionAttribute z:Ref="i866"/><KVelocityAttribute z:Ref="i867"/><SoftLowerAttribute z:Ref="i865"/><SoftUpperAttribute z:Ref="i864"/></URDFElement><URDFElement z:Id="i868" i:type="Mimic"><Attributes><Attribute z:Id="i869"><AttributeType>joint</AttributeType><IsRequired>true</IsRequired><Value i:nil="true"/></Attribute><Attribute z:Id="i870"><AttributeType>multiplier</AttributeType><IsRequired>false</IsRequired><Value i:nil="true"/></Attribute><Attribute z:Id="i871"><AttributeType>offset</AttributeType><IsRequired>false</IsRequired><Value i:nil="true"/></Attribute></Attributes><ChildElements/><ElementName>mimic</ElementName><required>false</required><JointNameAttribute z:Ref="i869"/><MultiplierAttribute z:Ref="i870"/><OffsetAttribute z:Ref="i871"/></URDFElement></ChildElements><ElementName>joint</ElementName><required>false</required><Axis z:Ref="i850"/><AxisName>Automatically Generate</AxisName><Calibration z:Ref="i857"/><Child z:Ref="i848"/><CoordinateSystemName>???????????????4</CoordinateSystemName><Dynamics z:Ref="i860"/><Limit z:Ref="i852"/><Mimic z:Ref="i868"/><NameAttribute z:Ref="i841"/><Origin z:Ref="i843"/><Parent z:Ref="i846"/><Safety z:Ref="i863"/><TypeAttribute z:Ref="i842"/></URDFElement></ChildElements><ElementName>link</ElementName><required>true</required><Children/><Collision z:Ref="i833"/><Inertial z:Ref="i807"/><Joint z:Ref="i840"/><NameAttribute z:Ref="i806"/><Parent z:Ref="i1"/><STLQualityFine>false</STLQualityFine><SWComponentPIDs xmlns:a="http://schemas.microsoft.com/2003/10/Serialization/Arrays"><a:base64Binary>UEYAAAUAAAD//v8XhY3wWOJsomM0WfpWmlv2Ti0ANQBAAJVe2HY7YMWIXwBNAGkAZAAzADYAMABIcgQAAAAQAAAAAQAAAAEAAAC4CAAA</a:base64Binary></SWComponentPIDs><SWMainComponentPID i:nil="true"/><Visual z:Ref="i820"/><isFixedFrame>false</isFixedFrame><isIncomplete>false</isIncomplete></Link><Link z:Id="i872"><Attributes><Attribute z:Id="i873"><AttributeType>name</AttributeType><IsRequired>true</IsRequired><Value i:type="a:string" xmlns:a="http://www.w3.org/2001/XMLSchema">ultrasound_link5</Value></Attribute></Attributes><ChildElements><URDFElement z:Id="i874" i:type="Inertial"><Attributes/><ChildElements><URDFElement z:Id="i875" i:type="Origin"><Attributes><Attribute z:Id="i876"><AttributeType>xyz</AttributeType><IsRequired>true</IsRequired><Value i:type="a:ArrayOfdouble" xmlns:a="http://schemas.microsoft.com/2003/10/Serialization/Arrays"><a:double>0</a:double><a:double>0</a:double><a:double>0</a:double></Value></Attribute><Attribute z:Id="i877"><AttributeType>rpy</AttributeType><IsRequired>true</IsRequired><Value i:type="a:ArrayOfdouble" xmlns:a="http://schemas.microsoft.com/2003/10/Serialization/Arrays"><a:double>0</a:double><a:double>0</a:double><a:double>0</a:double></Value></Attribute></Attributes><ChildElements/><ElementName>origin</ElementName><required>false</required><RPYAttribute z:Ref="i877"/><XYZAttribute z:Ref="i876"/><isCustomized>false</isCustomized></URDFElement><URDFElement z:Id="i878" i:type="Mass"><Attributes><Attribute z:Id="i879"><AttributeType>value</AttributeType><IsRequired>true</IsRequired><Value i:type="a:double" xmlns:a="http://www.w3.org/2001/XMLSchema">0</Value></Attribute></Attributes><ChildElements/><ElementName>mass</ElementName><required>false</required><ValueAttribute z:Ref="i879"/></URDFElement><URDFElement z:Id="i880" i:type="Inertia"><Attributes><Attribute z:Id="i881"><AttributeType>ixx</AttributeType><IsRequired>true</IsRequired><Value i:type="a:double" xmlns:a="http://www.w3.org/2001/XMLSchema">0</Value></Attribute><Attribute z:Id="i882"><AttributeType>ixy</AttributeType><IsRequired>true</IsRequired><Value i:type="a:double" xmlns:a="http://www.w3.org/2001/XMLSchema">0</Value></Attribute><Attribute z:Id="i883"><AttributeType>ixz</AttributeType><IsRequired>true</IsRequired><Value i:type="a:double" xmlns:a="http://www.w3.org/2001/XMLSchema">0</Value></Attribute><Attribute z:Id="i884"><AttributeType>iyy</AttributeType><IsRequired>true</IsRequired><Value i:type="a:double" xmlns:a="http://www.w3.org/2001/XMLSchema">0</Value></Attribute><Attribute z:Id="i885"><AttributeType>iyz</AttributeType><IsRequired>true</IsRequired><Value i:type="a:double" xmlns:a="http://www.w3.org/2001/XMLSchema">0</Value></Attribute><Attribute z:Id="i886"><AttributeType>izz</AttributeType><IsRequired>true</IsRequired><Value i:type="a:double" xmlns:a="http://www.w3.org/2001/XMLSchema">0</Value></Attribute></Attributes><ChildElements/><ElementName>inertia</ElementName><required>false</required><IxxAttribute z:Ref="i881"/><IxyAttribute z:Ref="i882"/><IxzAttribute z:Ref="i883"/><IyyAttribute z:Ref="i884"/><IyzAttribute z:Ref="i885"/><IzzAttribute z:Ref="i886"/></URDFElement></ChildElements><ElementName>inertial</ElementName><required>false</required><Inertia z:Ref="i880"/><Mass z:Ref="i878"/><Origin z:Ref="i875"/></URDFElement><URDFElement z:Id="i887" i:type="Visual"><Attributes/><ChildElements><URDFElement z:Id="i888" i:type="Origin"><Attributes><Attribute z:Id="i889"><AttributeType>xyz</AttributeType><IsRequired>true</IsRequired><Value i:type="a:ArrayOfdouble" xmlns:a="http://schemas.microsoft.com/2003/10/Serialization/Arrays"><a:double>0</a:double><a:double>0</a:double><a:double>0</a:double></Value></Attribute><Attribute z:Id="i890"><AttributeType>rpy</AttributeType><IsRequired>true</IsRequired><Value i:type="a:ArrayOfdouble" xmlns:a="http://schemas.microsoft.com/2003/10/Serialization/Arrays"><a:double>0</a:double><a:double>0</a:double><a:double>0</a:double></Value></Attribute></Attributes><ChildElements/><ElementName>origin</ElementName><required>false</required><RPYAttribute z:Ref="i890"/><XYZAttribute z:Ref="i889"/><isCustomized>false</isCustomized></URDFElement><URDFElement z:Id="i891" i:type="Geometry"><Attributes/><ChildElements><URDFElement z:Id="i892" i:type="Mesh"><Attributes><Attribute z:Id="i893"><AttributeType>filename</AttributeType><IsRequired>true</IsRequired><Value i:nil="true"/></Attribute></Attributes><ChildElements/><ElementName>mesh</ElementName><required>false</required><FilenameAttribute z:Ref="i893"/></URDFElement></ChildElements><ElementName>geometry</ElementName><required>true</required><Mesh z:Ref="i892"/></URDFElement><URDFElement z:Id="i894" i:type="Material"><Attributes><Attribute z:Id="i895"><AttributeType>name</AttributeType><IsRequired>true</IsRequired><Value i:type="a:string" xmlns:a="http://www.w3.org/2001/XMLSchema"/></Attribute></Attributes><ChildElements><URDFElement z:Id="i896" i:type="Color"><Attributes><Attribute z:Id="i897"><AttributeType>rgba</AttributeType><IsRequired>true</IsRequired><Value i:type="a:ArrayOfdouble" xmlns:a="http://schemas.microsoft.com/2003/10/Serialization/Arrays"><a:double>1</a:double><a:double>1</a:double><a:double>1</a:double><a:double>1</a:double></Value></Attribute></Attributes><ChildElements/><ElementName>color</ElementName><required>false</required><RGBAAttribute z:Ref="i897"/></URDFElement><URDFElement z:Id="i898" i:type="Texture"><Attributes><Attribute z:Id="i899"><AttributeType>filename</AttributeType><IsRequired>true</IsRequired><Value i:nil="true"/></Attribute></Attributes><ChildElements/><ElementName>texture</ElementName><required>false</required><FilenameAttribute z:Ref="i899"/><wFilename/></URDFElement></ChildElements><ElementName>material</ElementName><required>false</required><Color z:Ref="i896"/><NameAttribute z:Ref="i895"/><Texture z:Ref="i898"/></URDFElement></ChildElements><ElementName>visual</ElementName><required>false</required><Geometry z:Ref="i891"/><Material z:Ref="i894"/><Origin z:Ref="i888"/></URDFElement><URDFElement z:Id="i900" i:type="Collision"><Attributes/><ChildElements><URDFElement z:Id="i901" i:type="Origin"><Attributes><Attribute z:Id="i902"><AttributeType>xyz</AttributeType><IsRequired>true</IsRequired><Value i:type="a:ArrayOfdouble" xmlns:a="http://schemas.microsoft.com/2003/10/Serialization/Arrays"><a:double>0</a:double><a:double>0</a:double><a:double>0</a:double></Value></Attribute><Attribute z:Id="i903"><AttributeType>rpy</AttributeType><IsRequired>true</IsRequired><Value i:type="a:ArrayOfdouble" xmlns:a="http://schemas.microsoft.com/2003/10/Serialization/Arrays"><a:double>0</a:double><a:double>0</a:double><a:double>0</a:double></Value></Attribute></Attributes><ChildElements/><ElementName>origin</ElementName><required>false</required><RPYAttribute z:Ref="i903"/><XYZAttribute z:Ref="i902"/><isCustomized>false</isCustomized></URDFElement><URDFElement z:Id="i904" i:type="Geometry"><Attributes/><ChildElements><URDFElement z:Id="i905" i:type="Mesh"><Attributes><Attribute z:Id="i906"><AttributeType>filename</AttributeType><IsRequired>true</IsRequired><Value i:nil="true"/></Attribute></Attributes><ChildElements/><ElementName>mesh</ElementName><required>false</required><FilenameAttribute z:Ref="i906"/></URDFElement></ChildElements><ElementName>geometry</ElementName><required>true</required><Mesh z:Ref="i905"/></URDFElement></ChildElements><ElementName>collision</ElementName><required>false</required><Geometry z:Ref="i904"/><Origin z:Ref="i901"/></URDFElement><URDFElement z:Id="i907" i:type="Joint"><Attributes><Attribute z:Id="i908"><AttributeType>name</AttributeType><IsRequired>true</IsRequired><Value i:type="a:string" xmlns:a="http://www.w3.org/2001/XMLSchema">ultrasound_joint5</Value></Attribute><Attribute z:Id="i909"><AttributeType>type</AttributeType><IsRequired>true</IsRequired><Value i:type="a:string" xmlns:a="http://www.w3.org/2001/XMLSchema">fixed</Value></Attribute></Attributes><ChildElements><URDFElement z:Id="i910" i:type="Origin"><Attributes><Attribute z:Id="i911"><AttributeType>xyz</AttributeType><IsRequired>true</IsRequired><Value i:type="a:ArrayOfdouble" xmlns:a="http://schemas.microsoft.com/2003/10/Serialization/Arrays"><a:double>0</a:double><a:double>0</a:double><a:double>0</a:double></Value></Attribute><Attribute z:Id="i912"><AttributeType>rpy</AttributeType><IsRequired>true</IsRequired><Value i:type="a:ArrayOfdouble" xmlns:a="http://schemas.microsoft.com/2003/10/Serialization/Arrays"><a:double>0</a:double><a:double>0</a:double><a:double>0</a:double></Value></Attribute></Attributes><ChildElements/><ElementName>origin</ElementName><required>false</required><RPYAttribute z:Ref="i912"/><XYZAttribute z:Ref="i911"/><isCustomized>false</isCustomized></URDFElement><URDFElement z:Id="i913" i:type="ParentLink"><Attributes><Attribute z:Id="i914"><AttributeType>link</AttributeType><IsRequired>true</IsRequired><Value i:type="a:string" xmlns:a="http://www.w3.org/2001/XMLSchema"/></Attribute></Attributes><ChildElements/><ElementName>parent</ElementName><required>true</required><NameAttribute z:Ref="i914"/></URDFElement><URDFElement z:Id="i915" i:type="ChildLink"><Attributes><Attribute z:Id="i916"><AttributeType>link</AttributeType><IsRequired>true</IsRequired><Value i:type="a:string" xmlns:a="http://www.w3.org/2001/XMLSchema"/></Attribute></Attributes><ChildElements/><ElementName>child</ElementName><required>true</required><NameAttribute z:Ref="i916"/></URDFElement><URDFElement z:Id="i917" i:type="Axis"><Attributes><Attribute z:Id="i918"><AttributeType>xyz</AttributeType><IsRequired>true</IsRequired><Value i:type="a:ArrayOfdouble" xmlns:a="http://schemas.microsoft.com/2003/10/Serialization/Arrays"><a:double>0</a:double><a:double>0</a:double><a:double>0</a:double></Value></Attribute></Attributes><ChildElements/><ElementName>axis</ElementName><required>false</required><XYZAttribute z:Ref="i918"/></URDFElement><URDFElement z:Id="i919" i:type="Limit"><Attributes><Attribute z:Id="i920"><AttributeType>lower</AttributeType><IsRequired>false</IsRequired><Value i:nil="true"/></Attribute><Attribute z:Id="i921"><AttributeType>upper</AttributeType><IsRequired>false</IsRequired><Value i:nil="true"/></Attribute><Attribute z:Id="i922"><AttributeType>effort</AttributeType><IsRequired>true</IsRequired><Value i:nil="true"/></Attribute><Attribute z:Id="i923"><AttributeType>velocity</AttributeType><IsRequired>true</IsRequired><Value i:nil="true"/></Attribute></Attributes><ChildElements/><ElementName>limit</ElementName><required>false</required><EffortAttribute z:Ref="i922"/><LowerAttribute z:Ref="i920"/><UpperAttribute z:Ref="i921"/><VelocityAttribute z:Ref="i923"/></URDFElement><URDFElement z:Id="i924" i:type="Calibration"><Attributes><Attribute z:Id="i925"><AttributeType>rising</AttributeType><IsRequired>false</IsRequired><Value i:nil="true"/></Attribute><Attribute z:Id="i926"><AttributeType>falling</AttributeType><IsRequired>false</IsRequired><Value i:nil="true"/></Attribute></Attributes><ChildElements/><ElementName>calibration</ElementName><required>false</required><FallingAttribute z:Ref="i926"/><RisingAttribute z:Ref="i925"/></URDFElement><URDFElement z:Id="i927" i:type="Dynamics"><Attributes><Attribute z:Id="i928"><AttributeType>damping</AttributeType><IsRequired>false</IsRequired><Value i:nil="true"/></Attribute><Attribute z:Id="i929"><AttributeType>friction</AttributeType><IsRequired>false</IsRequired><Value i:nil="true"/></Attribute></Attributes><ChildElements/><ElementName>dynamics</ElementName><required>false</required><DampingAttribute z:Ref="i928"/><FrictionAttribute z:Ref="i929"/></URDFElement><URDFElement z:Id="i930" i:type="SafetyController"><Attributes><Attribute z:Id="i931"><AttributeType>soft_upper_limit</AttributeType><IsRequired>false</IsRequired><Value i:nil="true"/></Attribute><Attribute z:Id="i932"><AttributeType>soft_lower_limit</AttributeType><IsRequired>false</IsRequired><Value i:nil="true"/></Attribute><Attribute z:Id="i933"><AttributeType>k_position</AttributeType><IsRequired>false</IsRequired><Value i:nil="true"/></Attribute><Attribute z:Id="i934"><AttributeType>k_velocity</AttributeType><IsRequired>true</IsRequired><Value i:nil="true"/></Attribute></Attributes><ChildElements/><ElementName>safety_controller</ElementName><required>false</required><KPositionAttribute z:Ref="i933"/><KVelocityAttribute z:Ref="i934"/><SoftLowerAttribute z:Ref="i932"/><SoftUpperAttribute z:Ref="i931"/></URDFElement><URDFElement z:Id="i935" i:type="Mimic"><Attributes><Attribute z:Id="i936"><AttributeType>joint</AttributeType><IsRequired>true</IsRequired><Value i:nil="true"/></Attribute><Attribute z:Id="i937"><AttributeType>multiplier</AttributeType><IsRequired>false</IsRequired><Value i:nil="true"/></Attribute><Attribute z:Id="i938"><AttributeType>offset</AttributeType><IsRequired>false</IsRequired><Value i:nil="true"/></Attribute></Attributes><ChildElements/><ElementName>mimic</ElementName><required>false</required><JointNameAttribute z:Ref="i936"/><MultiplierAttribute z:Ref="i937"/><OffsetAttribute z:Ref="i938"/></URDFElement></ChildElements><ElementName>joint</ElementName><required>false</required><Axis z:Ref="i917"/><AxisName>Automatically Generate</AxisName><Calibration z:Ref="i924"/><Child z:Ref="i915"/><CoordinateSystemName>???????????????5</CoordinateSystemName><Dynamics z:Ref="i927"/><Limit z:Ref="i919"/><Mimic z:Ref="i935"/><NameAttribute z:Ref="i908"/><Origin z:Ref="i910"/><Parent z:Ref="i913"/><Safety z:Ref="i930"/><TypeAttribute z:Ref="i909"/></URDFElement></ChildElements><ElementName>link</ElementName><required>true</required><Children/><Collision z:Ref="i900"/><Inertial z:Ref="i874"/><Joint z:Ref="i907"/><NameAttribute z:Ref="i873"/><Parent z:Ref="i1"/><STLQualityFine>false</STLQualityFine><SWComponentPIDs xmlns:a="http://schemas.microsoft.com/2003/10/Serialization/Arrays"><a:base64Binary>UEYAAAUAAAD//v8XhY3wWOJsomM0WfpWmlv2Ti0ANgBAAJVe2HY7YMWIXwBNAGkAZAAzADYAMABIcgQAAAAQAAAAAQAAAAEAAAC5CAAA</a:base64Binary></SWComponentPIDs><SWMainComponentPID i:nil="true"/><Visual z:Ref="i887"/><isFixedFrame>false</isFixedFrame><isIncomplete>false</isIncomplete></Link><Link z:Id="i939"><Attributes><Attribute z:Id="i940"><AttributeType>name</AttributeType><IsRequired>true</IsRequired><Value i:type="a:string" xmlns:a="http://www.w3.org/2001/XMLSchema">ultrasound_link6</Value></Attribute></Attributes><ChildElements><URDFElement z:Id="i941" i:type="Inertial"><Attributes/><ChildElements><URDFElement z:Id="i942" i:type="Origin"><Attributes><Attribute z:Id="i943"><AttributeType>xyz</AttributeType><IsRequired>true</IsRequired><Value i:type="a:ArrayOfdouble" xmlns:a="http://schemas.microsoft.com/2003/10/Serialization/Arrays"><a:double>0</a:double><a:double>0</a:double><a:double>0</a:double></Value></Attribute><Attribute z:Id="i944"><AttributeType>rpy</AttributeType><IsRequired>true</IsRequired><Value i:type="a:ArrayOfdouble" xmlns:a="http://schemas.microsoft.com/2003/10/Serialization/Arrays"><a:double>0</a:double><a:double>0</a:double><a:double>0</a:double></Value></Attribute></Attributes><ChildElements/><ElementName>origin</ElementName><required>false</required><RPYAttribute z:Ref="i944"/><XYZAttribute z:Ref="i943"/><isCustomized>false</isCustomized></URDFElement><URDFElement z:Id="i945" i:type="Mass"><Attributes><Attribute z:Id="i946"><AttributeType>value</AttributeType><IsRequired>true</IsRequired><Value i:type="a:double" xmlns:a="http://www.w3.org/2001/XMLSchema">0</Value></Attribute></Attributes><ChildElements/><ElementName>mass</ElementName><required>false</required><ValueAttribute z:Ref="i946"/></URDFElement><URDFElement z:Id="i947" i:type="Inertia"><Attributes><Attribute z:Id="i948"><AttributeType>ixx</AttributeType><IsRequired>true</IsRequired><Value i:type="a:double" xmlns:a="http://www.w3.org/2001/XMLSchema">0</Value></Attribute><Attribute z:Id="i949"><AttributeType>ixy</AttributeType><IsRequired>true</IsRequired><Value i:type="a:double" xmlns:a="http://www.w3.org/2001/XMLSchema">0</Value></Attribute><Attribute z:Id="i950"><AttributeType>ixz</AttributeType><IsRequired>true</IsRequired><Value i:type="a:double" xmlns:a="http://www.w3.org/2001/XMLSchema">0</Value></Attribute><Attribute z:Id="i951"><AttributeType>iyy</AttributeType><IsRequired>true</IsRequired><Value i:type="a:double" xmlns:a="http://www.w3.org/2001/XMLSchema">0</Value></Attribute><Attribute z:Id="i952"><AttributeType>iyz</AttributeType><IsRequired>true</IsRequired><Value i:type="a:double" xmlns:a="http://www.w3.org/2001/XMLSchema">0</Value></Attribute><Attribute z:Id="i953"><AttributeType>izz</AttributeType><IsRequired>true</IsRequired><Value i:type="a:double" xmlns:a="http://www.w3.org/2001/XMLSchema">0</Value></Attribute></Attributes><ChildElements/><ElementName>inertia</ElementName><required>false</required><IxxAttribute z:Ref="i948"/><IxyAttribute z:Ref="i949"/><IxzAttribute z:Ref="i950"/><IyyAttribute z:Ref="i951"/><IyzAttribute z:Ref="i952"/><IzzAttribute z:Ref="i953"/></URDFElement></ChildElements><ElementName>inertial</ElementName><required>false</required><Inertia z:Ref="i947"/><Mass z:Ref="i945"/><Origin z:Ref="i942"/></URDFElement><URDFElement z:Id="i954" i:type="Visual"><Attributes/><ChildElements><URDFElement z:Id="i955" i:type="Origin"><Attributes><Attribute z:Id="i956"><AttributeType>xyz</AttributeType><IsRequired>true</IsRequired><Value i:type="a:ArrayOfdouble" xmlns:a="http://schemas.microsoft.com/2003/10/Serialization/Arrays"><a:double>0</a:double><a:double>0</a:double><a:double>0</a:double></Value></Attribute><Attribute z:Id="i957"><AttributeType>rpy</AttributeType><IsRequired>true</IsRequired><Value i:type="a:ArrayOfdouble" xmlns:a="http://schemas.microsoft.com/2003/10/Serialization/Arrays"><a:double>0</a:double><a:double>0</a:double><a:double>0</a:double></Value></Attribute></Attributes><ChildElements/><ElementName>origin</ElementName><required>false</required><RPYAttribute z:Ref="i957"/><XYZAttribute z:Ref="i956"/><isCustomized>false</isCustomized></URDFElement><URDFElement z:Id="i958" i:type="Geometry"><Attributes/><ChildElements><URDFElement z:Id="i959" i:type="Mesh"><Attributes><Attribute z:Id="i960"><AttributeType>filename</AttributeType><IsRequired>true</IsRequired><Value i:nil="true"/></Attribute></Attributes><ChildElements/><ElementName>mesh</ElementName><required>false</required><FilenameAttribute z:Ref="i960"/></URDFElement></ChildElements><ElementName>geometry</ElementName><required>true</required><Mesh z:Ref="i959"/></URDFElement><URDFElement z:Id="i961" i:type="Material"><Attributes><Attribute z:Id="i962"><AttributeType>name</AttributeType><IsRequired>true</IsRequired><Value i:type="a:string" xmlns:a="http://www.w3.org/2001/XMLSchema"/></Attribute></Attributes><ChildElements><URDFElement z:Id="i963" i:type="Color"><Attributes><Attribute z:Id="i964"><AttributeType>rgba</AttributeType><IsRequired>true</IsRequired><Value i:type="a:ArrayOfdouble" xmlns:a="http://schemas.microsoft.com/2003/10/Serialization/Arrays"><a:double>1</a:double><a:double>1</a:double><a:double>1</a:double><a:double>1</a:double></Value></Attribute></Attributes><ChildElements/><ElementName>color</ElementName><required>false</required><RGBAAttribute z:Ref="i964"/></URDFElement><URDFElement z:Id="i965" i:type="Texture"><Attributes><Attribute z:Id="i966"><AttributeType>filename</AttributeType><IsRequired>true</IsRequired><Value i:nil="true"/></Attribute></Attributes><ChildElements/><ElementName>texture</ElementName><required>false</required><FilenameAttribute z:Ref="i966"/><wFilename/></URDFElement></ChildElements><ElementName>material</ElementName><required>false</required><Color z:Ref="i963"/><NameAttribute z:Ref="i962"/><Texture z:Ref="i965"/></URDFElement></ChildElements><ElementName>visual</ElementName><required>false</required><Geometry z:Ref="i958"/><Material z:Ref="i961"/><Origin z:Ref="i955"/></URDFElement><URDFElement z:Id="i967" i:type="Collision"><Attributes/><ChildElements><URDFElement z:Id="i968" i:type="Origin"><Attributes><Attribute z:Id="i969"><AttributeType>xyz</AttributeType><IsRequired>true</IsRequired><Value i:type="a:ArrayOfdouble" xmlns:a="http://schemas.microsoft.com/2003/10/Serialization/Arrays"><a:double>0</a:double><a:double>0</a:double><a:double>0</a:double></Value></Attribute><Attribute z:Id="i970"><AttributeType>rpy</AttributeType><IsRequired>true</IsRequired><Value i:type="a:ArrayOfdouble" xmlns:a="http://schemas.microsoft.com/2003/10/Serialization/Arrays"><a:double>0</a:double><a:double>0</a:double><a:double>0</a:double></Value></Attribute></Attributes><ChildElements/><ElementName>origin</ElementName><required>false</required><RPYAttribute z:Ref="i970"/><XYZAttribute z:Ref="i969"/><isCustomized>false</isCustomized></URDFElement><URDFElement z:Id="i971" i:type="Geometry"><Attributes/><ChildElements><URDFElement z:Id="i972" i:type="Mesh"><Attributes><Attribute z:Id="i973"><AttributeType>filename</AttributeType><IsRequired>true</IsRequired><Value i:nil="true"/></Attribute></Attributes><ChildElements/><ElementName>mesh</ElementName><required>false</required><FilenameAttribute z:Ref="i973"/></URDFElement></ChildElements><ElementName>geometry</ElementName><required>true</required><Mesh z:Ref="i972"/></URDFElement></ChildElements><ElementName>collision</ElementName><required>false</required><Geometry z:Ref="i971"/><Origin z:Ref="i968"/></URDFElement><URDFElement z:Id="i974" i:type="Joint"><Attributes><Attribute z:Id="i975"><AttributeType>name</AttributeType><IsRequired>true</IsRequired><Value i:type="a:string" xmlns:a="http://www.w3.org/2001/XMLSchema">ultrasound_link6</Value></Attribute><Attribute z:Id="i976"><AttributeType>type</AttributeType><IsRequired>true</IsRequired><Value i:type="a:string" xmlns:a="http://www.w3.org/2001/XMLSchema">fixed</Value></Attribute></Attributes><ChildElements><URDFElement z:Id="i977" i:type="Origin"><Attributes><Attribute z:Id="i978"><AttributeType>xyz</AttributeType><IsRequired>true</IsRequired><Value i:type="a:ArrayOfdouble" xmlns:a="http://schemas.microsoft.com/2003/10/Serialization/Arrays"><a:double>0</a:double><a:double>0</a:double><a:double>0</a:double></Value></Attribute><Attribute z:Id="i979"><AttributeType>rpy</AttributeType><IsRequired>true</IsRequired><Value i:type="a:ArrayOfdouble" xmlns:a="http://schemas.microsoft.com/2003/10/Serialization/Arrays"><a:double>0</a:double><a:double>0</a:double><a:double>0</a:double></Value></Attribute></Attributes><ChildElements/><ElementName>origin</ElementName><required>false</required><RPYAttribute z:Ref="i979"/><XYZAttribute z:Ref="i978"/><isCustomized>false</isCustomized></URDFElement><URDFElement z:Id="i980" i:type="ParentLink"><Attributes><Attribute z:Id="i981"><AttributeType>link</AttributeType><IsRequired>true</IsRequired><Value i:type="a:string" xmlns:a="http://www.w3.org/2001/XMLSchema"/></Attribute></Attributes><ChildElements/><ElementName>parent</ElementName><required>true</required><NameAttribute z:Ref="i981"/></URDFElement><URDFElement z:Id="i982" i:type="ChildLink"><Attributes><Attribute z:Id="i983"><AttributeType>link</AttributeType><IsRequired>true</IsRequired><Value i:type="a:string" xmlns:a="http://www.w3.org/2001/XMLSchema"/></Attribute></Attributes><ChildElements/><ElementName>child</ElementName><required>true</required><NameAttribute z:Ref="i983"/></URDFElement><URDFElement z:Id="i984" i:type="Axis"><Attributes><Attribute z:Id="i985"><AttributeType>xyz</AttributeType><IsRequired>true</IsRequired><Value i:type="a:ArrayOfdouble" xmlns:a="http://schemas.microsoft.com/2003/10/Serialization/Arrays"><a:double>0</a:double><a:double>0</a:double><a:double>0</a:double></Value></Attribute></Attributes><ChildElements/><ElementName>axis</ElementName><required>false</required><XYZAttribute z:Ref="i985"/></URDFElement><URDFElement z:Id="i986" i:type="Limit"><Attributes><Attribute z:Id="i987"><AttributeType>lower</AttributeType><IsRequired>false</IsRequired><Value i:nil="true"/></Attribute><Attribute z:Id="i988"><AttributeType>upper</AttributeType><IsRequired>false</IsRequired><Value i:nil="true"/></Attribute><Attribute z:Id="i989"><AttributeType>effort</AttributeType><IsRequired>true</IsRequired><Value i:nil="true"/></Attribute><Attribute z:Id="i990"><AttributeType>velocity</AttributeType><IsRequired>true</IsRequired><Value i:nil="true"/></Attribute></Attributes><ChildElements/><ElementName>limit</ElementName><required>false</required><EffortAttribute z:Ref="i989"/><LowerAttribute z:Ref="i987"/><UpperAttribute z:Ref="i988"/><VelocityAttribute z:Ref="i990"/></URDFElement><URDFElement z:Id="i991" i:type="Calibration"><Attributes><Attribute z:Id="i992"><AttributeType>rising</AttributeType><IsRequired>false</IsRequired><Value i:nil="true"/></Attribute><Attribute z:Id="i993"><AttributeType>falling</AttributeType><IsRequired>false</IsRequired><Value i:nil="true"/></Attribute></Attributes><ChildElements/><ElementName>calibration</ElementName><required>false</required><FallingAttribute z:Ref="i993"/><RisingAttribute z:Ref="i992"/></URDFElement><URDFElement z:Id="i994" i:type="Dynamics"><Attributes><Attribute z:Id="i995"><AttributeType>damping</AttributeType><IsRequired>false</IsRequired><Value i:nil="true"/></Attribute><Attribute z:Id="i996"><AttributeType>friction</AttributeType><IsRequired>false</IsRequired><Value i:nil="true"/></Attribute></Attributes><ChildElements/><ElementName>dynamics</ElementName><required>false</required><DampingAttribute z:Ref="i995"/><FrictionAttribute z:Ref="i996"/></URDFElement><URDFElement z:Id="i997" i:type="SafetyController"><Attributes><Attribute z:Id="i998"><AttributeType>soft_upper_limit</AttributeType><IsRequired>false</IsRequired><Value i:nil="true"/></Attribute><Attribute z:Id="i999"><AttributeType>soft_lower_limit</AttributeType><IsRequired>false</IsRequired><Value i:nil="true"/></Attribute><Attribute z:Id="i1000"><AttributeType>k_position</AttributeType><IsRequired>false</IsRequired><Value i:nil="true"/></Attribute><Attribute z:Id="i1001"><AttributeType>k_velocity</AttributeType><IsRequired>true</IsRequired><Value i:nil="true"/></Attribute></Attributes><ChildElements/><ElementName>safety_controller</ElementName><required>false</required><KPositionAttribute z:Ref="i1000"/><KVelocityAttribute z:Ref="i1001"/><SoftLowerAttribute z:Ref="i999"/><SoftUpperAttribute z:Ref="i998"/></URDFElement><URDFElement z:Id="i1002" i:type="Mimic"><Attributes><Attribute z:Id="i1003"><AttributeType>joint</AttributeType><IsRequired>true</IsRequired><Value i:nil="true"/></Attribute><Attribute z:Id="i1004"><AttributeType>multiplier</AttributeType><IsRequired>false</IsRequired><Value i:nil="true"/></Attribute><Attribute z:Id="i1005"><AttributeType>offset</AttributeType><IsRequired>false</IsRequired><Value i:nil="true"/></Attribute></Attributes><ChildElements/><ElementName>mimic</ElementName><required>false</required><JointNameAttribute z:Ref="i1003"/><MultiplierAttribute z:Ref="i1004"/><OffsetAttribute z:Ref="i1005"/></URDFElement></ChildElements><ElementName>joint</ElementName><required>false</required><Axis z:Ref="i984"/><AxisName>Automatically Generate</AxisName><Calibration z:Ref="i991"/><Child z:Ref="i982"/><CoordinateSystemName>???????????????6</CoordinateSystemName><Dynamics z:Ref="i994"/><Limit z:Ref="i986"/><Mimic z:Ref="i1002"/><NameAttribute z:Ref="i975"/><Origin z:Ref="i977"/><Parent z:Ref="i980"/><Safety z:Ref="i997"/><TypeAttribute z:Ref="i976"/></URDFElement></ChildElements><ElementName>link</ElementName><required>true</required><Children/><Collision z:Ref="i967"/><Inertial z:Ref="i941"/><Joint z:Ref="i974"/><NameAttribute z:Ref="i940"/><Parent z:Ref="i1"/><STLQualityFine>false</STLQualityFine><SWComponentPIDs xmlns:a="http://schemas.microsoft.com/2003/10/Serialization/Arrays"><a:base64Binary>UEYAAAUAAAD//v8XhY3wWOJsomM0WfpWmlv2Ti0AMwBAAJVe2HY7YMWIXwBNAGkAZAAzADYAMABIcgQAAAAQAAAAAQAAAAEAAACmCAAA</a:base64Binary></SWComponentPIDs><SWMainComponentPID i:nil="true"/><Visual z:Ref="i954"/><isFixedFrame>false</isFixedFrame><isIncomplete>false</isIncomplete></Link><Link z:Id="i1006"><Attributes><Attribute z:Id="i1007"><AttributeType>name</AttributeType><IsRequired>true</IsRequired><Value i:type="a:string" xmlns:a="http://www.w3.org/2001/XMLSchema">ultrasound_link7</Value></Attribute></Attributes><ChildElements><URDFElement z:Id="i1008" i:type="Inertial"><Attributes/><ChildElements><URDFElement z:Id="i1009" i:type="Origin"><Attributes><Attribute z:Id="i1010"><AttributeType>xyz</AttributeType><IsRequired>true</IsRequired><Value i:type="a:ArrayOfdouble" xmlns:a="http://schemas.microsoft.com/2003/10/Serialization/Arrays"><a:double>0</a:double><a:double>0</a:double><a:double>0</a:double></Value></Attribute><Attribute z:Id="i1011"><AttributeType>rpy</AttributeType><IsRequired>true</IsRequired><Value i:type="a:ArrayOfdouble" xmlns:a="http://schemas.microsoft.com/2003/10/Serialization/Arrays"><a:double>0</a:double><a:double>0</a:double><a:double>0</a:double></Value></Attribute></Attributes><ChildElements/><ElementName>origin</ElementName><required>false</required><RPYAttribute z:Ref="i1011"/><XYZAttribute z:Ref="i1010"/><isCustomized>false</isCustomized></URDFElement><URDFElement z:Id="i1012" i:type="Mass"><Attributes><Attribute z:Id="i1013"><AttributeType>value</AttributeType><IsRequired>true</IsRequired><Value i:type="a:double" xmlns:a="http://www.w3.org/2001/XMLSchema">0</Value></Attribute></Attributes><ChildElements/><ElementName>mass</ElementName><required>false</required><ValueAttribute z:Ref="i1013"/></URDFElement><URDFElement z:Id="i1014" i:type="Inertia"><Attributes><Attribute z:Id="i1015"><AttributeType>ixx</AttributeType><IsRequired>true</IsRequired><Value i:type="a:double" xmlns:a="http://www.w3.org/2001/XMLSchema">0</Value></Attribute><Attribute z:Id="i1016"><AttributeType>ixy</AttributeType><IsRequired>true</IsRequired><Value i:type="a:double" xmlns:a="http://www.w3.org/2001/XMLSchema">0</Value></Attribute><Attribute z:Id="i1017"><AttributeType>ixz</AttributeType><IsRequired>true</IsRequired><Value i:type="a:double" xmlns:a="http://www.w3.org/2001/XMLSchema">0</Value></Attribute><Attribute z:Id="i1018"><AttributeType>iyy</AttributeType><IsRequired>true</IsRequired><Value i:type="a:double" xmlns:a="http://www.w3.org/2001/XMLSchema">0</Value></Attribute><Attribute z:Id="i1019"><AttributeType>iyz</AttributeType><IsRequired>true</IsRequired><Value i:type="a:double" xmlns:a="http://www.w3.org/2001/XMLSchema">0</Value></Attribute><Attribute z:Id="i1020"><AttributeType>izz</AttributeType><IsRequired>true</IsRequired><Value i:type="a:double" xmlns:a="http://www.w3.org/2001/XMLSchema">0</Value></Attribute></Attributes><ChildElements/><ElementName>inertia</ElementName><required>false</required><IxxAttribute z:Ref="i1015"/><IxyAttribute z:Ref="i1016"/><IxzAttribute z:Ref="i1017"/><IyyAttribute z:Ref="i1018"/><IyzAttribute z:Ref="i1019"/><IzzAttribute z:Ref="i1020"/></URDFElement></ChildElements><ElementName>inertial</ElementName><required>false</required><Inertia z:Ref="i1014"/><Mass z:Ref="i1012"/><Origin z:Ref="i1009"/></URDFElement><URDFElement z:Id="i1021" i:type="Visual"><Attributes/><ChildElements><URDFElement z:Id="i1022" i:type="Origin"><Attributes><Attribute z:Id="i1023"><AttributeType>xyz</AttributeType><IsRequired>true</IsRequired><Value i:type="a:ArrayOfdouble" xmlns:a="http://schemas.microsoft.com/2003/10/Serialization/Arrays"><a:double>0</a:double><a:double>0</a:double><a:double>0</a:double></Value></Attribute><Attribute z:Id="i1024"><AttributeType>rpy</AttributeType><IsRequired>true</IsRequired><Value i:type="a:ArrayOfdouble" xmlns:a="http://schemas.microsoft.com/2003/10/Serialization/Arrays"><a:double>0</a:double><a:double>0</a:double><a:double>0</a:double></Value></Attribute></Attributes><ChildElements/><ElementName>origin</ElementName><required>false</required><RPYAttribute z:Ref="i1024"/><XYZAttribute z:Ref="i1023"/><isCustomized>false</isCustomized></URDFElement><URDFElement z:Id="i1025" i:type="Geometry"><Attributes/><ChildElements><URDFElement z:Id="i1026" i:type="Mesh"><Attributes><Attribute z:Id="i1027"><AttributeType>filename</AttributeType><IsRequired>true</IsRequired><Value i:nil="true"/></Attribute></Attributes><ChildElements/><ElementName>mesh</ElementName><required>false</required><FilenameAttribute z:Ref="i1027"/></URDFElement></ChildElements><ElementName>geometry</ElementName><required>true</required><Mesh z:Ref="i1026"/></URDFElement><URDFElement z:Id="i1028" i:type="Material"><Attributes><Attribute z:Id="i1029"><AttributeType>name</AttributeType><IsRequired>true</IsRequired><Value i:type="a:string" xmlns:a="http://www.w3.org/2001/XMLSchema"/></Attribute></Attributes><ChildElements><URDFElement z:Id="i1030" i:type="Color"><Attributes><Attribute z:Id="i1031"><AttributeType>rgba</AttributeType><IsRequired>true</IsRequired><Value i:type="a:ArrayOfdouble" xmlns:a="http://schemas.microsoft.com/2003/10/Serialization/Arrays"><a:double>1</a:double><a:double>1</a:double><a:double>1</a:double><a:double>1</a:double></Value></Attribute></Attributes><ChildElements/><ElementName>color</ElementName><required>false</required><RGBAAttribute z:Ref="i1031"/></URDFElement><URDFElement z:Id="i1032" i:type="Texture"><Attributes><Attribute z:Id="i1033"><AttributeType>filename</AttributeType><IsRequired>true</IsRequired><Value i:nil="true"/></Attribute></Attributes><ChildElements/><ElementName>texture</ElementName><required>false</required><FilenameAttribute z:Ref="i1033"/><wFilename/></URDFElement></ChildElements><ElementName>material</ElementName><required>false</required><Color z:Ref="i1030"/><NameAttribute z:Ref="i1029"/><Texture z:Ref="i1032"/></URDFElement></ChildElements><ElementName>visual</ElementName><required>false</required><Geometry z:Ref="i1025"/><Material z:Ref="i1028"/><Origin z:Ref="i1022"/></URDFElement><URDFElement z:Id="i1034" i:type="Collision"><Attributes/><ChildElements><URDFElement z:Id="i1035" i:type="Origin"><Attributes><Attribute z:Id="i1036"><AttributeType>xyz</AttributeType><IsRequired>true</IsRequired><Value i:type="a:ArrayOfdouble" xmlns:a="http://schemas.microsoft.com/2003/10/Serialization/Arrays"><a:double>0</a:double><a:double>0</a:double><a:double>0</a:double></Value></Attribute><Attribute z:Id="i1037"><AttributeType>rpy</AttributeType><IsRequired>true</IsRequired><Value i:type="a:ArrayOfdouble" xmlns:a="http://schemas.microsoft.com/2003/10/Serialization/Arrays"><a:double>0</a:double><a:double>0</a:double><a:double>0</a:double></Value></Attribute></Attributes><ChildElements/><ElementName>origin</ElementName><required>false</required><RPYAttribute z:Ref="i1037"/><XYZAttribute z:Ref="i1036"/><isCustomized>false</isCustomized></URDFElement><URDFElement z:Id="i1038" i:type="Geometry"><Attributes/><ChildElements><URDFElement z:Id="i1039" i:type="Mesh"><Attributes><Attribute z:Id="i1040"><AttributeType>filename</AttributeType><IsRequired>true</IsRequired><Value i:nil="true"/></Attribute></Attributes><ChildElements/><ElementName>mesh</ElementName><required>false</required><FilenameAttribute z:Ref="i1040"/></URDFElement></ChildElements><ElementName>geometry</ElementName><required>true</required><Mesh z:Ref="i1039"/></URDFElement></ChildElements><ElementName>collision</ElementName><required>false</required><Geometry z:Ref="i1038"/><Origin z:Ref="i1035"/></URDFElement><URDFElement z:Id="i1041" i:type="Joint"><Attributes><Attribute z:Id="i1042"><AttributeType>name</AttributeType><IsRequired>true</IsRequired><Value i:type="a:string" xmlns:a="http://www.w3.org/2001/XMLSchema">ultrasound_joint7</Value></Attribute><Attribute z:Id="i1043"><AttributeType>type</AttributeType><IsRequired>true</IsRequired><Value i:type="a:string" xmlns:a="http://www.w3.org/2001/XMLSchema">fixed</Value></Attribute></Attributes><ChildElements><URDFElement z:Id="i1044" i:type="Origin"><Attributes><Attribute z:Id="i1045"><AttributeType>xyz</AttributeType><IsRequired>true</IsRequired><Value i:type="a:ArrayOfdouble" xmlns:a="http://schemas.microsoft.com/2003/10/Serialization/Arrays"><a:double>0</a:double><a:double>0</a:double><a:double>0</a:double></Value></Attribute><Attribute z:Id="i1046"><AttributeType>rpy</AttributeType><IsRequired>true</IsRequired><Value i:type="a:ArrayOfdouble" xmlns:a="http://schemas.microsoft.com/2003/10/Serialization/Arrays"><a:double>0</a:double><a:double>0</a:double><a:double>0</a:double></Value></Attribute></Attributes><ChildElements/><ElementName>origin</ElementName><required>false</required><RPYAttribute z:Ref="i1046"/><XYZAttribute z:Ref="i1045"/><isCustomized>false</isCustomized></URDFElement><URDFElement z:Id="i1047" i:type="ParentLink"><Attributes><Attribute z:Id="i1048"><AttributeType>link</AttributeType><IsRequired>true</IsRequired><Value i:type="a:string" xmlns:a="http://www.w3.org/2001/XMLSchema"/></Attribute></Attributes><ChildElements/><ElementName>parent</ElementName><required>true</required><NameAttribute z:Ref="i1048"/></URDFElement><URDFElement z:Id="i1049" i:type="ChildLink"><Attributes><Attribute z:Id="i1050"><AttributeType>link</AttributeType><IsRequired>true</IsRequired><Value i:type="a:string" xmlns:a="http://www.w3.org/2001/XMLSchema"/></Attribute></Attributes><ChildElements/><ElementName>child</ElementName><required>true</required><NameAttribute z:Ref="i1050"/></URDFElement><URDFElement z:Id="i1051" i:type="Axis"><Attributes><Attribute z:Id="i1052"><AttributeType>xyz</AttributeType><IsRequired>true</IsRequired><Value i:type="a:ArrayOfdouble" xmlns:a="http://schemas.microsoft.com/2003/10/Serialization/Arrays"><a:double>0</a:double><a:double>0</a:double><a:double>0</a:double></Value></Attribute></Attributes><ChildElements/><ElementName>axis</ElementName><required>false</required><XYZAttribute z:Ref="i1052"/></URDFElement><URDFElement z:Id="i1053" i:type="Limit"><Attributes><Attribute z:Id="i1054"><AttributeType>lower</AttributeType><IsRequired>false</IsRequired><Value i:nil="true"/></Attribute><Attribute z:Id="i1055"><AttributeType>upper</AttributeType><IsRequired>false</IsRequired><Value i:nil="true"/></Attribute><Attribute z:Id="i1056"><AttributeType>effort</AttributeType><IsRequired>true</IsRequired><Value i:nil="true"/></Attribute><Attribute z:Id="i1057"><AttributeType>velocity</AttributeType><IsRequired>true</IsRequired><Value i:nil="true"/></Attribute></Attributes><ChildElements/><ElementName>limit</ElementName><required>false</required><EffortAttribute z:Ref="i1056"/><LowerAttribute z:Ref="i1054"/><UpperAttribute z:Ref="i1055"/><VelocityAttribute z:Ref="i1057"/></URDFElement><URDFElement z:Id="i1058" i:type="Calibration"><Attributes><Attribute z:Id="i1059"><AttributeType>rising</AttributeType><IsRequired>false</IsRequired><Value i:nil="true"/></Attribute><Attribute z:Id="i1060"><AttributeType>falling</AttributeType><IsRequired>false</IsRequired><Value i:nil="true"/></Attribute></Attributes><ChildElements/><ElementName>calibration</ElementName><required>false</required><FallingAttribute z:Ref="i1060"/><RisingAttribute z:Ref="i1059"/></URDFElement><URDFElement z:Id="i1061" i:type="Dynamics"><Attributes><Attribute z:Id="i1062"><AttributeType>damping</AttributeType><IsRequired>false</IsRequired><Value i:nil="true"/></Attribute><Attribute z:Id="i1063"><AttributeType>friction</AttributeType><IsRequired>false</IsRequired><Value i:nil="true"/></Attribute></Attributes><ChildElements/><ElementName>dynamics</ElementName><required>false</required><DampingAttribute z:Ref="i1062"/><FrictionAttribute z:Ref="i1063"/></URDFElement><URDFElement z:Id="i1064" i:type="SafetyController"><Attributes><Attribute z:Id="i1065"><AttributeType>soft_upper_limit</AttributeType><IsRequired>false</IsRequired><Value i:nil="true"/></Attribute><Attribute z:Id="i1066"><AttributeType>soft_lower_limit</AttributeType><IsRequired>false</IsRequired><Value i:nil="true"/></Attribute><Attribute z:Id="i1067"><AttributeType>k_position</AttributeType><IsRequired>false</IsRequired><Value i:nil="true"/></Attribute><Attribute z:Id="i1068"><AttributeType>k_velocity</AttributeType><IsRequired>true</IsRequired><Value i:nil="true"/></Attribute></Attributes><ChildElements/><ElementName>safety_controller</ElementName><required>false</required><KPositionAttribute z:Ref="i1067"/><KVelocityAttribute z:Ref="i1068"/><SoftLowerAttribute z:Ref="i1066"/><SoftUpperAttribute z:Ref="i1065"/></URDFElement><URDFElement z:Id="i1069" i:type="Mimic"><Attributes><Attribute z:Id="i1070"><AttributeType>joint</AttributeType><IsRequired>true</IsRequired><Value i:nil="true"/></Attribute><Attribute z:Id="i1071"><AttributeType>multiplier</AttributeType><IsRequired>false</IsRequired><Value i:nil="true"/></Attribute><Attribute z:Id="i1072"><AttributeType>offset</AttributeType><IsRequired>false</IsRequired><Value i:nil="true"/></Attribute></Attributes><ChildElements/><ElementName>mimic</ElementName><required>false</required><JointNameAttribute z:Ref="i1070"/><MultiplierAttribute z:Ref="i1071"/><OffsetAttribute z:Ref="i1072"/></URDFElement></ChildElements><ElementName>joint</ElementName><required>false</required><Axis z:Ref="i1051"/><AxisName>Automatically Generate</AxisName><Calibration z:Ref="i1058"/><Child z:Ref="i1049"/><CoordinateSystemName>???????????????7</CoordinateSystemName><Dynamics z:Ref="i1061"/><Limit z:Ref="i1053"/><Mimic z:Ref="i1069"/><NameAttribute z:Ref="i1042"/><Origin z:Ref="i1044"/><Parent z:Ref="i1047"/><Safety z:Ref="i1064"/><TypeAttribute z:Ref="i1043"/></URDFElement></ChildElements><ElementName>link</ElementName><required>true</required><Children/><Collision z:Ref="i1034"/><Inertial z:Ref="i1008"/><Joint z:Ref="i1041"/><NameAttribute z:Ref="i1007"/><Parent z:Ref="i1"/><STLQualityFine>false</STLQualityFine><SWComponentPIDs xmlns:a="http://schemas.microsoft.com/2003/10/Serialization/Arrays"><a:base64Binary>UEYAAAUAAAD//v8XhY3wWOJsomM0WfpWmlv2Ti0ANABAAJVe2HY7YMWIXwBNAGkAZAAzADYAMABIcgQAAAAQAAAAAQAAAAEAAACnCAAA</a:base64Binary></SWComponentPIDs><SWMainComponentPID i:nil="true"/><Visual z:Ref="i1021"/><isFixedFrame>false</isFixedFrame><isIncomplete>false</isIncomplete></Link><Link z:Id="i1073"><Attributes><Attribute z:Id="i1074"><AttributeType>name</AttributeType><IsRequired>true</IsRequired><Value i:type="a:string" xmlns:a="http://www.w3.org/2001/XMLSchema">ultrasound_link8</Value></Attribute></Attributes><ChildElements><URDFElement z:Id="i1075" i:type="Inertial"><Attributes/><ChildElements><URDFElement z:Id="i1076" i:type="Origin"><Attributes><Attribute z:Id="i1077"><AttributeType>xyz</AttributeType><IsRequired>true</IsRequired><Value i:type="a:ArrayOfdouble" xmlns:a="http://schemas.microsoft.com/2003/10/Serialization/Arrays"><a:double>0</a:double><a:double>0</a:double><a:double>0</a:double></Value></Attribute><Attribute z:Id="i1078"><AttributeType>rpy</AttributeType><IsRequired>true</IsRequired><Value i:type="a:ArrayOfdouble" xmlns:a="http://schemas.microsoft.com/2003/10/Serialization/Arrays"><a:double>0</a:double><a:double>0</a:double><a:double>0</a:double></Value></Attribute></Attributes><ChildElements/><ElementName>origin</ElementName><required>false</required><RPYAttribute z:Ref="i1078"/><XYZAttribute z:Ref="i1077"/><isCustomized>false</isCustomized></URDFElement><URDFElement z:Id="i1079" i:type="Mass"><Attributes><Attribute z:Id="i1080"><AttributeType>value</AttributeType><IsRequired>true</IsRequired><Value i:type="a:double" xmlns:a="http://www.w3.org/2001/XMLSchema">0</Value></Attribute></Attributes><ChildElements/><ElementName>mass</ElementName><required>false</required><ValueAttribute z:Ref="i1080"/></URDFElement><URDFElement z:Id="i1081" i:type="Inertia"><Attributes><Attribute z:Id="i1082"><AttributeType>ixx</AttributeType><IsRequired>true</IsRequired><Value i:type="a:double" xmlns:a="http://www.w3.org/2001/XMLSchema">0</Value></Attribute><Attribute z:Id="i1083"><AttributeType>ixy</AttributeType><IsRequired>true</IsRequired><Value i:type="a:double" xmlns:a="http://www.w3.org/2001/XMLSchema">0</Value></Attribute><Attribute z:Id="i1084"><AttributeType>ixz</AttributeType><IsRequired>true</IsRequired><Value i:type="a:double" xmlns:a="http://www.w3.org/2001/XMLSchema">0</Value></Attribute><Attribute z:Id="i1085"><AttributeType>iyy</AttributeType><IsRequired>true</IsRequired><Value i:type="a:double" xmlns:a="http://www.w3.org/2001/XMLSchema">0</Value></Attribute><Attribute z:Id="i1086"><AttributeType>iyz</AttributeType><IsRequired>true</IsRequired><Value i:type="a:double" xmlns:a="http://www.w3.org/2001/XMLSchema">0</Value></Attribute><Attribute z:Id="i1087"><AttributeType>izz</AttributeType><IsRequired>true</IsRequired><Value i:type="a:double" xmlns:a="http://www.w3.org/2001/XMLSchema">0</Value></Attribute></Attributes><ChildElements/><ElementName>inertia</ElementName><required>false</required><IxxAttribute z:Ref="i1082"/><IxyAttribute z:Ref="i1083"/><IxzAttribute z:Ref="i1084"/><IyyAttribute z:Ref="i1085"/><IyzAttribute z:Ref="i1086"/><IzzAttribute z:Ref="i1087"/></URDFElement></ChildElements><ElementName>inertial</ElementName><required>false</required><Inertia z:Ref="i1081"/><Mass z:Ref="i1079"/><Origin z:Ref="i1076"/></URDFElement><URDFElement z:Id="i1088" i:type="Visual"><Attributes/><ChildElements><URDFElement z:Id="i1089" i:type="Origin"><Attributes><Attribute z:Id="i1090"><AttributeType>xyz</AttributeType><IsRequired>true</IsRequired><Value i:type="a:ArrayOfdouble" xmlns:a="http://schemas.microsoft.com/2003/10/Serialization/Arrays"><a:double>0</a:double><a:double>0</a:double><a:double>0</a:double></Value></Attribute><Attribute z:Id="i1091"><AttributeType>rpy</AttributeType><IsRequired>true</IsRequired><Value i:type="a:ArrayOfdouble" xmlns:a="http://schemas.microsoft.com/2003/10/Serialization/Arrays"><a:double>0</a:double><a:double>0</a:double><a:double>0</a:double></Value></Attribute></Attributes><ChildElements/><ElementName>origin</ElementName><required>false</required><RPYAttribute z:Ref="i1091"/><XYZAttribute z:Ref="i1090"/><isCustomized>false</isCustomized></URDFElement><URDFElement z:Id="i1092" i:type="Geometry"><Attributes/><ChildElements><URDFElement z:Id="i1093" i:type="Mesh"><Attributes><Attribute z:Id="i1094"><AttributeType>filename</AttributeType><IsRequired>true</IsRequired><Value i:nil="true"/></Attribute></Attributes><ChildElements/><ElementName>mesh</ElementName><required>false</required><FilenameAttribute z:Ref="i1094"/></URDFElement></ChildElements><ElementName>geometry</ElementName><required>true</required><Mesh z:Ref="i1093"/></URDFElement><URDFElement z:Id="i1095" i:type="Material"><Attributes><Attribute z:Id="i1096"><AttributeType>name</AttributeType><IsRequired>true</IsRequired><Value i:type="a:string" xmlns:a="http://www.w3.org/2001/XMLSchema"/></Attribute></Attributes><ChildElements><URDFElement z:Id="i1097" i:type="Color"><Attributes><Attribute z:Id="i1098"><AttributeType>rgba</AttributeType><IsRequired>true</IsRequired><Value i:type="a:ArrayOfdouble" xmlns:a="http://schemas.microsoft.com/2003/10/Serialization/Arrays"><a:double>1</a:double><a:double>1</a:double><a:double>1</a:double><a:double>1</a:double></Value></Attribute></Attributes><ChildElements/><ElementName>color</ElementName><required>false</required><RGBAAttribute z:Ref="i1098"/></URDFElement><URDFElement z:Id="i1099" i:type="Texture"><Attributes><Attribute z:Id="i1100"><AttributeType>filename</AttributeType><IsRequired>true</IsRequired><Value i:nil="true"/></Attribute></Attributes><ChildElements/><ElementName>texture</ElementName><required>false</required><FilenameAttribute z:Ref="i1100"/><wFilename/></URDFElement></ChildElements><ElementName>material</ElementName><required>false</required><Color z:Ref="i1097"/><NameAttribute z:Ref="i1096"/><Texture z:Ref="i1099"/></URDFElement></ChildElements><ElementName>visual</ElementName><required>false</required><Geometry z:Ref="i1092"/><Material z:Ref="i1095"/><Origin z:Ref="i1089"/></URDFElement><URDFElement z:Id="i1101" i:type="Collision"><Attributes/><ChildElements><URDFElement z:Id="i1102" i:type="Origin"><Attributes><Attribute z:Id="i1103"><AttributeType>xyz</AttributeType><IsRequired>true</IsRequired><Value i:type="a:ArrayOfdouble" xmlns:a="http://schemas.microsoft.com/2003/10/Serialization/Arrays"><a:double>0</a:double><a:double>0</a:double><a:double>0</a:double></Value></Attribute><Attribute z:Id="i1104"><AttributeType>rpy</AttributeType><IsRequired>true</IsRequired><Value i:type="a:ArrayOfdouble" xmlns:a="http://schemas.microsoft.com/2003/10/Serialization/Arrays"><a:double>0</a:double><a:double>0</a:double><a:double>0</a:double></Value></Attribute></Attributes><ChildElements/><ElementName>origin</ElementName><required>false</required><RPYAttribute z:Ref="i1104"/><XYZAttribute z:Ref="i1103"/><isCustomized>false</isCustomized></URDFElement><URDFElement z:Id="i1105" i:type="Geometry"><Attributes/><ChildElements><URDFElement z:Id="i1106" i:type="Mesh"><Attributes><Attribute z:Id="i1107"><AttributeType>filename</AttributeType><IsRequired>true</IsRequired><Value i:nil="true"/></Attribute></Attributes><ChildElements/><ElementName>mesh</ElementName><required>false</required><FilenameAttribute z:Ref="i1107"/></URDFElement></ChildElements><ElementName>geometry</ElementName><required>true</required><Mesh z:Ref="i1106"/></URDFElement></ChildElements><ElementName>collision</ElementName><required>false</required><Geometry z:Ref="i1105"/><Origin z:Ref="i1102"/></URDFElement><URDFElement z:Id="i1108" i:type="Joint"><Attributes><Attribute z:Id="i1109"><AttributeType>name</AttributeType><IsRequired>true</IsRequired><Value i:type="a:string" xmlns:a="http://www.w3.org/2001/XMLSchema">ultrasound_joint8</Value></Attribute><Attribute z:Id="i1110"><AttributeType>type</AttributeType><IsRequired>true</IsRequired><Value i:type="a:string" xmlns:a="http://www.w3.org/2001/XMLSchema">Automatically Detect</Value></Attribute></Attributes><ChildElements><URDFElement z:Id="i1111" i:type="Origin"><Attributes><Attribute z:Id="i1112"><AttributeType>xyz</AttributeType><IsRequired>true</IsRequired><Value i:type="a:ArrayOfdouble" xmlns:a="http://schemas.microsoft.com/2003/10/Serialization/Arrays"><a:double>0</a:double><a:double>0</a:double><a:double>0</a:double></Value></Attribute><Attribute z:Id="i1113"><AttributeType>rpy</AttributeType><IsRequired>true</IsRequired><Value i:type="a:ArrayOfdouble" xmlns:a="http://schemas.microsoft.com/2003/10/Serialization/Arrays"><a:double>0</a:double><a:double>0</a:double><a:double>0</a:double></Value></Attribute></Attributes><ChildElements/><ElementName>origin</ElementName><required>false</required><RPYAttribute z:Ref="i1113"/><XYZAttribute z:Ref="i1112"/><isCustomized>false</isCustomized></URDFElement><URDFElement z:Id="i1114" i:type="ParentLink"><Attributes><Attribute z:Id="i1115"><AttributeType>link</AttributeType><IsRequired>true</IsRequired><Value i:type="a:string" xmlns:a="http://www.w3.org/2001/XMLSchema"/></Attribute></Attributes><ChildElements/><ElementName>parent</ElementName><required>true</required><NameAttribute z:Ref="i1115"/></URDFElement><URDFElement z:Id="i1116" i:type="ChildLink"><Attributes><Attribute z:Id="i1117"><AttributeType>link</AttributeType><IsRequired>true</IsRequired><Value i:type="a:string" xmlns:a="http://www.w3.org/2001/XMLSchema"/></Attribute></Attributes><ChildElements/><ElementName>child</ElementName><required>true</required><NameAttribute z:Ref="i1117"/></URDFElement><URDFElement z:Id="i1118" i:type="Axis"><Attributes><Attribute z:Id="i1119"><AttributeType>xyz</AttributeType><IsRequired>true</IsRequired><Value i:type="a:ArrayOfdouble" xmlns:a="http://schemas.microsoft.com/2003/10/Serialization/Arrays"><a:double>0</a:double><a:double>0</a:double><a:double>0</a:double></Value></Attribute></Attributes><ChildElements/><ElementName>axis</ElementName><required>false</required><XYZAttribute z:Ref="i1119"/></URDFElement><URDFElement z:Id="i1120" i:type="Limit"><Attributes><Attribute z:Id="i1121"><AttributeType>lower</AttributeType><IsRequired>false</IsRequired><Value i:nil="true"/></Attribute><Attribute z:Id="i1122"><AttributeType>upper</AttributeType><IsRequired>false</IsRequired><Value i:nil="true"/></Attribute><Attribute z:Id="i1123"><AttributeType>effort</AttributeType><IsRequired>true</IsRequired><Value i:nil="true"/></Attribute><Attribute z:Id="i1124"><AttributeType>velocity</AttributeType><IsRequired>true</IsRequired><Value i:nil="true"/></Attribute></Attributes><ChildElements/><ElementName>limit</ElementName><required>false</required><EffortAttribute z:Ref="i1123"/><LowerAttribute z:Ref="i1121"/><UpperAttribute z:Ref="i1122"/><VelocityAttribute z:Ref="i1124"/></URDFElement><URDFElement z:Id="i1125" i:type="Calibration"><Attributes><Attribute z:Id="i1126"><AttributeType>rising</AttributeType><IsRequired>false</IsRequired><Value i:nil="true"/></Attribute><Attribute z:Id="i1127"><AttributeType>falling</AttributeType><IsRequired>false</IsRequired><Value i:nil="true"/></Attribute></Attributes><ChildElements/><ElementName>calibration</ElementName><required>false</required><FallingAttribute z:Ref="i1127"/><RisingAttribute z:Ref="i1126"/></URDFElement><URDFElement z:Id="i1128" i:type="Dynamics"><Attributes><Attribute z:Id="i1129"><AttributeType>damping</AttributeType><IsRequired>false</IsRequired><Value i:nil="true"/></Attribute><Attribute z:Id="i1130"><AttributeType>friction</AttributeType><IsRequired>false</IsRequired><Value i:nil="true"/></Attribute></Attributes><ChildElements/><ElementName>dynamics</ElementName><required>false</required><DampingAttribute z:Ref="i1129"/><FrictionAttribute z:Ref="i1130"/></URDFElement><URDFElement z:Id="i1131" i:type="SafetyController"><Attributes><Attribute z:Id="i1132"><AttributeType>soft_upper_limit</AttributeType><IsRequired>false</IsRequired><Value i:nil="true"/></Attribute><Attribute z:Id="i1133"><AttributeType>soft_lower_limit</AttributeType><IsRequired>false</IsRequired><Value i:nil="true"/></Attribute><Attribute z:Id="i1134"><AttributeType>k_position</AttributeType><IsRequired>false</IsRequired><Value i:nil="true"/></Attribute><Attribute z:Id="i1135"><AttributeType>k_velocity</AttributeType><IsRequired>true</IsRequired><Value i:nil="true"/></Attribute></Attributes><ChildElements/><ElementName>safety_controller</ElementName><required>false</required><KPositionAttribute z:Ref="i1134"/><KVelocityAttribute z:Ref="i1135"/><SoftLowerAttribute z:Ref="i1133"/><SoftUpperAttribute z:Ref="i1132"/></URDFElement><URDFElement z:Id="i1136" i:type="Mimic"><Attributes><Attribute z:Id="i1137"><AttributeType>joint</AttributeType><IsRequired>true</IsRequired><Value i:nil="true"/></Attribute><Attribute z:Id="i1138"><AttributeType>multiplier</AttributeType><IsRequired>false</IsRequired><Value i:nil="true"/></Attribute><Attribute z:Id="i1139"><AttributeType>offset</AttributeType><IsRequired>false</IsRequired><Value i:nil="true"/></Attribute></Attributes><ChildElements/><ElementName>mimic</ElementName><required>false</required><JointNameAttribute z:Ref="i1137"/><MultiplierAttribute z:Ref="i1138"/><OffsetAttribute z:Ref="i1139"/></URDFElement></ChildElements><ElementName>joint</ElementName><required>false</required><Axis z:Ref="i1118"/><AxisName>Automatically Generate</AxisName><Calibration z:Ref="i1125"/><Child z:Ref="i1116"/><CoordinateSystemName>Automatically Generate</CoordinateSystemName><Dynamics z:Ref="i1128"/><Limit z:Ref="i1120"/><Mimic z:Ref="i1136"/><NameAttribute z:Ref="i1109"/><Origin z:Ref="i1111"/><Parent z:Ref="i1114"/><Safety z:Ref="i1131"/><TypeAttribute z:Ref="i1110"/></URDFElement></ChildElements><ElementName>link</ElementName><required>true</required><Children/><Collision z:Ref="i1101"/><Inertial z:Ref="i1075"/><Joint z:Ref="i1108"/><NameAttribute z:Ref="i1074"/><Parent z:Ref="i1"/><STLQualityFine>false</STLQualityFine><SWComponentPIDs xmlns:a="http://schemas.microsoft.com/2003/10/Serialization/Arrays"><a:base64Binary>UEYAAAUAAAD//v8XhY3wWOJsomM0WfpWmlv2Ti0AMgBAAJVe2HY7YMWIXwBNAGkAZAAzADYAMABIcgQAAAAQAAAAAQAAAAEAAAClCAAA</a:base64Binary></SWComponentPIDs><SWMainComponentPID i:nil="true"/><Visual z:Ref="i1088"/><isFixedFrame>false</isFixedFrame><isIncomplete>false</isIncomplete></Link></Children><Collision z:Ref="i29"/><Inertial z:Ref="i3"/><Joint z:Ref="i36"/><NameAttribute z:Ref="i2"/><Parent i:nil="true"/><STLQualityFine>false</STLQualityFine><SWComponentPIDs xmlns:a="http://schemas.microsoft.com/2003/10/Serialization/Arrays"><a:base64Binary>UEYAAAUAAAD//v8ToFI6X0t7LQAxADUAQACVXth2O2DFiF8ATQBpAGQAMwA2ADAASHIEAAAAEAAAAAEAAAABAAAA9AEAAA==</a:base64Binary><a:base64Binary>UEYAAAUAAAD//v8ToFI6X0t7LQAxADEAQACVXth2O2DFiF8ATQBpAGQAMwA2ADAASHIEAAAAEAAAAAEAAAABAAAAcwEAAA==</a:base64Binary><a:base64Binary>UEYAAAUAAAD//v8YjE5CXN6PpWP2Tgj/5l3zUwn/LQAxAEAAlV7YdjtgxYhfAE0AaQBkADMANgAwAEhyBAAAABAAAAABAAAAAQAAAIoBAAA=</a:base64Binary><a:base64Binary>UEYAAAUAAAD//v8ToFI6X0t7LQAxADcAQACVXth2O2DFiF8ATQBpAGQAMwA2ADAASHIEAAAAEAAAAAEAAAABAAAAHgIAAA==</a:base64Binary><a:base64Binary>UEYAAAUAAAD//v8ToFI6X0t7LQAxADMAQACVXth2O2DFiF8ATQBpAGQAMwA2ADAASHIEAAAAEAAAAAEAAAABAAAAwgEAAA==</a:base64Binary><a:base64Binary>UEYAAAUAAAD//v8Up09ily9lkWR/Zy0AMQBAAJVe2HY7YMWIXwBNAGkAZAAzADYAMABIcgQAAAAQAAAAAQAAAAEAAADkAAAA</a:base64Binary><a:base64Binary>UEYAAAUAAAD//v8XlV7YdqBSOl9Lewj/KmoJ/y0AMQBAAJVe2HY7YMWIXwBNAGkAZAAzADYAMABIcgQAAAAQAAAAAQAAAAEAAACyAQAA</a:base64Binary><a:base64Binary>UEYAAAUAAAD//v8ToFI6X0t7LQAxADYAQACVXth2O2DFiF8ATQBpAGQAMwA2ADAASHIEAAAAEAAAAAEAAAABAAAABwIAAA==</a:base64Binary><a:base64Binary>UEYAAAUAAAD//v8YjE5CXN6PpWP2Tgj/5l3zUwn/LQAyAEAAlV7YdjtgxYhfAE0AaQBkADMANgAwAEhyBAAAABAAAAABAAAAAQAAAIsBAAA=</a:base64Binary><a:base64Binary>UEYAAAUAAAD//v8ToFI6X0t7LQAxADQAQACVXth2O2DFiF8ATQBpAGQAMwA2ADAASHIEAAAAEAAAAAEAAAABAAAA2QEAAA==</a:base64Binary><a:base64Binary>UEYAAAUAAAD//v8SNXVgbNJ2LQAxAEAAlV7YdjtgxYhfAE0AaQBkADMANgAwAEhyBAAAABAAAAABAAAAAQAAALwBAAA=</a:base64Binary><a:base64Binary>UEYAAAUAAAD//v8XlV7YdqBSOl9Lewj/tX4J/y0AMQBAAJVe2HY7YMWIXwBNAGkAZAAzADYAMABIcgQAAAAQAAAAAQAAAAEAAAC2AQAA</a:base64Binary><a:base64Binary>UEYAAAUAAAD//v8TjE5CXH2Pf2ctADEAQACVXth2O2DFiF8ATQBpAGQAMwA2ADAASHIEAAAAEAAAAAEAAAABAAAArAEAAA==</a:base64Binary><a:base64Binary>UEYAAAUAAAD//v8kMgA0AFYANgAwAEEAaAAClTV1YGwzADAAMAAtADIAMAAwAC0AMQAwADAALQAxAEAAlV7YdjtgxYhfAE0AaQBkADMANgAwAEhyBAAAABAAAAABAAAAAQAAALABAAA=</a:base64Binary><a:base64Binary>UEYAAAUAAAD//v8XjE5CXN6PpWP2Tgj/TVIJ/y0AMQBAAJVe2HY7YMWIXwBNAGkAZAAzADYAMABIcgQAAAAQAAAAAQAAAAEAAACoAQAA</a:base64Binary><a:base64Binary>UEYAAAUAAAD//v8ToFI6X0t7LQAxADIAQACVXth2O2DFiF8ATQBpAGQAMwA2ADAASHIEAAAAEAAAAAEAAAABAAAAdQEAAA==</a:base64Binary><a:base64Binary>UEYAAAUAAAD//v8ToFI6X0t7LQAxADAAQACVXth2O2DFiF8ATQBpAGQAMwA2ADAASHIEAAAAEAAAAAEAAAABAAAAXgEAAA==</a:base64Binary><a:base64Binary>UEYAAAUAAAD//v8SoFI6X0t7LQA5AEAAlV7YdjtgxYhfAE0AaQBkADMANgAwAEhyBAAAABAAAAABAAAAAQAAAAQBAAA=</a:base64Binary><a:base64Binary>UEYAAAUAAAD//v8Up09ily9lkWR/Zy0AMgBAAJVe2HY7YMWIXwBNAGkAZAAzADYAMABIcgQAAAAQAAAAAQAAAAEAAADlAAAA</a:base64Binary><a:base64Binary>UEYAAAUAAAD//v8SoFI6X0t7LQA2AEAAlV7YdjtgxYhfAE0AaQBkADMANgAwAEhyBAAAABAAAAABAAAAAQAAAMMAAAA=</a:base64Binary><a:base64Binary>UEYAAAUAAAD//v8SoFI6X0t7LQA0AEAAlV7YdjtgxYhfAE0AaQBkADMANgAwAEhyBAAAABAAAAABAAAAAQAAAKUAAAA=</a:base64Binary><a:base64Binary>UEYAAAUAAAD//v8SoFI6X0t7LQAzAEAAlV7YdjtgxYhfAE0AaQBkADMANgAwAEhyBAAAABAAAAABAAAAAQAAAIQAAAA=</a:base64Binary><a:base64Binary>UEYAAAUAAAD//v8SoFI6X0t7LQAxAEAAlV7YdjtgxYhfAE0AaQBkADMANgAwAEhyBAAAABAAAAABAAAAAQAAAF4AAAA=</a:base64Binary><a:base64Binary>UEYAAAUAAAD//v8UNXU6Z/pWmlt/Zy0AMgBAAJVe2HY7YMWIXwBNAGkAZAAzADYAMABIcgQAAAAQAAAAAQAAAAEAAAAqAAAA</a:base64Binary><a:base64Binary>UEYAAAUAAAD//v8UNXU6Z/pWmlt/Zy0AMQBAAJVe2HY7YMWIXwBNAGkAZAAzADYAMABIcgQAAAAQAAAAAQAAAAEAAAApAAAA</a:base64Binary><a:base64Binary>UEYAAAUAAAD//v8UTVJGZMKBKmqBaC0AMQBAAJVe2HY7YMWIXwBNAGkAZAAzADYAMABIcgQAAAAQAAAAAQAAAAEAAAAeAAAA</a:base64Binary><a:base64Binary>UEYAAAUAAAD//v8TpE7JU9puUFstADEAQACVXth2O2DFiF8ATQBpAGQAMwA2ADAASHIEAAAAEAAAAAEAAAABAAAAEgAAAA==</a:base64Binary><a:base64Binary>UEYAAAUAAAD//v8VRmTCgU1S3o+lY/ZOLQAxAEAAlV7YdjtgxYhfAE0AaQBkADMANgAwAEhyBAAAABAAAAABAAAAAQAAAB0AAAA=</a:base64Binary><a:base64Binary>UEYAAAUAAAD//v8SoFI6X0t7LQA4AEAAlV7YdjtgxYhfAE0AaQBkADMANgAwAEhyBAAAABAAAAABAAAAAQAAAMUAAAA=</a:base64Binary><a:base64Binary>UEYAAAUAAAD//v8RlV7Ydi0AMQBAAJVe2HY7YMWIXwBNAGkAZAAzADYAMABIcgQAAAAQAAAAAQAAAAEAAAARAAAA</a:base64Binary><a:base64Binary>UEYAAAUAAAD//v8SoFI6X0t7LQAyAEAAlV7YdjtgxYhfAE0AaQBkADMANgAwAEhyBAAAABAAAAABAAAAAQAAAF8AAAA=</a:base64Binary><a:base64Binary>UEYAAAUAAAD//v8b3ZSLV1BnMwAwADMAMAAtADEAMwAwADAALQAxAEAAlV7YdjtgxYhfAE0AaQBkADMANgAwAEhyBAAAABAAAAABAAAAAQAAANQGAAA=</a:base64Binary><a:base64Binary>UEYAAAUAAAD//v8a3ZSLV1BnMwAwADMAMAAtADMAMAAwAC0AMwBAAJVe2HY7YMWIXwBNAGkAZAAzADYAMABIcgQAAAAQAAAAAQAAAAEAAADDBgAA</a:base64Binary><a:base64Binary>UEYAAAUAAAD//v8b3ZSLV1BnMwAwADMAMAAtADEAMwAwADAALQAyAEAAlV7YdjtgxYhfAE0AaQBkADMANgAwAEhyBAAAABAAAAABAAAAAQAAANUGAAA=</a:base64Binary><a:base64Binary>UEYAAAUAAAD//v8a3ZSLV1BnMwAwADMAMAAtADMAMAAwAC0AMQBAAJVe2HY7YMWIXwBNAGkAZAAzADYAMABIcgQAAAAQAAAAAQAAAAEAAACzBgAA</a:base64Binary><a:base64Binary>UEYAAAUAAAD//v8a3ZSLV1BnMwAwADMAMAAtADMAMAAwAC0AMgBAAJVe2HY7YMWIXwBNAGkAZAAzADYAMABIcgQAAAAQAAAAAQAAAAEAAAC0BgAA</a:base64Binary><a:base64Binary>UEYAAAUAAAD//v8ZjE5CXKdPYpcvZZFkf2cI/01SCf8tADIAQACVXth2O2DFiF8ATQBpAGQAMwA2ADAASHIEAAAAEAAAAAEAAAABAAAApAYAAA==</a:base64Binary><a:base64Binary>UEYAAAUAAAD//v8ZjE5CXKdPYpcvZZFkf2cI/01SCf8tADEAQACVXth2O2DFiF8ATQBpAGQAMwA2ADAASHIEAAAAEAAAAAEAAAABAAAAoAYAAA==</a:base64Binary><a:base64Binary>UEYAAAUAAAD//v8RfY9/Zy0AMQBAAJVe2HY7YMWIXwBNAGkAZAAzADYAMABIcgQAAAAQAAAAAQAAAAEAAABvBgAA</a:base64Binary><a:base64Binary>UEYAAAUAAAD//v8YT1xVXvpWmlt/Zwj/p09ilwn/LQAyAEAAlV7YdjtgxYhfAE0AaQBkADMANgAwAEhyBAAAABAAAAABAAAAAQAAAFgGAAA=</a:base64Binary><a:base64Binary>UEYAAAUAAAD//v8YT1xVXvpWmlt/Zwj/p09ilwn/LQAxAEAAlV7YdjtgxYhfAE0AaQBkADMANgAwAEhyBAAAABAAAAABAAAAAQAAAFcGAAA=</a:base64Binary><a:base64Binary>UEYAAAUAAAD//v8YT1xVXvpWmlt/Zwj/lV5ilwn/LQAxAEAAlV7YdjtgxYhfAE0AaQBkADMANgAwAEhyBAAAABAAAAABAAAAAQAAAFYGAAA=</a:base64Binary><a:base64Binary>UEYAAAUAAAD//v8SfY/Nka9zLQAxAEAAlV7YdjtgxYhfAE0AaQBkADMANgAwAEhyBAAAABAAAAABAAAAAQAAAMEDAAA=</a:base64Binary><a:base64Binary>UEYAAAUAAAD//v8WjE5CXKdPYpcvZZFkf2ctADcAQACVXth2O2DFiF8ATQBpAGQAMwA2ADAASHIEAAAAEAAAAAEAAAABAAAAoAMAAA==</a:base64Binary><a:base64Binary>UEYAAAUAAAD//v8WjE5CXKdPYpcvZZFkf2ctADQAQACVXth2O2DFiF8ATQBpAGQAMwA2ADAASHIEAAAAEAAAAAEAAAABAAAAjgMAAA==</a:base64Binary><a:base64Binary>UEYAAAUAAAD//v8VNXVgbNNOCP+nTwn/LQAxAEAAlV7YdjtgxYhfAE0AaQBkADMANgAwAEhyBAAAABAAAAABAAAAAQAAAF0CAAA=</a:base64Binary><a:base64Binary>UEYAAAUAAAD//v8VNXVgbNNOCP9NUgn/LQAxAEAAlV7YdjtgxYhfAE0AaQBkADMANgAwAEhyBAAAABAAAAABAAAAAQAAAHACAAA=</a:base64Binary><a:base64Binary>UEYAAAUAAAD//v8VNXVgbNNOCP+VXgn/LQAxAEAAlV7YdjtgxYhfAE0AaQBkADMANgAwAEhyBAAAABAAAAABAAAAAQAAAGwCAAA=</a:base64Binary><a:base64Binary>UEYAAAUAAAD//v8VNXVgbNNOCP+nTwn/LQAyAEAAlV7YdjtgxYhfAE0AaQBkADMANgAwAEhyBAAAABAAAAABAAAAAQAAAF4CAAA=</a:base64Binary><a:base64Binary>UEYAAAUAAAD//v8ToFI6X0t7LQAxADgAQACVXth2O2DFiF8ATQBpAGQAMwA2ADAASHIEAAAAEAAAAAEAAAABAAAAOQIAAA==</a:base64Binary><a:base64Binary>UEYAAAUAAAD//v8VNXVgbNNOCP8OVAn/LQAxAEAAlV7YdjtgxYhfAE0AaQBkADMANgAwAEhyBAAAABAAAAABAAAAAQAAAFwCAAA=</a:base64Binary><a:base64Binary>UEYAAAUAAAD//v8WjE5CXKdPYpcvZZFkf2ctADUAQACVXth2O2DFiF8ATQBpAGQAMwA2ADAASHIEAAAAEAAAAAEAAAABAAAAngMAAA==</a:base64Binary><a:base64Binary>UEYAAAUAAAD//v8WjE5CXKdPYpcvZZFkf2ctADEAQACVXth2O2DFiF8ATQBpAGQAMwA2ADAASHIEAAAAEAAAAAEAAAABAAAAhAMAAA==</a:base64Binary><a:base64Binary>UEYAAAUAAAD//v8WjE5CXKdPYpcvZZFkf2ctADYAQACVXth2O2DFiF8ATQBpAGQAMwA2ADAASHIEAAAAEAAAAAEAAAABAAAAnwMAAA==</a:base64Binary><a:base64Binary>UEYAAAUAAAD//v8W4GW/fkVRNXUhaldXMgAtADEAQACVXth2O2DFiF8ATQBpAGQAMwA2ADAASHIEAAAAEAAAAAEAAAABAAAA2AMAAA==</a:base64Binary><a:base64Binary>UEYAAAUAAAD//v8WjE5CXKdPYpcvZZFkf2ctADgAQACVXth2O2DFiF8ATQBpAGQAMwA2ADAASHIEAAAAEAAAAAEAAAABAAAAoQMAAA==</a:base64Binary><a:base64Binary>UEYAAAUAAAD//v8VNXVgbNNOCP9NUgn/LQAyAEAAlV7YdjtgxYhfAE0AaQBkADMANgAwAEhyBAAAABAAAAABAAAAAQAAAHQCAAA=</a:base64Binary><a:base64Binary>UEYAAAUAAAD//v8RT1xVXi0AMQBAAJVe2HY7YMWIXwBNAGkAZAAzADYAMABIcgQAAAAQAAAAAQAAAAEAAABVBgAA</a:base64Binary><a:base64Binary>UEYAAAUAAAD//v8a3ZSLV1BnMwAwADMAMAAtADMAMAAwAC0ANQBAAJVe2HY7YMWIXwBNAGkAZAAzADYAMABIcgQAAAAQAAAAAQAAAAEAAADNBwAA</a:base64Binary><a:base64Binary>UEYAAAUAAAD//v8hYWr2gM9RB5doVk0ANAAtADEAMgAgAEQAMQA1AC0ASAAxADAALQAyAEAAlV7YdjtgxYhfAE0AaQBkADMANgAwAEhyBAAAABAAAAABAAAAAQAAAJ0HAAA=</a:base64Binary><a:base64Binary>UEYAAAUAAAD//v8UAF9zUfpWmlt/Zy0AMQBAAJVe2HY7YMWIXwBNAGkAZAAzADYAMABIcgQAAAAQAAAAAQAAAAEAAACVBwAA</a:base64Binary><a:base64Binary>UEYAAAUAAAD//v8a3ZSLV1BnMwAwADMAMAAtADMAMAAwAC0ANABAAJVe2HY7YMWIXwBNAGkAZAAzADYAMABIcgQAAAAQAAAAAQAAAAEAAABcBwAA</a:base64Binary><a:base64Binary>UEYAAAUAAAD//v8a3ZSLV1BnMwAwADMAMAAtADMAMAAwAC0AOABAAJVe2HY7YMWIXwBNAGkAZAAzADYAMABIcgQAAAAQAAAAAQAAAAEAAAATCAAA</a:base64Binary><a:base64Binary>UEYAAAUAAAD//v8a3ZSLV1BnMwAwADMAMAAtADMAMAAwAC0ANgBAAJVe2HY7YMWIXwBNAGkAZAAzADYAMABIcgQAAAAQAAAAAQAAAAEAAADdBwAA</a:base64Binary><a:base64Binary>UEYAAAUAAAD//v8UT1xVXvpWmlt/Zy0AMgBAAJVe2HY7YMWIXwBNAGkAZAAzADYAMABIcgQAAAAQAAAAAQAAAAEAAAClBwAA</a:base64Binary><a:base64Binary>UEYAAAUAAAD//v8hYWr2gM9RB5doVk0ANAAtADEAMgAgAEQAMQA1AC0ASAAxADAALQAxAEAAlV7YdjtgxYhfAE0AaQBkADMANgAwAEhyBAAAABAAAAABAAAAAQAAAJwHAAA=</a:base64Binary><a:base64Binary>UEYAAAUAAAD//v8b3ZSLV1BnMwAwADMAMAAtADEAMAAwADAALQAxAEAAlV7YdjtgxYhfAE0AaQBkADMANgAwAEhyBAAAABAAAAABAAAAAQAAAMQHAAA=</a:base64Binary><a:base64Binary>UEYAAAUAAAD//v8UT1xVXvpWmlt/Zy0AMQBAAJVe2HY7YMWIXwBNAGkAZAAzADYAMABIcgQAAAAQAAAAAQAAAAEAAACkBwAA</a:base64Binary><a:base64Binary>UEYAAAUAAAD//v8a3ZSLV1BnMwAwADMAMAAtADMAMAAwAC0ANwBAAJVe2HY7YMWIXwBNAGkAZAAzADYAMABIcgQAAAAQAAAAAQAAAAEAAAAJCAAA</a:base64Binary><a:base64Binary>UEYAAAUAAAD//v8b3ZSLV1BnMwAwADMAMAAtADEAMAAwADAALQAyAEAAlV7YdjtgxYhfAE0AaQBkADMANgAwAEhyBAAAABAAAAABAAAAAQAAAMUHAAA=</a:base64Binary><a:base64Binary>UEYAAAUAAAD//v/Nbo/CazV1OmctADEAQACVXth2O2DFiF8ATQBpAGQAMwA2ADAASHIvAFoATABMAEcANgA1AEEAUwBNADIANQAwAC0ANAAwADkANgAgAFYAMgAuADAAVVP6UXSPLgBzAHQAcAAtADEAQABuj8JrNXU6Zy8ANgBfADUAQwAtAEIAWgBfAEEAUwBNAF8AQQBTAE0ALgBzAHQAcAAtADEAQABaAEwATABHADYANQBBAFMATQAyADUAMAAtADQAMAA5ADYAIABWADIALgAwAFVT+lF0jy4AcwB0AHAALwA2AF8ANQBDAFUATgAtAEMASQBfAEEAUwBNAF8AQQBTAE0ALgBzAHQAcAAtADEAQAA2AF8ANQBDAC0AQgBaAF8AQQBTAE0AXwBBAFMATQAuAHMAdABwAC8ATQBBAE4ASQBGAE8ATABEAF8AUwBPAEwASQBEAF8AQgBSAEUAUABfADYANgA5ADkALgBzAHQAcAAtADEAQAA2AF8ANQBDAFUATgAtAEMASQBfAEEAUwBNAF8AQQBTAE0ALgBzAHQAcAAEAAAAEAAAAAEAAAAFAAAARgAAABkAAAARAAAAEQAAABQAAAA=</a:base64Binary><a:base64Binary>UEYAAAUAAAD//v+Mbo/CazV1OmctADEAQACVXth2O2DFiF8ATQBpAGQAMwA2ADAASHIvAFoATABMAEcANgA1AEEAUwBNADIANQAwAC0ANAAwADkANgAgAFYAMgAuADAAVVP6UXSPLgBzAHQAcAAtADEAQABuj8JrNXU6Zy8ANQBHAC0AcwBoAHUAYQBuAGcALgAxAC4AcwB0AHAALQAxAEAAWgBMAEwARwA2ADUAQQBTAE0AMgA1ADAALQA0ADAAOQA2ACAAVgAyAC4AMABVU/pRdI8uAHMAdABwAC8ANQBHAC0AcwBoAHUAYQBuAGcAXwAxAC4AMQAuAHMAdABwAC0AMQBAADUARwAtAHMAaAB1AGEAbgBnAC4AMQAuAHMAdABwAAQAAAAQAAAAAQAAAAQAAABGAAAAGQAAABIAAAASAAAA</a:base64Binary><a:base64Binary>UEYAAAUAAAD//v9mbo/CazV1OmctADEAQACVXth2O2DFiF8ATQBpAGQAMwA2ADAASHIvAFoATABMAEcANgA1AEEAUwBNADIANQAwAC0ANAAwADkANgAgAFYAMgAuADAAVVP6UXSPLgBzAHQAcAAtADEAQABuj8JrNXU6Zy8A9pb2TjEALgAxAC4AMgAuADEALgBzAHQAcAAtADEAQABaAEwATABHADYANQBBAFMATQAyADUAMAAtADQAMAA5ADYAIABWADIALgAwAFVT+lF0jy4AcwB0AHAABAAAABAAAAABAAAAAwAAAEYAAAAZAAAAEwAAAA==</a:base64Binary><a:base64Binary>UEYAAAUAAAD//v9kbo/CazV1OmctADEAQACVXth2O2DFiF8ATQBpAGQAMwA2ADAASHIvAFoATABMAEcANgA1AEEAUwBNADIANQAwAC0ANAAwADkANgAgAFYAMgAuADAAVVP6UXSPLgBzAHQAcAAtADEAQABuj8JrNXU6Zy8AUABhAHIAdAAxAC4AMgAuAHMAdABwAC0AMQBAAFoATABMAEcANgA1AEEAUwBNADIANQAwAC0ANAAwADkANgAgAFYAMgAuADAAVVP6UXSPLgBzAHQAcAAEAAAAEAAAAAEAAAADAAAARgAAABkAAAAUAAAA</a:base64Binary><a:base64Binary>UEYAAAUAAAD//v+Gbo/CazV1OmctADEAQACVXth2O2DFiF8ATQBpAGQAMwA2ADAASHIvAFoATABMAEcANgA1AEEAUwBNADIANQAwAC0ANAAwADkANgAgAFYAMgAuADAAVVP6UXSPLgBzAHQAcAAtADEAQABuj8JrNXU6Zy8ANQBHAC0AcwBoAHUAYQBuAGcALgAxAC4AcwB0AHAALQAxAEAAWgBMAEwARwA2ADUAQQBTAE0AMgA1ADAALQA0ADAAOQA2ACAAVgAyAC4AMABVU/pRdI8uAHMAdABwAC8A9pb2TjEALgAxAC4AMgAuAHMAdABwAC0AMQBAADUARwAtAHMAaAB1AGEAbgBnAC4AMQAuAHMAdABwAAQAAAAQAAAAAQAAAAQAAABGAAAAGQAAABIAAAATAAAA</a:base64Binary><a:base64Binary>UEYAAAUAAAD//v+Hbo/CazV1OmctADEAQACVXth2O2DFiF8ATQBpAGQAMwA2ADAASHIvAFoATABMAEcANgA1AEEAUwBNADIANQAwAC0ANAAwADkANgAgAFYAMgAuADAAVVP6UXSPLgBzAHQAcAAtADEAQABuj8JrNXU6Zy8ANQBHAC0AcwBoAHUAYQBuAGcALgAxAC4AcwB0AHAALQAxAEAAWgBMAEwARwA2ADUAQQBTAE0AMgA1ADAALQA0ADAAOQA2ACAAVgAyAC4AMABVU/pRdI8uAHMAdABwAC8ANQBjAHUAbgAtADEALgAxAC4AcwB0AHAALQAxAEAANQBHAC0AcwBoAHUAYQBuAGcALgAxAC4AcwB0AHAABAAAABAAAAABAAAABAAAAEYAAAAZAAAAEgAAABEAAAA=</a:base64Binary><a:base64Binary>UEYAAAUAAAD//v/Nbo/CazV1OmctADIAQACVXth2O2DFiF8ATQBpAGQAMwA2ADAASHIvAFoATABMAEcANgA1AEEAUwBNADIANQAwAC0ANAAwADkANgAgAFYAMgAuADAAVVP6UXSPLgBzAHQAcAAtADEAQABuj8JrNXU6Zy8ANgBfADUAQwAtAEIAWgBfAEEAUwBNAF8AQQBTAE0ALgBzAHQAcAAtADEAQABaAEwATABHADYANQBBAFMATQAyADUAMAAtADQAMAA5ADYAIABWADIALgAwAFVT+lF0jy4AcwB0AHAALwA2AF8ANQBDAFUATgAtAEMASQBfAEEAUwBNAF8AQQBTAE0ALgBzAHQAcAAtADEAQAA2AF8ANQBDAC0AQgBaAF8AQQBTAE0AXwBBAFMATQAuAHMAdABwAC8ATQBBAE4ASQBGAE8ATABEAF8AUwBPAEwASQBEAF8AQgBSAEUAUABfADYANgA5ADkALgBzAHQAcAAtADEAQAA2AF8ANQBDAFUATgAtAEMASQBfAEEAUwBNAF8AQQBTAE0ALgBzAHQAcAAEAAAAEAAAAAEAAAAFAAAARwAAABkAAAARAAAAEQAAABQAAAA=</a:base64Binary><a:base64Binary>UEYAAAUAAAD//v+Mbo/CazV1OmctADIAQACVXth2O2DFiF8ATQBpAGQAMwA2ADAASHIvAFoATABMAEcANgA1AEEAUwBNADIANQAwAC0ANAAwADkANgAgAFYAMgAuADAAVVP6UXSPLgBzAHQAcAAtADEAQABuj8JrNXU6Zy8ANQBHAC0AcwBoAHUAYQBuAGcALgAxAC4AcwB0AHAALQAxAEAAWgBMAEwARwA2ADUAQQBTAE0AMgA1ADAALQA0ADAAOQA2ACAAVgAyAC4AMABVU/pRdI8uAHMAdABwAC8ANQBHAC0AcwBoAHUAYQBuAGcAXwAxAC4AMQAuAHMAdABwAC0AMQBAADUARwAtAHMAaAB1AGEAbgBnAC4AMQAuAHMAdABwAAQAAAAQAAAAAQAAAAQAAABHAAAAGQAAABIAAAASAAAA</a:base64Binary><a:base64Binary>UEYAAAUAAAD//v+Gbo/CazV1OmctADIAQACVXth2O2DFiF8ATQBpAGQAMwA2ADAASHIvAFoATABMAEcANgA1AEEAUwBNADIANQAwAC0ANAAwADkANgAgAFYAMgAuADAAVVP6UXSPLgBzAHQAcAAtADEAQABuj8JrNXU6Zy8ANQBHAC0AcwBoAHUAYQBuAGcALgAxAC4AcwB0AHAALQAxAEAAWgBMAEwARwA2ADUAQQBTAE0AMgA1ADAALQA0ADAAOQA2ACAAVgAyAC4AMABVU/pRdI8uAHMAdABwAC8A9pb2TjEALgAxAC4AMgAuAHMAdABwAC0AMQBAADUARwAtAHMAaAB1AGEAbgBnAC4AMQAuAHMAdABwAAQAAAAQAAAAAQAAAAQAAABHAAAAGQAAABIAAAATAAAA</a:base64Binary><a:base64Binary>UEYAAAUAAAD//v+Hbo/CazV1OmctADIAQACVXth2O2DFiF8ATQBpAGQAMwA2ADAASHIvAFoATABMAEcANgA1AEEAUwBNADIANQAwAC0ANAAwADkANgAgAFYAMgAuADAAVVP6UXSPLgBzAHQAcAAtADEAQABuj8JrNXU6Zy8ANQBHAC0AcwBoAHUAYQBuAGcALgAxAC4AcwB0AHAALQAxAEAAWgBMAEwARwA2ADUAQQBTAE0AMgA1ADAALQA0ADAAOQA2ACAAVgAyAC4AMABVU/pRdI8uAHMAdABwAC8ANQBjAHUAbgAtADEALgAxAC4AcwB0AHAALQAxAEAANQBHAC0AcwBoAHUAYQBuAGcALgAxAC4AcwB0AHAABAAAABAAAAABAAAABAAAAEcAAAAZAAAAEgAAABEAAAA=</a:base64Binary><a:base64Binary>UEYAAAUAAAD//v9mbo/CazV1OmctADIAQACVXth2O2DFiF8ATQBpAGQAMwA2ADAASHIvAFoATABMAEcANgA1AEEAUwBNADIANQAwAC0ANAAwADkANgAgAFYAMgAuADAAVVP6UXSPLgBzAHQAcAAtADEAQABuj8JrNXU6Zy8A9pb2TjEALgAxAC4AMgAuADEALgBzAHQAcAAtADEAQABaAEwATABHADYANQBBAFMATQAyADUAMAAtADQAMAA5ADYAIABWADIALgAwAFVT+lF0jy4AcwB0AHAABAAAABAAAAABAAAAAwAAAEcAAAAZAAAAEwAAAA==</a:base64Binary><a:base64Binary>UEYAAAUAAAD//v9kbo/CazV1OmctADIAQACVXth2O2DFiF8ATQBpAGQAMwA2ADAASHIvAFoATABMAEcANgA1AEEAUwBNADIANQAwAC0ANAAwADkANgAgAFYAMgAuADAAVVP6UXSPLgBzAHQAcAAtADEAQABuj8JrNXU6Zy8AUABhAHIAdAAxAC4AMgAuAHMAdABwAC0AMQBAAFoATABMAEcANgA1AEEAUwBNADIANQAwAC0ANAAwADkANgAgAFYAMgAuADAAVVP6UXSPLgBzAHQAcAAEAAAAEAAAAAEAAAADAAAARwAAABkAAAAUAAAA</a:base64Binary><a:base64Binary>UEYAAAUAAAD//v8zRQAtAEMATABIAEoANwA1AC0ATgAtADIAQACVXth2O2DFiF8ATQBpAGQAMwA2ADAASHIvAEUALQBDAEwASABKADcANQAtAE4AXwBwAC0AMQBAAEUALQBDAEwASABKADcANQAtAE4ABAAAABAAAAABAAAAAgAAAEUIAAAWAAAA</a:base64Binary><a:base64Binary>UEYAAAUAAAD//v8zRQAtAEMATABIAEoANwA1AC0ATgAtADEAQACVXth2O2DFiF8ATQBpAGQAMwA2ADAASHIvAEUALQBDAEwASABKADcANQAtAE4AXwBwAC0AMQBAAEUALQBDAEwASABKADcANQAtAE4ABAAAABAAAAABAAAAAgAAACkIAAAWAAAA</a:base64Binary><a:base64Binary>UEYAAAUAAAD//v8YTQBpAGQAMwA2ADAA+laaW6deLQAxAEAAlV7YdjtgxYhfAE0AaQBkADMANgAwAEhyBAAAABAAAAABAAAAAQAAAIgIAAA=</a:base64Binary></SWComponentPIDs><SWMainComponentPID i:nil="true"/><Visual z:Ref="i16"/><isFixedFrame>false</isFixedFrame><isIncomplete>false</isIncomplete></Link>
2025-09-10 08:50:12,086 INFO  AssemblyExportForm.cs: 309 - Saving URDF package to C:\Users\hj\Desktop\buaahz_car_urdf_mid360
2025-09-10 08:50:12,088 INFO  ExportHelper.cs: 147 - Beginning the export process
2025-09-10 08:50:12,089 INFO  ExportHelper.cs: 153 - Creating package directories with name buaahz_car_urdf_mid360 and save path C:\Users\hj\Desktop
2025-09-10 08:50:13,534 INFO  ExportHelper.cs: 162 - Creating CMakeLists.txt at C:\Users\hj\Desktop\buaahz_car_urdf_mid360\CMakeLists.txt
2025-09-10 08:50:13,534 INFO  ExportHelper.cs: 166 - Creating joint names config at C:\Users\hj\Desktop\buaahz_car_urdf_mid360\config\joint_names_buaahz_car_urdf_mid360.yaml
2025-09-10 08:50:13,535 INFO  ExportHelper.cs: 170 - Creating package.xml at C:\Users\hj\Desktop\buaahz_car_urdf_mid360\package.xml
2025-09-10 08:50:13,536 INFO  PackageXMLWriter.cs: 21 - Creating package.xml at C:\Users\hj\Desktop\buaahz_car_urdf_mid360\package.xml
2025-09-10 08:50:13,538 INFO  ExportHelper.cs: 177 - Creating RVIZ launch file in C:\Users\hj\Desktop\buaahz_car_urdf_mid360\launch\
2025-09-10 08:50:13,539 INFO  ExportHelper.cs: 182 - Creating Gazebo launch file in C:\Users\hj\Desktop\buaahz_car_urdf_mid360\launch\
2025-09-10 08:50:13,539 INFO  ExportHelper.cs: 187 - Saving existing STL preferences
2025-09-10 08:50:13,540 INFO  ExportHelper.cs: 450 - Saving users preferences
2025-09-10 08:50:13,540 INFO  ExportHelper.cs: 190 - Modifying STL preferences
2025-09-10 08:50:13,541 INFO  ExportHelper.cs: 464 - Setting STL preferences
2025-09-10 08:50:13,545 INFO  ExportHelper.cs: 196 - Found 23 hidden components Íâ¿Ç£¨ºó£©1-1, Íâ¿ÇÁ¬½Ó¼ÓÇ¿¼þ-2, Íâ¿ÇÁ¬½Ó¼ÓÇ¿¼þ-4, MIIVII EVO ONX_V2.0.01-1, ·öÊÖ-1, À×´ï_À×ÉñN10-1, Íâ¿Ç£¨²à£©2-1, Íâ¿Ç£¨Ç°£©1-1, Íâ¿Ç£¨²à£©1-1, ·öÊÖ-2, Íâ¿ÇÁ¬½Ó¼ÓÇ¿¼þ-1, Íâ¿ÇÁ¬½Ó¼ÓÇ¿¼þ-3, Íâ¿ÇÁ¬½Ó¼ÓÇ¿¼þ-7, Íâ¿ÇÁ¬½Ó¼ÓÇ¿¼þ-5, Íâ¿ÇÁ¬½Ó¼ÓÇ¿¼þ-10, Íâ¿ÇÁ¬½Ó¼ÓÇ¿¼þ-11, Íâ¿ÇÁ¬½Ó¼ÓÇ¿¼þ-6, Íâ¿ÇÁ¬½Ó¼ÓÇ¿¼þ-9, Íâ¿ÇÁ¬½Ó¼ÓÇ¿¼þ-12, µÆÌõ¹Ì¶¨¼þ1-1, Íâ¿ÇÁ¬½Ó¼ÓÇ¿¼þ-8, ³äµç×®×Ü×°-1, ³äµç×®×Ü×°-1/ºó¸Ç-1
2025-09-10 08:50:13,545 INFO  ExportHelper.cs: 197 - Hiding all components
2025-09-10 08:50:14,266 INFO  ExportHelper.cs: 204 - Beginning individual files export
2025-09-10 08:50:14,270 INFO  ExportHelper.cs: 270 - Exporting link: base_link
2025-09-10 08:50:14,270 INFO  ExportHelper.cs: 272 - Link base_link has 14 children
2025-09-10 08:50:14,271 INFO  ExportHelper.cs: 270 - Exporting link: left_wheel_Link
2025-09-10 08:50:14,272 INFO  ExportHelper.cs: 272 - Link left_wheel_Link has 0 children
2025-09-10 08:50:14,272 INFO  ExportHelper.cs: 317 - left_wheel_Link: Exporting STL with coordinate frame ×óÇý¶¯ÂÖ×ø±êÏµ
2025-09-10 08:50:14,272 INFO  ExportHelper.cs: 322 - left_wheel_Link: Reference geometry name 
2025-09-10 08:50:14,822 INFO  ExportHelper.cs: 330 - Saving STL to C:\Users\hj\Desktop\buaahz_car_urdf_mid360\meshes\left_wheel_Link.STL
2025-09-10 08:50:15,363 INFO  ExportHelper.cs: 405 - Removing SW header in STL file
2025-09-10 08:50:15,365 INFO  ExportHelper.cs: 270 - Exporting link: right_wheel_Link
2025-09-10 08:50:15,366 INFO  ExportHelper.cs: 272 - Link right_wheel_Link has 0 children
2025-09-10 08:50:15,366 INFO  ExportHelper.cs: 317 - right_wheel_Link: Exporting STL with coordinate frame ÓÒÇý¶¯ÂÖ×ø±êÏµ
2025-09-10 08:50:15,366 INFO  ExportHelper.cs: 322 - right_wheel_Link: Reference geometry name 
2025-09-10 08:50:15,893 INFO  ExportHelper.cs: 330 - Saving STL to C:\Users\hj\Desktop\buaahz_car_urdf_mid360\meshes\right_wheel_Link.STL
2025-09-10 08:50:16,383 INFO  ExportHelper.cs: 405 - Removing SW header in STL file
2025-09-10 08:50:16,385 INFO  ExportHelper.cs: 270 - Exporting link: lf_Link
2025-09-10 08:50:16,385 INFO  ExportHelper.cs: 272 - Link lf_Link has 1 children
2025-09-10 08:50:16,386 INFO  ExportHelper.cs: 270 - Exporting link: lf_wheel_Link
2025-09-10 08:50:16,386 INFO  ExportHelper.cs: 272 - Link lf_wheel_Link has 0 children
2025-09-10 08:50:16,386 INFO  ExportHelper.cs: 317 - lf_wheel_Link: Exporting STL with coordinate frame ×óÍòÏòÂÖ×ø±êÏµ3
2025-09-10 08:50:16,386 INFO  ExportHelper.cs: 322 - lf_wheel_Link: Reference geometry name 
2025-09-10 08:50:16,790 INFO  ExportHelper.cs: 330 - Saving STL to C:\Users\hj\Desktop\buaahz_car_urdf_mid360\meshes\lf_wheel_Link.STL
2025-09-10 08:50:17,228 INFO  ExportHelper.cs: 405 - Removing SW header in STL file
2025-09-10 08:50:17,229 INFO  ExportHelper.cs: 317 - lf_Link: Exporting STL with coordinate frame ×óÍòÉÏ×ø±êÏµ5
2025-09-10 08:50:17,229 INFO  ExportHelper.cs: 322 - lf_Link: Reference geometry name 
2025-09-10 08:50:17,617 INFO  ExportHelper.cs: 330 - Saving STL to C:\Users\hj\Desktop\buaahz_car_urdf_mid360\meshes\lf_Link.STL
2025-09-10 08:50:18,084 INFO  ExportHelper.cs: 405 - Removing SW header in STL file
2025-09-10 08:50:18,085 INFO  ExportHelper.cs: 270 - Exporting link: rf_Link
2025-09-10 08:50:18,085 INFO  ExportHelper.cs: 272 - Link rf_Link has 1 children
2025-09-10 08:50:18,086 INFO  ExportHelper.cs: 270 - Exporting link: rf_wheel_Link
2025-09-10 08:50:18,086 INFO  ExportHelper.cs: 272 - Link rf_wheel_Link has 0 children
2025-09-10 08:50:18,086 INFO  ExportHelper.cs: 317 - rf_wheel_Link: Exporting STL with coordinate frame ÓÒÍòÏòÂÖ×ø±êÏµ4
2025-09-10 08:50:18,086 INFO  ExportHelper.cs: 322 - rf_wheel_Link: Reference geometry name 
2025-09-10 08:50:18,523 INFO  ExportHelper.cs: 330 - Saving STL to C:\Users\hj\Desktop\buaahz_car_urdf_mid360\meshes\rf_wheel_Link.STL
2025-09-10 08:50:18,987 INFO  ExportHelper.cs: 405 - Removing SW header in STL file
2025-09-10 08:50:18,988 INFO  ExportHelper.cs: 317 - rf_Link: Exporting STL with coordinate frame ÓÒÍòÉÏ×ø±êÏµ6
2025-09-10 08:50:18,988 INFO  ExportHelper.cs: 322 - rf_Link: Reference geometry name 
2025-09-10 08:50:19,373 INFO  ExportHelper.cs: 330 - Saving STL to C:\Users\hj\Desktop\buaahz_car_urdf_mid360\meshes\rf_Link.STL
2025-09-10 08:50:19,826 INFO  ExportHelper.cs: 405 - Removing SW header in STL file
2025-09-10 08:50:19,827 INFO  ExportHelper.cs: 270 - Exporting link: lidar_link
2025-09-10 08:50:19,827 INFO  ExportHelper.cs: 272 - Link lidar_link has 0 children
2025-09-10 08:50:19,827 INFO  ExportHelper.cs: 317 - lidar_link: Exporting STL with coordinate frame ¼¤¹âÀ×´ï×ø±êÏµ
2025-09-10 08:50:19,827 INFO  ExportHelper.cs: 322 - lidar_link: Reference geometry name 
2025-09-10 08:50:20,250 INFO  ExportHelper.cs: 330 - Saving STL to C:\Users\hj\Desktop\buaahz_car_urdf_mid360\meshes\lidar_link.STL
2025-09-10 08:50:21,633 INFO  ExportHelper.cs: 405 - Removing SW header in STL file
2025-09-10 08:50:21,636 INFO  ExportHelper.cs: 270 - Exporting link: gyro_link
2025-09-10 08:50:21,636 INFO  ExportHelper.cs: 272 - Link gyro_link has 0 children
2025-09-10 08:50:21,636 INFO  ExportHelper.cs: 317 - gyro_link: Exporting STL with coordinate frame imu×ø±êÏµ1
2025-09-10 08:50:21,636 INFO  ExportHelper.cs: 322 - gyro_link: Reference geometry name 
2025-09-10 08:50:22,095 INFO  ExportHelper.cs: 330 - Saving STL to C:\Users\hj\Desktop\buaahz_car_urdf_mid360\meshes\gyro_link.STL
2025-09-10 08:50:22,636 INFO  ExportHelper.cs: 405 - Removing SW header in STL file
2025-09-10 08:50:22,638 INFO  ExportHelper.cs: 270 - Exporting link: ultrasound_link1
2025-09-10 08:50:22,638 INFO  ExportHelper.cs: 272 - Link ultrasound_link1 has 0 children
2025-09-10 08:50:22,638 INFO  ExportHelper.cs: 317 - ultrasound_link1: Exporting STL with coordinate frame Ì½Í·×ø±êÏµ1
2025-09-10 08:50:22,638 INFO  ExportHelper.cs: 322 - ultrasound_link1: Reference geometry name 
2025-09-10 08:50:23,039 INFO  ExportHelper.cs: 330 - Saving STL to C:\Users\hj\Desktop\buaahz_car_urdf_mid360\meshes\ultrasound_link1.STL
2025-09-10 08:50:23,482 INFO  ExportHelper.cs: 405 - Removing SW header in STL file
2025-09-10 08:50:23,483 INFO  ExportHelper.cs: 270 - Exporting link: ultrasound_link2
2025-09-10 08:50:23,483 INFO  ExportHelper.cs: 272 - Link ultrasound_link2 has 0 children
2025-09-10 08:50:23,483 INFO  ExportHelper.cs: 317 - ultrasound_link2: Exporting STL with coordinate frame Ì½Í·×ø±êÏµ2
2025-09-10 08:50:23,484 INFO  ExportHelper.cs: 322 - ultrasound_link2: Reference geometry name 
2025-09-10 08:50:23,867 INFO  ExportHelper.cs: 330 - Saving STL to C:\Users\hj\Desktop\buaahz_car_urdf_mid360\meshes\ultrasound_link2.STL
2025-09-10 08:50:24,295 INFO  ExportHelper.cs: 405 - Removing SW header in STL file
2025-09-10 08:50:24,296 INFO  ExportHelper.cs: 270 - Exporting link: ultrasound_link3
2025-09-10 08:50:24,297 INFO  ExportHelper.cs: 272 - Link ultrasound_link3 has 0 children
2025-09-10 08:50:24,297 INFO  ExportHelper.cs: 317 - ultrasound_link3: Exporting STL with coordinate frame Ì½Í·×ø±êÏµ3
2025-09-10 08:50:24,297 INFO  ExportHelper.cs: 322 - ultrasound_link3: Reference geometry name 
2025-09-10 08:50:24,681 INFO  ExportHelper.cs: 330 - Saving STL to C:\Users\hj\Desktop\buaahz_car_urdf_mid360\meshes\ultrasound_link3.STL
2025-09-10 08:50:25,100 INFO  ExportHelper.cs: 405 - Removing SW header in STL file
2025-09-10 08:50:25,102 INFO  ExportHelper.cs: 270 - Exporting link: ultrasound_link4
2025-09-10 08:50:25,103 INFO  ExportHelper.cs: 272 - Link ultrasound_link4 has 0 children
2025-09-10 08:50:25,103 INFO  ExportHelper.cs: 317 - ultrasound_link4: Exporting STL with coordinate frame Ì½Í·×ø±êÏµ4
2025-09-10 08:50:25,103 INFO  ExportHelper.cs: 322 - ultrasound_link4: Reference geometry name 
2025-09-10 08:50:25,497 INFO  ExportHelper.cs: 330 - Saving STL to C:\Users\hj\Desktop\buaahz_car_urdf_mid360\meshes\ultrasound_link4.STL
2025-09-10 08:50:25,915 INFO  ExportHelper.cs: 405 - Removing SW header in STL file
2025-09-10 08:50:25,917 INFO  ExportHelper.cs: 270 - Exporting link: ultrasound_link5
2025-09-10 08:50:25,917 INFO  ExportHelper.cs: 272 - Link ultrasound_link5 has 0 children
2025-09-10 08:50:25,917 INFO  ExportHelper.cs: 317 - ultrasound_link5: Exporting STL with coordinate frame Ì½Í·×ø±êÏµ5
2025-09-10 08:50:25,917 INFO  ExportHelper.cs: 322 - ultrasound_link5: Reference geometry name 
2025-09-10 08:50:26,325 INFO  ExportHelper.cs: 330 - Saving STL to C:\Users\hj\Desktop\buaahz_car_urdf_mid360\meshes\ultrasound_link5.STL
2025-09-10 08:50:26,760 INFO  ExportHelper.cs: 405 - Removing SW header in STL file
2025-09-10 08:50:26,762 INFO  ExportHelper.cs: 270 - Exporting link: ultrasound_link6
2025-09-10 08:50:26,762 INFO  ExportHelper.cs: 272 - Link ultrasound_link6 has 0 children
2025-09-10 08:50:26,762 INFO  ExportHelper.cs: 317 - ultrasound_link6: Exporting STL with coordinate frame Ì½Í·×ø±êÏµ6
2025-09-10 08:50:26,763 INFO  ExportHelper.cs: 322 - ultrasound_link6: Reference geometry name 
2025-09-10 08:50:27,156 INFO  ExportHelper.cs: 330 - Saving STL to C:\Users\hj\Desktop\buaahz_car_urdf_mid360\meshes\ultrasound_link6.STL
2025-09-10 08:50:27,578 INFO  ExportHelper.cs: 405 - Removing SW header in STL file
2025-09-10 08:50:27,580 INFO  ExportHelper.cs: 270 - Exporting link: ultrasound_link7
2025-09-10 08:50:27,580 INFO  ExportHelper.cs: 272 - Link ultrasound_link7 has 0 children
2025-09-10 08:50:27,580 INFO  ExportHelper.cs: 317 - ultrasound_link7: Exporting STL with coordinate frame Ì½Í·×ø±êÏµ7
2025-09-10 08:50:27,581 INFO  ExportHelper.cs: 322 - ultrasound_link7: Reference geometry name 
2025-09-10 08:50:27,983 INFO  ExportHelper.cs: 330 - Saving STL to C:\Users\hj\Desktop\buaahz_car_urdf_mid360\meshes\ultrasound_link7.STL
2025-09-10 08:50:28,411 INFO  ExportHelper.cs: 405 - Removing SW header in STL file
2025-09-10 08:50:28,412 INFO  ExportHelper.cs: 270 - Exporting link: ultrasound_link8
2025-09-10 08:50:28,413 INFO  ExportHelper.cs: 272 - Link ultrasound_link8 has 0 children
2025-09-10 08:50:28,413 INFO  ExportHelper.cs: 317 - ultrasound_link8: Exporting STL with coordinate frame Origin_ultrasound_joint8
2025-09-10 08:50:28,413 INFO  ExportHelper.cs: 322 - ultrasound_link8: Reference geometry name 
2025-09-10 08:50:28,799 INFO  ExportHelper.cs: 330 - Saving STL to C:\Users\hj\Desktop\buaahz_car_urdf_mid360\meshes\ultrasound_link8.STL
2025-09-10 08:50:29,233 INFO  ExportHelper.cs: 405 - Removing SW header in STL file
2025-09-10 08:50:29,234 INFO  ExportHelper.cs: 317 - base_link: Exporting STL with coordinate frame Origin_global
2025-09-10 08:50:29,234 INFO  ExportHelper.cs: 322 - base_link: Reference geometry name 
2025-09-10 08:50:30,498 INFO  ExportHelper.cs: 330 - Saving STL to C:\Users\hj\Desktop\buaahz_car_urdf_mid360\meshes\base_link.STL
2025-09-10 08:50:36,510 INFO  ExportHelper.cs: 405 - Removing SW header in STL file
2025-09-10 08:50:36,511 INFO  ExportHelper.cs: 145 - Showing all components except previously hidden components
2025-09-10 08:50:40,575 INFO  ExportHelper.cs: 145 - Resetting STL preferences
2025-09-10 08:50:40,576 INFO  ExportHelper.cs: 478 - Returning STL preferences to user preferences
2025-09-10 08:50:40,576 INFO  ExportHelper.cs: 228 - Writing URDF file to C:\Users\hj\Desktop\buaahz_car_urdf_mid360\urdf\buaahz_car_urdf_mid360.urdf
2025-09-10 08:50:40,632 INFO  CSVImportExport.cs: 32 - Writing CSV file C:\Users\hj\Desktop\buaahz_car_urdf_mid360\urdf\buaahz_car_urdf_mid360.csv
2025-09-10 08:50:40,645 ERROR CSVImportExport.cs: 130 - The following columns were not written to the CSV: Link.Joint.ChildLink.link,
2025-09-10 08:50:40,646 ERROR CSVImportExport.cs: 130 - The following columns were not written to the CSV: Link.Joint.ChildLink.link,
2025-09-10 08:50:40,646 ERROR CSVImportExport.cs: 130 - The following columns were not written to the CSV: Link.Joint.ChildLink.link,
2025-09-10 08:50:40,646 ERROR CSVImportExport.cs: 130 - The following columns were not written to the CSV: Link.Joint.ChildLink.link,
2025-09-10 08:50:40,647 ERROR CSVImportExport.cs: 130 - The following columns were not written to the CSV: Link.Joint.ChildLink.link,
2025-09-10 08:50:40,647 ERROR CSVImportExport.cs: 130 - The following columns were not written to the CSV: Link.Joint.ChildLink.link,
2025-09-10 08:50:40,647 ERROR CSVImportExport.cs: 130 - The following columns were not written to the CSV: Link.Joint.ChildLink.link,
2025-09-10 08:50:40,647 ERROR CSVImportExport.cs: 130 - The following columns were not written to the CSV: Link.Joint.ChildLink.link,
2025-09-10 08:50:40,648 ERROR CSVImportExport.cs: 130 - The following columns were not written to the CSV: Link.Joint.ChildLink.link,
2025-09-10 08:50:40,648 ERROR CSVImportExport.cs: 130 - The following columns were not written to the CSV: Link.Joint.ChildLink.link,
2025-09-10 08:50:40,648 ERROR CSVImportExport.cs: 130 - The following columns were not written to the CSV: Link.Joint.ChildLink.link,
2025-09-10 08:50:40,648 ERROR CSVImportExport.cs: 130 - The following columns were not written to the CSV: Link.Joint.ChildLink.link,
2025-09-10 08:50:40,648 ERROR CSVImportExport.cs: 130 - The following columns were not written to the CSV: Link.Joint.ChildLink.link,
2025-09-10 08:50:40,649 ERROR CSVImportExport.cs: 130 - The following columns were not written to the CSV: Link.Joint.ChildLink.link,
2025-09-10 08:50:40,649 ERROR CSVImportExport.cs: 130 - The following columns were not written to the CSV: Link.Joint.ChildLink.link,
2025-09-10 08:50:40,650 ERROR CSVImportExport.cs: 130 - The following columns were not written to the CSV: Link.Joint.ChildLink.link,
2025-09-10 08:50:40,651 ERROR CSVImportExport.cs: 130 - The following columns were not written to the CSV: Link.Joint.ChildLink.link,
2025-09-10 08:50:40,651 INFO  ExportHelper.cs: 234 - Copying log file
2025-09-10 08:50:40,653 INFO  ExportHelper.cs: 439 - Copying C:\Users\hj\sw2urdf_logs\sw2urdf.log to C:\Users\hj\Desktop\buaahz_car_urdf_mid360\export.log
